,GameID,Date,Venue,Home Team,Home Rank,Home Points,Away Team,Away Rank,Away Points,Winner
0,2025-11-03-Lehigh-vs-Houston-m,2025-11-03,"Hofheinz Pavilion, Houston, Texas",Houston, 2 ,75,Lehigh,NR,57,Houston
1,2025-11-03-Arizona-vs-Florida-m,2025-11-03,"T-Mobile Arena, Las Vegas, Nevada",Florida, 3 ,87,Arizona, 13 ,93,Arizona
2,2025-11-03-New Haven-vs-UConn-m,2025-11-03,"Harry A. Gampel Pavilion, Storrs, Connecticut",UConn, 4 ,79,New Haven,NR,55,UConn
3,2025-11-03-Quinnipiac-vs-St. John's (NY)-m,2025-11-03,"Carnesecca Arena, Jamaica, New York",St. John's (NY), 5 ,108,Quinnipiac,NR,74,St. John's (NY)
4,2025-11-03-Oakland-vs-Michigan-m,2025-11-03,"Crisler Arena, Ann Arbor, Michigan",Michigan, 7 ,121,Oakland,NR,78,Michigan
5,2025-11-03-Villanova-vs-BYU-m,2025-11-03,"T-Mobile Arena, Las Vegas, Nevada",BYU, 8 ,71,Villanova,NR,66,BYU
6,2025-11-03-South Carolina State-vs-Louisville-m,2025-11-03,"KFC Yum! Center, Louisville, Kentucky",Louisville, 11 ,104,South Carolina State,NR,45,Louisville
7,2025-11-03-Eastern Washington-vs-UCLA-m,2025-11-03,"Pauley Pavilion, Los Angeles, California",UCLA, 12 ,80,Eastern Washington,NR,74,UCLA
8,2025-11-03-Southern-vs-Arkansas-m,2025-11-03,"Bud Walton Arena, Fayetteville, Arkansas",Arkansas, 14 ,109,Southern,NR,77,Arkansas
9,2025-11-03-North Dakota-vs-Alabama-m,2025-11-03,"Coleman Coliseum , Tuscaloosa, Alabama",Alabama, 15 ,91,North Dakota,NR,62,Alabama
10,2025-11-03-FDU-vs-Iowa State-m,2025-11-03,"James H. Hilton Coliseum , Ames, Iowa",Iowa State, 16 ,88,FDU,NR,50,Iowa State
11,2025-11-03-Jackson State-vs-Illinois-m,2025-11-03,"State Farm Center, Champaign, Illinois",Illinois, 17 ,113,Jackson State,NR,55,Illinois
12,2025-11-03-Mercer-vs-Tennessee-m,2025-11-03,"Thompson-Boling Arena, Knoxville, Tennessee",Tennessee, 18 ,76,Mercer,NR,61,Tennessee
13,2025-11-03-Green Bay-vs-Kansas-m,2025-11-03,"Allen Fieldhouse, Lawrence, Kansas",Kansas, 19 ,94,Green Bay,NR,51,Kansas
14,2025-11-03-Bethune-Cookman-vs-Auburn-m,2025-11-03,"Auburn Arena, Auburn, Alabama",Auburn, 20 ,95,Bethune-Cookman,NR,90,Auburn
15,2025-11-03-Texas Southern-vs-Gonzaga-m,2025-11-03,"McCarthey Athletic Center, Spokane, Washington",Gonzaga, 21 ,98,Texas Southern,NR,43,Gonzaga
16,2025-11-03-Colgate-vs-Michigan State-m,2025-11-03,"Breslin Events Center, East Lansing, Michigan",Michigan State, 22 ,80,Colgate,NR,69,Michigan State
17,2025-11-03-Campbell-vs-Wisconsin-m,2025-11-03,"Kohl Center, Madison, Wisconsin",Wisconsin, 24 ,96,Campbell,NR,64,Wisconsin
18,2025-11-03-Central Arkansas-vs-UNC-m,2025-11-03,"Dean Smith Center, Chapel Hill, North Carolina",UNC, 25 ,94,Central Arkansas,NR,54,UNC
19,2025-11-03-James Madison-vs-Akron-m,2025-11-03,"James A. Rhodes Arena, Akron, Ohio",Akron,NR,85,James Madison,NR,71,Akron
20,2025-11-03-Hofstra-vs-UCF-m,2025-11-03,"CFE Arena, Orlando, Florida",UCF,NR,82,Hofstra,NR,78,UCF
21,2025-11-03-Indiana State-vs-Charlotte-m,2025-11-03,"Dale F. Halton Arena, Charlotte, North Carolina",Charlotte,NR,92,Indiana State,NR,76,Charlotte
22,2025-11-03-Western Carolina-vs-Cincinnati-m,2025-11-03,"Fifth Third Arena, Cincinnati, Ohio",Cincinnati,NR,94,Western Carolina,NR,63,Cincinnati
23,2025-11-03-New Hampshire-vs-Clemson-m,2025-11-03,"Littlejohn Coliseum, Clemson, South Carolina",Clemson,NR,88,New Hampshire,NR,38,Clemson
24,2025-11-03-Canisius-vs-Dayton-m,2025-11-03,"University of Dayton Arena, Dayton, Ohio",Dayton,NR,88,Canisius,NR,48,Dayton
25,2025-11-03-Boston College-vs-Florida Atlantic-m,2025-11-03,"FAU Arena, Boca Raton, Florida",Florida Atlantic,NR,83,Boston College,NR,78,Florida Atlantic
26,2025-11-03-Wofford-vs-George Mason-m,2025-11-03,"EagleBank Arena, Fairfax, Virginia",George Mason,NR,70,Wofford,NR,46,George Mason
27,2025-11-03-Maryland-Eastern Shore-vs-Georgia Tech-m,2025-11-03,"McCamish Pavilion, Atlanta, Georgia",Georgia Tech,NR,56,Maryland-Eastern Shore,NR,52,Georgia Tech
28,2025-11-03-Kentucky Christian-vs-Liberty-m,2025-11-03,"Liberty Arena, Lynchburg, Virginia",Liberty,NR,98,Kentucky Christian,NR,57,Liberty
29,2025-11-03-IU Indianapolis-vs-Ohio State-m,2025-11-03,"Value City Arena, Columbus, Ohio",Ohio State,NR,118,IU Indianapolis,NR,102,Ohio State
30,2025-11-03-Fairfield-vs-Penn State-m,2025-11-03,"Bryce Jordan Center, University Park, Pennsylvania",Penn State,NR,76,Fairfield,NR,68,Penn State
31,2025-11-03-Youngstown State-vs-Pitt-m,2025-11-03,"Petersen Events Center, Pittsburgh, Pennsylvania",Pitt,NR,74,Youngstown State,NR,59,Pitt
32,2025-11-03-Navy-vs-Presbyterian-m,2025-11-03,"Templeton Center, Clinton, South Carolina",Presbyterian,NR,55,Navy,NR,76,Navy
33,2025-11-03-Holy Cross-vs-Providence-m,2025-11-03,"Dunkin' Donuts Center, Providence, Rhode Island",Providence,NR,89,Holy Cross,NR,79,Providence
34,2025-11-03-Binghamton-vs-Syracuse-m,2025-11-03,"JMA Wireless Dome, Syracuse, New York",Syracuse,NR,85,Binghamton,NR,47,Syracuse
35,2025-11-03-American-vs-Wake Forest-m,2025-11-03,"Lawrence Joel Coliseum, Winston-Salem, North Carolina",Wake Forest,NR,88,American,NR,74,Wake Forest
36,2025-11-03-Mississippi Valley State-vs-UAB-m,2025-11-03,"Bartow Arena, Birmingham, Alabama",UAB,NR,106,Mississippi Valley State,NR,55,UAB
37,2025-11-03-Bryan-vs-Austin Peay-m,2025-11-03,"F&M Bank Arena, Clarksville, Tennessee",Austin Peay,NR,128,Bryan,NR,47,Austin Peay
38,2025-11-03-Texas-Rio Grande Valley-vs-Baylor-m,2025-11-03,"Foster Pavilion, Waco, Texas",Baylor,NR,96,Texas-Rio Grande Valley,NR,81,Baylor
39,2025-11-03-Louisiana-Monroe-vs-Northern Illinois-m,2025-11-03,"Convocation Center, DeKalb, Illinois",Northern Illinois,NR,102,Louisiana-Monroe,NR,82,Northern Illinois
40,2025-11-03-Hawaii Pacific-vs-Boise State-m,2025-11-03,"ExtraMile Arena, Boise, Idaho",Boise State,NR,78,Hawaii Pacific,NR,79,Hawaii Pacific
41,2025-11-03-Montana State-vs-Colorado-m,2025-11-03,"Coors Events/Conference Center, Boulder, Colorado",Colorado,NR,84,Montana State,NR,78,Colorado
42,2025-11-03-Incarnate Word-vs-Colorado State-m,2025-11-03,"Moby Arena, Fort Collins, Colorado",Colorado State,NR,98,Incarnate Word,NR,64,Colorado State
43,2025-11-03-Westminster (UT)-vs-Utah State-m,2025-11-03,"Dee Glen Smith Spectrum, Logan, Utah",Utah State,NR,110,Westminster (UT),NR,54,Utah State
44,2025-11-03-Northern State-vs-Wyoming-m,2025-11-03,"Arena-Auditorium, Laramie, Wyoming",Wyoming,NR,99,Northern State,NR,75,Wyoming
45,2025-11-03-Cal State Bakersfield-vs-California-m,2025-11-03,"Haas Pavilion, Berkeley, California",California,NR,87,Cal State Bakersfield,NR,60,California
46,2025-11-03-UC-Santa Cruz-vs-San Francisco-m,2025-11-03,"War Memorial at The Sobrato Center, San Francisco, California",San Francisco,NR,98,UC-Santa Cruz,NR,53,San Francisco
47,2025-11-03-Cal Poly-vs-USC-m,2025-11-03,"Galen Center, Los Angeles, California",USC,NR,94,Cal Poly,NR,64,USC
48,2025-11-03-Arkansas-Pine Bluff-vs-Washington-m,2025-11-03,"Alaska Airlines Arena, Seattle, Washington",Washington,NR,94,Arkansas-Pine Bluff,NR,50,Washington
49,2025-11-03-Queens (NC)-vs-Winthrop-m,2025-11-03,"Rock Hill Sports & Event Center, Rock Hill, South Carolina",Winthrop,NR,81,Queens (NC),NR,74,Winthrop
50,2025-11-03-Bradley-vs-St. Bonaventure-m,2025-11-03,"Rock Hill Sports & Event Center, Rock Hill, South Carolina",St. Bonaventure,NR,69,Bradley,NR,63,St. Bonaventure
51,2025-11-03-Arlington Baptist-vs-East Texas A&M-m,2025-11-03,"Texas A&MâCommerce Field House, Commerce, Texas",East Texas A&M,NR,119,Arlington Baptist,NR,60,East Texas A&M
52,2025-11-03-Texas A&M–San Antonio-vs-Lamar-m,2025-11-03,"Montagne Center, Beaumont, Texas",Lamar,NR,93,Texas A&M–San Antonio,NR,53,Lamar
53,2025-11-03-College of Biblical Studies-vs-Prairie View-m,2025-11-03,"William J. Nicks Building, Prairie View, Texas",Prairie View,NR,95,College of Biblical Studies,NR,48,Prairie View
54,2025-11-03-Northern Arizona-vs-Drake-m,2025-11-03,"Sanford Pentagon, Sioux Falls, South Dakota",Drake,NR,77,Northern Arizona,NR,71,Drake
55,2025-11-03-Thomas (ME)-vs-Stonehill-m,2025-11-03,"Merkert Gymnasium, Easton, Massachusetts",Stonehill,NR,100,Thomas (ME),NR,48,Stonehill
56,2025-11-03-Southern Miss-vs-Buffalo-m,2025-11-03,"Alumni Arena, Buffalo, New York",Buffalo,NR,85,Southern Miss,NR,79,Buffalo
57,2025-11-03-Widener-vs-Drexel-m,2025-11-03,"Daskalakis Athletic Center, Philadelphia, Pennsylvania",Drexel,NR,93,Widener,NR,59,Drexel
58,2025-11-03-Georgia State-vs-Eastern Michigan-m,2025-11-03,"Convocation Center, Ypsilanti, Michigan",Eastern Michigan,NR,71,Georgia State,NR,49,Eastern Michigan
59,2025-11-03-Furman-vs-High Point-m,2025-11-03,"Rock Hill Sports & Event Center, Rock Hill, South Carolina",High Point,NR,97,Furman,NR,71,High Point
60,2025-11-03-Morgan State-vs-Georgetown-m,2025-11-03,"Capital One Arena, Washington, District of Columbia",Georgetown,NR,87,Morgan State,NR,70,Georgetown
61,2025-11-03-Coppin State-vs-Maryland-m,2025-11-03,"CFG Bank Arena, Baltimore, Maryland",Maryland,NR,83,Coppin State,NR,61,Maryland
62,2025-11-03-Farmingdale State-vs-Stony Brook-m,2025-11-03,"Island Federal Credit Union, Stony Brook, New York",Stony Brook,NR,66,Farmingdale State,NR,59,Stony Brook
63,2025-11-03-Johnson & Wales (NC)-vs-VMI-m,2025-11-03,"Cameron Hall, Lexington, Virginia",VMI,NR,122,Johnson & Wales (NC),NR,58,VMI
64,2025-11-03-Louisiana-vs-Ball State-m,2025-11-03,"Worthen Arena, Muncie, Indiana",Ball State,NR,75,Louisiana,NR,64,Ball State
65,2025-11-03-Texas State-vs-Bowling Green-m,2025-11-03,"Stroh Center, Bowling Green, Ohio",Bowling Green,NR,83,Texas State,NR,48,Bowling Green
66,2025-11-03-Delaware-vs-Bucknell-m,2025-11-03,"Sojka Pavilion, Lewisburg, Pennsylvania",Bucknell,NR,78,Delaware,NR,70,Bucknell
67,2025-11-03-USC Upstate-vs-California Baptist-m,2025-11-03,"CBU Events Center, Riverside, California",California Baptist,NR,87,USC Upstate,NR,75,California Baptist
68,2025-11-03-VTSU Johnson-vs-Central Connecticut-m,2025-11-03,"Detrick Gymnasium, New Britain, Connecticut",Central Connecticut,NR,117,VTSU Johnson,NR,55,Central Connecticut
69,2025-11-03-Appalachian State-vs-Central Michigan-m,2025-11-03,"McGuirk Arena, Mt. Pleasant, Michigan",Central Michigan,NR,82,Appalachian State,NR,66,Central Michigan
70,2025-11-03-Union (KY)-vs-Chattanooga-m,2025-11-03,"The McKenzie Arena, Chattanooga, Tennessee",Chattanooga,NR,92,Union (KY),NR,39,Chattanooga
71,2025-11-03-Erskine-vs-The Citadel-m,2025-11-03,"McAlister Field House, Charleston, South Carolina",The Citadel,NR,105,Erskine,NR,61,The Citadel
72,2025-11-03-Tusculum-vs-College of Charleston-m,2025-11-03,"TD Arena, Charleston, South Carolina",College of Charleston,NR,79,Tusculum,NR,58,College of Charleston
73,2025-11-03-DeSales-vs-Davidson-m,2025-11-03,"Belk Arena, Davidson, North Carolina",Davidson,NR,97,DeSales,NR,63,Davidson
74,2025-11-03-Niagara-vs-Duquesne-m,2025-11-03,"A.J. Palumbo Center, Pittsburgh, Pennsylvania",Duquesne,NR,83,Niagara,NR,63,Duquesne
75,2025-11-03-New College of Florida-vs-Florida Gulf Coast-m,2025-11-03,"Alico Arena, Fort Myers, Florida",Florida Gulf Coast,NR,96,New College of Florida,NR,60,Florida Gulf Coast
76,2025-11-03-Florida National University-vs-Florida International-m,2025-11-03,"FIU Arena, Miami, Florida",Florida International,NR,101,Florida National University,NR,49,Florida International
77,2025-11-03-Bellarmine-vs-Georgia-m,2025-11-03,"Stegeman Coliseum, Athens, Georgia",Georgia,NR,104,Bellarmine,NR,59,Georgia
78,2025-11-03-Huston-Tillotson-vs-Grambling-m,2025-11-03,"Assembly Center, Grambling, Louisiana",Grambling,NR,91,Huston-Tillotson,NR,47,Grambling
79,2025-11-03-Missouri-vs-Howard-m,2025-11-03,"Burr Gymnasium, Washington, District of Columbia",Howard,NR,67,Missouri,NR,88,Missouri
80,2025-11-03-Oakwood-vs-Jacksonville State-m,2025-11-03,"Pete Mathews Coliseum, Jacksonville, Alabama",Jacksonville State,NR,117,Oakwood,NR,63,Jacksonville State
81,2025-11-03-Paine-vs-Kennesaw State-m,2025-11-03,"KSU Convocation Center , Kennesaw, Georgia",Kennesaw State,NR,105,Paine,NR,29,Kennesaw State
82,2025-11-03-Troy-vs-Kent State-m,2025-11-03,"Memorial Athletic & Convocation Center, Kent, Ohio",Kent State,NR,97,Troy,NR,103,Troy
83,2025-11-03-SUNY Cobleskill-vs-Le Moyne-m,2025-11-03,"Le Moyne Events Center, Syracuse, New York",Le Moyne,NR,94,SUNY Cobleskill,NR,50,Le Moyne
84,2025-11-03-Mary Baldwin-vs-Longwood-m,2025-11-03,"Joan Perry Brock Center, Farmville, Virginia",Longwood,NR,92,Mary Baldwin,NR,55,Longwood
85,2025-11-03-Marshall-vs-UMass-m,2025-11-03,"Mullins Center, Amherst, Massachusetts",UMass,NR,72,Marshall,NR,78,Marshall
86,2025-11-03-Rivier-vs-UMass-Lowell-m,2025-11-03,"Costello Athletic Center, Lowell, Massachusetts",UMass-Lowell,NR,107,Rivier,NR,55,UMass-Lowell
87,2025-11-03-Champion Christian-vs-McNeese State-m,2025-11-03,"The Legacy Center, Lake Charles, Louisiana",McNeese State,NR,127,Champion Christian,NR,65,McNeese State
88,2025-11-03-Old Dominion-vs-Miami (OH)-m,2025-11-03,"Millett Hall, Oxford, Ohio",Miami (OH),NR,87,Old Dominion,NR,72,Miami (OH)
89,2025-11-03-Midway-vs-Morehead State-m,2025-11-03,"Ellis T. Johnson Arena, Morehead, Kentucky",Morehead State,NR,89,Midway,NR,84,Morehead State
90,2025-11-03-Omaha-vs-Murray State-m,2025-11-03,"Sanford Pentagon, Sioux Falls, South Dakota",Murray State,NR,85,Omaha,NR,77,Murray State
91,2025-11-03-Washington Adventist-vs-Norfolk State-m,2025-11-03,"Echols Memorial Hall, Norfolk, Virginia",Norfolk State,NR,98,Washington Adventist,NR,76,Norfolk State
92,2025-11-03-North Carolina Central-vs-NC State-m,2025-11-03,"Lenovo Center, Raleigh, North Carolina",NC State,NR,114,North Carolina Central,NR,66,NC State
93,2025-11-03-Mount Olive-vs-UNC Wilmington-m,2025-11-03,"Trask Coliseum, Wilmington, North Carolina",UNC Wilmington,NR,106,Mount Olive,NR,77,UNC Wilmington
94,2025-11-03-Boston University-vs-Northeastern-m,2025-11-03,"Matthews Arena, Boston, Massachusetts",Northeastern,NR,75,Boston University,NR,76,Boston University
95,2025-11-03-Cincinnati-Clermont-vs-Northern Kentucky-m,2025-11-03,"Bank of Kentucky Center, Highland Heights, Kentucky",Northern Kentucky,NR,126,Cincinnati-Clermont,NR,69,Northern Kentucky
96,2025-11-03-LIU-vs-Notre Dame-m,2025-11-03,"Purcell Pavilion at the Joyce Center, South Bend, Indiana",Notre Dame,NR,89,LIU,NR,67,Notre Dame
97,2025-11-03-Arkansas State-vs-Ohio-m,2025-11-03,"Convocation Center, Athens, Ohio",Ohio,NR,85,Arkansas State,NR,89,Arkansas State
98,2025-11-03-Western Illinois-vs-Radford-m,2025-11-03,"Donald N. Dedmon Center, Radford, Virginia",Radford,NR,80,Western Illinois,NR,75,Radford
99,2025-11-03-Stetson-vs-Rhode Island-m,2025-11-03,"Thomas M. Ryan Center, Kingston, Rhode Island",Rhode Island,NR,93,Stetson,NR,62,Rhode Island
100,2025-11-03-Lafayette-vs-St. Joseph's-m,2025-11-03,"Hagan Arena, Philadelphia, Pennsylvania",St. Joseph's,NR,85,Lafayette,NR,76,St. Joseph's
101,2025-11-03-LeTourneau-vs-Sam Houston-m,2025-11-03,"Johnson Coliseum, Huntsville, Texas",Sam Houston,NR,95,LeTourneau,NR,59,Sam Houston
102,2025-11-03-St. Peter's-vs-Seton Hall-m,2025-11-03,"Prudential Center, Newark, New Jersey",Seton Hall,NR,77,St. Peter's,NR,50,Seton Hall
103,2025-11-03-Bryant-vs-Siena-m,2025-11-03,"MVP Arena, Albany, New York",Siena,NR,82,Bryant,NR,66,Siena
104,2025-11-03-Millsaps-vs-Stephen F. Austin-m,2025-11-03,"William Johnson Coliseum, Nacogdoches, Texas",Stephen F. Austin,NR,103,Millsaps,NR,76,Stephen F. Austin
105,2025-11-03-South Alabama-vs-Toledo-m,2025-11-03,"John F. Savage Hall, Toledo, Ohio",Toledo,NR,74,South Alabama,NR,76,South Alabama
106,2025-11-03-Western New England-vs-Vermont-m,2025-11-03,"Roy L. Patrick Gymnasium, Burlington, Vermont",Vermont,NR,75,Western New England,NR,68,Vermont
107,2025-11-03-Rider-vs-Virginia-m,2025-11-03,"John Paul Jones Arena, Charlottesville, Virginia",Virginia,NR,87,Rider,NR,53,Virginia
108,2025-11-03-Wagner-vs-VCU-m,2025-11-03,"E.J. Wade Arena at Stuart C. Siegel Center, Richmond, Virginia",VCU,NR,103,Wagner,NR,74,VCU
109,2025-11-03-Charleston Southern-vs-Virginia Tech-m,2025-11-03,"Cassell Coliseum, Blacksburg, Virginia",Virginia Tech,NR,98,Charleston Southern,NR,67,Virginia Tech
110,2025-11-03-Tennessee Tech-vs-Western Kentucky-m,2025-11-03,"E.A. Diddle Arena, Bowling Green, Kentucky",Western Kentucky,NR,82,Tennessee Tech,NR,70,Western Kentucky
111,2025-11-03-Coastal Carolina-vs-Western Michigan-m,2025-11-03,"University Arena, Kalamazoo, Michigan",Western Michigan,NR,76,Coastal Carolina,NR,71,Western Michigan
112,2025-11-03-Georgian Court-vs-William & Mary-m,2025-11-03,"Kaplan Arena at William and Mary Hall, Williamsburg, Virginia",William & Mary,NR,110,Georgian Court,NR,63,William & Mary
113,2025-11-03-Franklin-vs-Wright State-m,2025-11-03,"Ervin J. Nutter Center, Dayton, Ohio",Wright State,NR,86,Franklin,NR,37,Wright State
114,2025-11-03-Marist-vs-Xavier-m,2025-11-03,"Cintas Center, Cincinnati, Ohio",Xavier,NR,66,Marist,NR,62,Xavier
115,2025-11-03-Blue Mountain Christian University-vs-Alabama A&M-m,2025-11-03,"Alabama A&M Events Center, Huntsville, Alabama",Alabama A&M,NR,80,Blue Mountain Christian University,NR,60,Alabama A&M
116,2025-11-03-SUNY Maritime-vs-Army-m,2025-11-03,"Christl Arena, West Point, New York",Army,NR,73,SUNY Maritime,NR,49,Army
117,2025-11-03-Air Force-vs-Belmont-m,2025-11-03,"Curb Event Center, Nashville, Tennessee",Belmont,NR,79,Air Force,NR,63,Belmont
118,2025-11-03-Menlo-vs-UC-Davis-m,2025-11-03,"The Pavilion, Davis, California",UC-Davis,NR,96,Menlo,NR,69,UC-Davis
119,2025-11-03-Chicago State-vs-DePaul-m,2025-11-03,"Wintrust Arena, Chicago, Illinois",DePaul,NR,92,Chicago State,NR,62,DePaul
120,2025-11-03-Maine-vs-George Washington-m,2025-11-03,"Charles E. Smith Center, Washington, District of Columbia",George Washington,NR,67,Maine,NR,47,George Washington
121,2025-11-03-Southern Arkansas-vs-Houston Christian-m,2025-11-03,"Frank and Lucille Sharp Gymnasium, Houston, Texas",Houston Christian,NR,74,Southern Arkansas,NR,70,Houston Christian
122,2025-11-03-Detroit Mercy-vs-UIC-m,2025-11-03,"UIC Pavilion, Chicago, Illinois",UIC,NR,91,Detroit Mercy,NR,71,UIC
123,2025-11-03-Cleveland State-vs-Loyola (IL)-m,2025-11-03,"Joseph J. Gentile Center, Chicago, Illinois",Loyola (IL),NR,91,Cleveland State,NR,88,Loyola (IL)
124,2025-11-03-Albany (NY)-vs-Marquette-m,2025-11-03,"Fiserv Forum, Milwaukee, Wisconsin",Marquette,NR,80,Albany (NY),NR,53,Marquette
125,2025-11-03-Jacksonville-vs-Miami (FL)-m,2025-11-03,"Watsco Center, Coral Gables, Florida",Miami (FL),NR,86,Jacksonville,NR,69,Miami (FL)
126,2025-11-03-Hampton-vs-Milwaukee-m,2025-11-03,"UW-Milwaukee Panther Arena, Milwaukee, Wisconsin",Milwaukee,NR,90,Hampton,NR,86,Milwaukee
127,2025-11-03-Gardner-Webb-vs-Minnesota-m,2025-11-03,"Williams Arena, Minneapolis, Minnesota",Minnesota,NR,87,Gardner-Webb,NR,60,Minnesota
128,2025-11-03-Southeastern Louisiana-vs-Ole Miss-m,2025-11-03,"The Sandy and John Black Pavilion at Ole Miss, University, Mississippi",Ole Miss,NR,88,Southeastern Louisiana,NR,58,Ole Miss
129,2025-11-03-Evangel-vs-Kansas City-m,2025-11-03,"Swinney Recreation Center, Kansas City, Missouri",Kansas City,NR,80,Evangel,NR,74,Kansas City
130,2025-11-03-West Georgia-vs-Nebraska-m,2025-11-03,"Pinnacle Bank Arena, Lincoln, Nebraska",Nebraska,NR,86,West Georgia,NR,53,Nebraska
131,2025-11-03-New Mexico Highlands-vs-North Texas-m,2025-11-03,"Super Pit, Denton, Texas",North Texas,NR,88,New Mexico Highlands,NR,54,North Texas
132,2025-11-03-Mercyhurst-vs-Northwestern-m,2025-11-03,"Welsh-Ryan Arena, Evanston, Illinois",Northwestern,NR,70,Mercyhurst,NR,47,Northwestern
133,2025-11-03-Saint Francis (PA)-vs-Oklahoma-m,2025-11-03,"Lloyd Noble Center, Norman, Oklahoma",Oklahoma,NR,102,Saint Francis (PA),NR,66,Oklahoma
134,2025-11-03-Southeast Missouri State-vs-Saint Louis-m,2025-11-03,"Chaifetz Arena, St. Louis, Missouri",Saint Louis,NR,92,Southeast Missouri State,NR,67,Saint Louis
135,2025-11-03-Utah Tech-vs-South Dakota-m,2025-11-03,"Sanford Coyote Sports Center, Vermillon, South Dakota",South Dakota,NR,79,Utah Tech,NR,81,Utah Tech
136,2025-11-03-Florida A&M-vs-South Florida-m,2025-11-03,"Yuengling Center, Tampa, Florida",South Florida,NR,102,Florida A&M,NR,67,South Florida
137,2025-11-03-McKendree-vs-Southern Illinois-m,2025-11-03,"The SIU Arena, Carbondale, Illinois",Southern Illinois,NR,83,McKendree,NR,42,Southern Illinois
138,2025-11-03-Tarleton State-vs-SMU-m,2025-11-03,"Moody Coliseum, Dallas, Texas",SMU,NR,96,Tarleton State,NR,76,SMU
139,2025-11-03-Fisk-vs-Tennessee State-m,2025-11-03,"Gentry Center Complex, Nashville, Tennessee",Tennessee State,NR,101,Fisk,NR,50,Tennessee State
140,2025-11-03-Northwestern State-vs-Texas A&M-m,2025-11-03,"Reed Arena, College Station, Texas",Texas A&M,NR,98,Northwestern State,NR,68,Texas A&M
141,2025-11-03-Trinity (TX)-vs-Texas A&M-Corpus Christi-m,2025-11-03,"Dugan Wellness Center, Corpus Christi, Texas",Texas A&M-Corpus Christi,NR,83,Trinity (TX),NR,56,Texas A&M-Corpus Christi
142,2025-11-03-North Texas at Dallas-vs-UT Arlington-m,2025-11-03,"College Park Center, Arlington, Texas",UT Arlington,NR,91,North Texas at Dallas,NR,40,UT Arlington
143,2025-11-03-New Orleans-vs-TCU-m,2025-11-03,"Ed & Rae Schollmaier Arena, Fort Worth, Texas",TCU,NR,74,New Orleans,NR,78,New Orleans
144,2025-11-03-Samford-vs-Tulane-m,2025-11-03,"Devlin Fieldhouse, New Orleans, Louisiana",Tulane,NR,85,Samford,NR,72,Tulane
145,2025-11-03-Oklahoma Christian-vs-Tulsa-m,2025-11-03,"Donald W. Reynolds Center, Tulsa, Oklahoma",Tulsa,NR,100,Oklahoma Christian,NR,57,Tulsa
146,2025-11-03-Lipscomb-vs-Vanderbilt-m,2025-11-03,"Memorial Gymnasium, Nashville, Tennessee",Vanderbilt,NR,105,Lipscomb,NR,61,Vanderbilt
147,2025-11-03-McMurry-vs-Abilene Christian-m,2025-11-03,"Moody Coliseum , Abilene, Texas",Abilene Christian,NR,92,McMurry,NR,55,Abilene Christian
148,2025-11-03-Purdue Fort Wayne-vs-Grand Canyon-m,2025-11-03,"GCU Arena, Phoenix, Arizona",Grand Canyon,NR,90,Purdue Fort Wayne,NR,71,Grand Canyon
149,2025-11-03-Loyola (MD)-vs-Towson-m,2025-11-03,"Reitz Arena, Baltimore, Maryland",Towson,NR,67,Loyola (MD),NR,56,Towson
150,2025-11-03-Merrimack-vs-South Dakota State-m,2025-11-03,"Sanford Pentagon, Sioux Falls, South Dakota",South Dakota State,NR,75,Merrimack,NR,66,South Dakota State
151,2025-11-03-Northwest Indian College-vs-Montana-m,2025-11-03,"Adams Center/Dahlberg Arena, Missoula, Montana",Montana,NR,106,Northwest Indian College,NR,41,Montana
152,2025-11-03-Colorado College-vs-Northern Colorado-m,2025-11-03,"Bank of Colorado Arena, Greeley, Colorado",Northern Colorado,NR,91,Colorado College,NR,57,Northern Colorado
153,2025-11-03-North Dakota State-vs-Oregon State-m,2025-11-03,"Gill Coliseum, Corvallis, Oregon",Oregon State,NR,67,North Dakota State,NR,65,Oregon State
154,2025-11-03-Life Pacific-vs-Pepperdine-m,2025-11-03,"Firestone Fieldhouse, Malibu, California",Pepperdine,NR,88,Life Pacific,NR,80,Pepperdine
155,2025-11-03-Texas-Permian Basin-vs-UTEP-m,2025-11-03,"Don Haskins Center, El Paso, Texas",UTEP,NR,98,Texas-Permian Basin,NR,56,UTEP
156,2025-11-03-San Jose State-vs-Utah-m,2025-11-03,"Jon M. Huntsman Center, Salt Lake City, Utah",Utah,NR,84,San Jose State,NR,75,Utah
157,2025-11-03-Idaho-vs-Washington State-m,2025-11-03,"Friel Court at Beasley Coliseum, Pullman, Washington",Washington State,NR,81,Idaho,NR,83,Idaho
158,2025-11-03-West Coast Baptist-vs-Weber State-m,2025-11-03,"Dee Events Center, Ogden, Utah",Weber State,NR,130,West Coast Baptist,NR,38,Weber State
159,2025-11-03-Cal Tech-vs-Cal State Fullerton-m,2025-11-03,"Titan Gym, Fullerton, California",Cal State Fullerton,NR,136,Cal Tech,NR,82,Cal State Fullerton
160,2025-11-03-Nobel University-vs-Cal State Northridge-m,2025-11-03,"The Matadome, Northridge, California",Cal State Northridge,NR,99,Nobel University,NR,58,Cal State Northridge
161,2025-11-03-Bethesda University (CA)-vs-UC-Irvine-m,2025-11-03,"Bren Events Center, Irvine, California",UC-Irvine,NR,125,Bethesda University (CA),NR,49,UC-Irvine
162,2025-11-03-La Sierra-vs-UC-Riverside-m,2025-11-03,"UC Riverside Student Recreation Center, Riverside, California",UC-Riverside,NR,90,La Sierra,NR,49,UC-Riverside
163,2025-11-03-La Verne-vs-UC-San Diego-m,2025-11-03,"RIMAC Arena, La Jolla, California",UC-San Diego,NR,105,La Verne,NR,73,UC-San Diego
164,2025-11-03-Fresno Pacific-vs-Fresno State-m,2025-11-03,"Save Mart Center, Fresno, California",Fresno State,NR,88,Fresno Pacific,NR,51,Fresno State
165,2025-11-03-Lincoln (CA)-vs-Loyola Marymount-m,2025-11-03,"Albert Gersten Pavilion, Los Angeles, California",Loyola Marymount,NR,137,Lincoln (CA),NR,54,Loyola Marymount
166,2025-11-03-Willamette-vs-Portland-m,2025-11-03,"Chiles Center, Portland, Oregon",Portland,NR,120,Willamette,NR,83,Portland
167,2025-11-03-St. Thomas-vs-Saint Mary's-m,2025-11-03,"McKeon Pavilion, Moraga, California",Saint Mary's,NR,84,St. Thomas,NR,58,Saint Mary's
168,2025-11-03-Denver-vs-Seattle-m,2025-11-03,"Redhawk Center, Seattle, Washington",Seattle,NR,84,Denver,NR,73,Seattle
169,2025-11-04-Evansville-vs-Purdue-m,2025-11-04,"Mackey Arena, West Lafayette, Indiana",Purdue, 1 ,82,Evansville,NR,51,Purdue
170,2025-11-04-Texas-vs-Duke-m,2025-11-04,"Spectrum Center, Charlotte, North Carolina",Duke, 6 ,75,Texas,NR,60,Duke
171,2025-11-04-Nicholls State-vs-Kentucky-m,2025-11-04,"Rupp Arena, Lexington, Kentucky",Kentucky, 9 ,77,Nicholls State,NR,51,Kentucky
172,2025-11-04-Lindenwood-vs-Texas Tech-m,2025-11-04,"United Supermarkets Arena, Lubbock, Texas",Texas Tech, 10 ,98,Lindenwood,NR,60,Texas Tech
173,2025-11-04-Converse-vs-ETSU-m,2025-11-04,"Freedom Hall Civic Center, Johnson City, Tennessee",ETSU,NR,102,Converse,NR,50,ETSU
174,2025-11-04-Alcorn State-vs-Florida State-m,2025-11-04,"Donald L. Tucker Center, Tallahassee, Florida",Florida State,NR,108,Alcorn State,NR,76,Florida State
175,2025-11-04-Mount St. Mary's-vs-West Virginia-m,2025-11-04,"WVU Coliseum, Morgantown, West Virginia",West Virginia,NR,70,Mount St. Mary's,NR,54,West Virginia
176,2025-11-04-East-West-vs-SIU-Edwardsville-m,2025-11-04,"Sam Vadalabene Center , Edwardsville, Illinois",SIU-Edwardsville,NR,119,East-West,NR,50,SIU-Edwardsville
177,2025-11-04-UNC Asheville-vs-Wichita State-m,2025-11-04,"Charles Koch Arena, Wichita, Kansas",Wichita State,NR,75,UNC Asheville,NR,58,Wichita State
178,2025-11-04-Louisiana Tech-vs-Nevada-m,2025-11-04,"Lawlor Events Center, Reno, Nevada",Nevada,NR,77,Louisiana Tech,NR,50,Nevada
179,2025-11-04-UT-Martin-vs-UNLV-m,2025-11-04,"Thomas & Mack Center, Las Vegas, Nevada",UNLV,NR,81,UT-Martin,NR,86,UT-Martin
180,2025-11-04-Hawaii-vs-Oregon-m,2025-11-04,"Matthew Knight Arena, Eugene, Oregon",Oregon,NR,60,Hawaii,NR,59,Oregon
181,2025-11-04-Long Beach State-vs-San Diego State-m,2025-11-04,"Viejas Arena, San Diego, California",San Diego State,NR,77,Long Beach State,NR,45,San Diego State
182,2025-11-04-Penn State York-vs-UMBC-m,2025-11-04,"UMBC Event Center, Baltimore, Maryland",UMBC,NR,74,Penn State York,NR,53,UMBC
183,2025-11-04-Georgia Southern-vs-East Carolina-m,2025-11-04,"Williams Arena at Minges Coliseum, Greenville, North Carolina",East Carolina,NR,92,Georgia Southern,NR,89,East Carolina
184,2025-11-04-NJIT-vs-Fordham-m,2025-11-04,"Rose Hill Gym, Bronx, New York",Fordham,NR,61,NJIT,NR,72,NJIT
185,2025-11-04-St. Joseph's–Brooklyn-vs-Manhattan-m,2025-11-04,"Draddy Gymnasium, Riverdale, New York",Manhattan,NR,125,St. Joseph's–Brooklyn,NR,59,Manhattan
186,2025-11-04-Caldwell-vs-Monmouth-m,2025-11-04,"Multipurpose Activity Center, West Long Branch, New Jersey",Monmouth,NR,96,Caldwell,NR,68,Monmouth
187,2025-11-04-Merchant Marine Academy-vs-Sacred Heart-m,2025-11-04,"William H. Pitt Center, Fairfield, Connecticut",Sacred Heart,NR,103,Merchant Marine Academy,NR,46,Sacred Heart
188,2025-11-04-North Carolina A&T-vs-South Carolina-m,2025-11-04,"The Colonial Life Arena, Columbia, South Carolina",South Carolina,NR,91,North Carolina A&T,NR,72,South Carolina
189,2025-11-04-Arkansas Baptist-vs-Little Rock-m,2025-11-04,"Jack Stephens Center, Little Rock, Arkansas",Little Rock,NR,92,Arkansas Baptist,NR,63,Little Rock
190,2025-11-04-Robert Morris-vs-Iowa-m,2025-11-04,"Carver-Hawkeye Arena, Iowa City, Iowa",Iowa,NR,101,Robert Morris,NR,69,Iowa
191,2025-11-04-UNC Greensboro-vs-Kansas State-m,2025-11-04,"Bramlage Coliseum, Manhattan, Kansas",Kansas State,NR,93,UNC Greensboro,NR,64,Kansas State
192,2025-11-04-Missouri Southern State-vs-Missouri State-m,2025-11-04,"JQH Arena, Springfield, Missouri",Missouri State,NR,88,Missouri Southern State,NR,70,Missouri State
193,2025-11-04-Oral Roberts-vs-Oklahoma State-m,2025-11-04,"Gallagher-Iba Arena, Stillwater, Oklahoma",Oklahoma State,NR,95,Oral Roberts,NR,71,Oklahoma State
194,2025-11-04-College of Biblical Studies-vs-Rice-m,2025-11-04,"Tudor Fieldhouse, Houston, Texas",Rice,NR,109,College of Biblical Studies,NR,38,Rice
195,2025-11-04-West Coast Baptist-vs-Utah Valley-m,2025-11-04,"UCCU Center, Orem, Utah",Utah Valley,NR,116,West Coast Baptist,NR,35,Utah Valley
196,2025-11-04-Eastern Illinois-vs-Valparaiso-m,2025-11-04,"AthleticsâRecreation Center, Valparaiso, Indiana",Valparaiso,NR,66,Eastern Illinois,NR,63,Valparaiso
197,2025-11-04-Southern Utah-vs-Arizona State-m,2025-11-04,"Desert Financial Arena, Tempe, Arizona",Arizona State,NR,81,Southern Utah,NR,64,Arizona State
198,2025-11-04-San Francisco State-vs-UCSB-m,2025-11-04,"The Thunderdome, Santa Barbara, California",UCSB,NR,98,San Francisco State,NR,67,UCSB
199,2025-11-04-Adams State-vs-New Mexico State-m,2025-11-04,"Pan American Center, Las Cruces, New Mexico",New Mexico State,NR,83,Adams State,NR,72,New Mexico State
200,2025-11-04-Occidental-vs-San Diego-m,2025-11-04,"Jenny Craig Pavillion, San Diego, California",San Diego,NR,88,Occidental,NR,59,San Diego
201,2025-11-04-Park (AZ)-vs-Idaho State-m,2025-11-04,"Reed Gym, Pocatello, Idaho",Idaho State,NR,81,Park (AZ),NR,71,Idaho State
202,2025-11-04-Dominican (CA)-vs-Sacramento State-m,2025-11-04,,Sacramento State,NR,103,Dominican (CA),NR,79,Sacramento State
203,2025-11-04-Cal Poly Humboldt-vs-Santa Clara-m,2025-11-04,"Leavey Center, Santa Clara, California",Santa Clara,NR,83,Cal Poly Humboldt,NR,53,Santa Clara
204,2025-11-04-Portland State-vs-Stanford-m,2025-11-04,"Maples Pavilion, Stanford, California",Stanford,NR,89,Portland State,NR,79,Stanford
205,2025-11-05-South Dakota-vs-Creighton-m,2025-11-05,"CHI Health Center Omaha, Omaha, Nebraska",Creighton, 23 ,92,South Dakota,NR,76,Creighton
206,2025-11-05-Belmont Abbey-vs-Elon-m,2025-11-05,"Schar Center, Elon, North Carolina",Elon,NR,99,Belmont Abbey,NR,51,Elon
207,2025-11-05-Washington & Lee-vs-James Madison-m,2025-11-05,"Atlantic Union Bank Center, Harrisonburg, Virginia",James Madison,NR,70,Washington & Lee,NR,56,James Madison
208,2025-11-05-Bluefield University-vs-Presbyterian-m,2025-11-05,"Templeton Center, Clinton, South Carolina",Presbyterian,NR,105,Bluefield University,NR,76,Presbyterian
209,2025-11-05-Rider-vs-Rutgers-m,2025-11-05,"Rutgers Athletic Center, New Brunswick, New Jersey",Rutgers,NR,81,Rider,NR,53,Rutgers
210,2025-11-05-Delaware State-vs-Temple-m,2025-11-05,"Liacouras Center, Philadelphia, Pennsylvania",Temple,NR,83,Delaware State,NR,65,Temple
211,2025-11-05-Milligan-vs-Middle Tennessee-m,2025-11-05,"Murphy Athletic Center, Murfreesboro, Tennessee",Middle Tennessee,NR,100,Milligan,NR,51,Middle Tennessee
212,2025-11-05-East Texas A&M-vs-New Mexico-m,2025-11-05,"The Pit, Albuquerque, New Mexico",New Mexico,NR,76,East Texas A&M,NR,54,New Mexico
213,2025-11-05-Pacific Lutheran-vs-Cal Poly-m,2025-11-05,"Robert A. Mott Athletics Center, San Luis Obispo, California",Cal Poly,NR,101,Pacific Lutheran,NR,79,Cal Poly
214,2025-11-05-North Dakota State-vs-UC-Davis-m,2025-11-05,"The Pavilion, Davis, California",UC-Davis,NR,80,North Dakota State,NR,68,UC-Davis
215,2025-11-05-Carolina-vs-Appalachian State-m,2025-11-05,"Holmes Convocation Center, Boone, North Carolina",Appalachian State,NR,92,Carolina,NR,46,Appalachian State
216,2025-11-05-Rochester Tech-vs-Binghamton-m,2025-11-05,"Events Center, Binghamton, New York",Binghamton,NR,66,Rochester Tech,NR,56,Binghamton
217,2025-11-05-Coppin State-vs-La Salle-m,2025-11-05,"John Glaser Arena, Philadelphia, Pennsylvania",La Salle,NR,87,Coppin State,NR,59,La Salle
218,2025-11-05-Southern Indiana-vs-Butler-m,2025-11-05,"Hinkle Fieldhouse, Indianapolis, Indiana",Butler,NR,88,Southern Indiana,NR,58,Butler
219,2025-11-05-Maryland-Eastern Shore-vs-Georgia-m,2025-11-05,"Stegeman Coliseum, Athens, Georgia",Georgia,NR,94,Maryland-Eastern Shore,NR,29,Georgia
220,2025-11-05-Dickinson College-vs-Lafayette-m,2025-11-05,"Kirby Sports Center, Easton, Pennsylvania",Lafayette,NR,79,Dickinson College,NR,44,Lafayette
221,2025-11-05-LaGrange-vs-Mercer-m,2025-11-05,"University Center, Hammond, Louisiana",Mercer,NR,101,LaGrange,NR,62,Mercer
222,2025-11-05-Mississippi University for Women-vs-Mississippi Valley State-m,2025-11-05,"Harrison HPER Complex, Itta Bena, Mississippi",Mississippi Valley State,NR,97,Mississippi University for Women,NR,61,Mississippi Valley State
223,2025-11-05-Regent-vs-Norfolk State-m,2025-11-05,"Echols Memorial Hall, Norfolk, Virginia",Norfolk State,NR,119,Regent,NR,55,Norfolk State
224,2025-11-05-Dallas-vs-Prairie View-m,2025-11-05,"William J. Nicks Building, Prairie View, Texas",Prairie View,NR,94,Dallas,NR,53,Prairie View
225,2025-11-05-Lynchburg-vs-Queens (NC)-m,2025-11-05,"Curry Arena, Charlotte, North Carolina",Queens (NC),NR,87,Lynchburg,NR,76,Queens (NC)
226,2025-11-05-Southern Virginia-vs-Richmond-m,2025-11-05,"Robins Center, Richmond, Virginia",Richmond,NR,84,Southern Virginia,NR,56,Richmond
227,2025-11-05-College of Biblical Studies-vs-UTSA-m,2025-11-05,"Convocation Center, San Antonio, Texas",UTSA,NR,97,College of Biblical Studies,NR,30,UTSA
228,2025-11-05-SUNY Plattsburgh-vs-Vermont-m,2025-11-05,"Roy L. Patrick Gymnasium, Burlington, Vermont",Vermont,NR,113,SUNY Plattsburgh,NR,62,Vermont
229,2025-11-05-Alabama A&M-vs-Indiana-m,2025-11-05,"Assembly Hall, Bloomington, Indiana",Indiana,NR,98,Alabama A&M,NR,51,Indiana
230,2025-11-05-Tarleton State-vs-LSU-m,2025-11-05,"Maravich Assembly Center, Baton Rouge, Louisiana",LSU,NR,96,Tarleton State,NR,60,LSU
231,2025-11-05-Southern-vs-Marquette-m,2025-11-05,"Fiserv Forum, Milwaukee, Wisconsin",Marquette,NR,100,Southern,NR,82,Marquette
232,2025-11-05-Texas A&M–San Antonio-vs-Texas State-m,2025-11-05,"Strahan Coliseum, San Marcos, Texas",Texas State,NR,114,Texas A&M–San Antonio,NR,55,Texas State
233,2025-11-05-Bethesda University (CA)-vs-Utah Tech-m,2025-11-05,"Burns Arena, St. George, Utah",Utah Tech,NR,110,Bethesda University (CA),NR,65,Utah Tech
234,2025-11-05-USC Upstate-vs-Fresno State-m,2025-11-05,"Save Mart Center, Fresno, California",Fresno State,NR,66,USC Upstate,NR,67,USC Upstate
235,2025-11-05-North Alabama-vs-Mississippi State-m,2025-11-05,"Humphrey Coliseum, Starkville, Mississippi",Mississippi State,NR,86,North Alabama,NR,62,Mississippi State
236,2025-11-05-Ottawa (AZ)-vs-Montana-m,2025-11-05,"Adams Center/Dahlberg Arena, Missoula, Montana",Montana,NR,73,Ottawa (AZ),NR,39,Montana
237,2025-11-05-Northwest Indian College-vs-Montana State-m,2025-11-05,"Worthington Arena, Bozeman, Montana",Montana State,NR,114,Northwest Indian College,NR,44,Montana State
238,2025-11-05-Eastern Washington-vs-Loyola Marymount-m,2025-11-05,"Albert Gersten Pavilion, Los Angeles, California",Loyola Marymount,NR,70,Eastern Washington,NR,62,Loyola Marymount
239,2025-11-05-Life Pacific-vs-Pacific-m,2025-11-05,"A.G. Spanos Center, Stockton, California",Pacific,NR,83,Life Pacific,NR,56,Pacific
240,2025-11-06-North Florida-vs-Florida-m,2025-11-06,"Stephen C. O'Connell Center, Gainesville, Florida",Florida, 3 ,104,North Florida,NR,64,Florida
241,2025-11-06-Jackson State-vs-Louisville-m,2025-11-06,"KFC Yum! Center, Louisville, Kentucky",Louisville, 11 ,106,Jackson State,NR,70,Louisville
242,2025-11-06-Grambling-vs-Iowa State-m,2025-11-06,"James H. Hilton Coliseum , Ames, Iowa",Iowa State, 16 ,102,Grambling,NR,62,Iowa State
243,2025-11-06-Merrimack-vs-Auburn-m,2025-11-06,"Auburn Arena, Auburn, Alabama",Auburn, 20 ,95,Merrimack,NR,57,Auburn
244,2025-11-06-The Citadel-vs-Boston College-m,2025-11-06,"Silvio O. Conte Forum, Boston, Massachusetts",Boston College,NR,76,The Citadel,NR,47,Boston College
245,2025-11-06-Midway-vs-Eastern Kentucky-m,2025-11-06,"McBrayer Arena, Richmond, Kentucky",Eastern Kentucky,NR,122,Midway,NR,60,Eastern Kentucky
246,2025-11-06-Mid-Atlantic Christian-vs-Hampton-m,2025-11-06,"Hampton University Convocation Center, Hampton, Virginia",Hampton,NR,103,Mid-Atlantic Christian,NR,43,Hampton
247,2025-11-06-Illinois Tech-vs-Indiana State-m,2025-11-06,"Hulman Center, Terre Haute, Indiana",Indiana State,NR,104,Illinois Tech,NR,73,Indiana State
248,2025-11-06-LIU-vs-IU Indianapolis-m,2025-11-06,"Indiana Farmers Coliseum, Indianapolis, Indiana",IU Indianapolis,NR,90,LIU,NR,94,LIU
249,2025-11-06-Bethune-Cookman-vs-Miami (FL)-m,2025-11-06,"Watsco Center, Coral Gables, Florida",Miami (FL),NR,101,Bethune-Cookman,NR,61,Miami (FL)
250,2025-11-06-Illinois State-vs-Ohio-m,2025-11-06,"Convocation Center, Athens, Ohio",Ohio,NR,72,Illinois State,NR,68,Ohio
251,2025-11-06-Campbell-vs-West Virginia-m,2025-11-06,"WVU Coliseum, Morgantown, West Virginia",West Virginia,NR,73,Campbell,NR,65,West Virginia
252,2025-11-06-Robert Morris-vs-Drake-m,2025-11-06,"Knapp Center, Des Moines, Iowa",Drake,NR,79,Robert Morris,NR,81,Robert Morris
253,2025-11-06-Wright State-vs-California-m,2025-11-06,"Haas Pavilion, Berkeley, California",California,NR,77,Wright State,NR,67,California
254,2025-11-06-Denver-vs-Washington-m,2025-11-06,"Alaska Airlines Arena, Seattle, Washington",Washington,NR,84,Denver,NR,70,Washington
255,2025-11-06-Penn State Abington-vs-Loyola (MD)-m,2025-11-06,"Reitz Arena, Baltimore, Maryland",Loyola (MD),NR,96,Penn State Abington,NR,60,Loyola (MD)
256,2025-11-06-Whittier-vs-Cal State Bakersfield-m,2025-11-06,"Icardo Center, Bakersfield, California",Cal State Bakersfield,NR,83,Whittier,NR,61,Cal State Bakersfield
257,2025-11-06-Central Pennsylvania College-vs-Morgan State-m,2025-11-06,"Hill Field House, Baltimore, Maryland",Morgan State,NR,101,Central Pennsylvania College,NR,77,Morgan State
258,2025-11-06-Curry-vs-New Hampshire-m,2025-11-06,"Lundholm Gymnasium, Durham, New Hampshire",New Hampshire,NR,113,Curry,NR,31,New Hampshire
259,2025-11-06-Bethany (WV)-vs-Bowling Green-m,2025-11-06,"Stroh Center, Bowling Green, Ohio",Bowling Green,NR,120,Bethany (WV),NR,65,Bowling Green
260,2025-11-06-Allegheny-vs-Canisius-m,2025-11-06,"Koessler Athletic Center, Buffalo, New York",Canisius,NR,84,Allegheny,NR,43,Canisius
261,2025-11-06-Toccoa Falls-vs-Charleston Southern-m,2025-11-06,"Buccaneer Fieldhouse, Charleston, South Carolina",Charleston Southern,NR,106,Toccoa Falls,NR,71,Charleston Southern
262,2025-11-06-Capital-vs-Cleveland State-m,2025-11-06,"Henry J. Goodman Arena, Cleveland, Ohio",Cleveland State,NR,71,Capital,NR,70,Cleveland State
263,2025-11-06-District of Columbia-vs-Howard-m,2025-11-06,"Burr Gymnasium, Washington, District of Columbia",Howard,NR,103,District of Columbia,NR,71,Howard
264,2025-11-06-Trinity (FL)-vs-Jacksonville-m,2025-11-06,"Swisher Gymnasium, Jacksonville, Florida",Jacksonville,NR,132,Trinity (FL),NR,45,Jacksonville
265,2025-11-06-Valley Forge-vs-Lehigh-m,2025-11-06,"Stabler Arena, Bethlehem, Pennsylvania",Lehigh,NR,91,Valley Forge,NR,52,Lehigh
266,2025-11-06-St. Louis College of Pharmacy-vs-Lindenwood-m,2025-11-06,"Hyland Performance Arena, Saint Charles, Missouri",Lindenwood,NR,116,St. Louis College of Pharmacy,NR,51,Lindenwood
267,2025-11-06-Randolph-vs-Old Dominion-m,2025-11-06,"Ted Constant Convocation Ctr., Norfolk, Virginia",Old Dominion,NR,93,Randolph,NR,53,Old Dominion
268,2025-11-06-Central Connecticut-vs-Quinnipiac-m,2025-11-06,"M&T Bank Arena, Hamden, Connecticut",Quinnipiac,NR,71,Central Connecticut,NR,49,Quinnipiac
269,2025-11-06-Northwood-vs-Western Michigan-m,2025-11-06,"University Arena, Kalamazoo, Michigan",Western Michigan,NR,81,Northwood,NR,85,Northwood
270,2025-11-06-Le Moyne-vs-Xavier-m,2025-11-06,"Cintas Center, Cincinnati, Ohio",Xavier,NR,74,Le Moyne,NR,69,Xavier
271,2025-11-06-Omaha-vs-Abilene Christian-m,2025-11-06,"Moody Coliseum , Abilene, Texas",Abilene Christian,NR,73,Omaha,NR,71,Abilene Christian
272,2025-11-06-UC-Riverside-vs-North Dakota-m,2025-11-06,"Betty Engelstad Sioux Center , Grand Forks, North Dakota",North Dakota,NR,70,UC-Riverside,NR,74,UC-Riverside
273,2025-11-06-Northwestern State-vs-North Texas-m,2025-11-06,"Super Pit, Denton, Texas",North Texas,NR,80,Northwestern State,NR,53,North Texas
274,2025-11-06-Cal State Northridge-vs-Northern Iowa-m,2025-11-06,"McLeod Center, Cedar Falls, Iowa",Northern Iowa,NR,86,Cal State Northridge,NR,57,Northern Iowa
275,2025-11-06-Chicago State-vs-Saint Louis-m,2025-11-06,"Chaifetz Arena, St. Louis, Missouri",Saint Louis,NR,108,Chicago State,NR,86,Saint Louis
276,2025-11-06-Alcorn State-vs-South Alabama-m,2025-11-06,"Mitchell Center, Mobile, Alabama",South Alabama,NR,76,Alcorn State,NR,70,South Alabama
277,2025-11-06-Dakota State-vs-South Dakota State-m,2025-11-06,"First Bank & Trust Arena, Brookings, South Dakota",South Dakota State,NR,68,Dakota State,NR,62,South Dakota State
278,2025-11-06-Texas A&M-Corpus Christi-vs-SMU-m,2025-11-06,"Moody Coliseum, Dallas, Texas",SMU,NR,69,Texas A&M-Corpus Christi,NR,58,SMU
279,2025-11-06-Tougaloo-vs-Southern Miss-m,2025-11-06,"Reed Green Coliseum, Hattiesburg, Mississippi",Southern Miss,NR,93,Tougaloo,NR,57,Southern Miss
280,2025-11-06-Texas Southern-vs-Texas A&M-m,2025-11-06,"Reed Arena, College Station, Texas",Texas A&M,NR,104,Texas Southern,NR,70,Texas A&M
281,2025-11-06-Saint Francis (PA)-vs-TCU-m,2025-11-06,"Ed & Rae Schollmaier Arena, Fort Worth, Texas",TCU,NR,104,Saint Francis (PA),NR,63,TCU
282,2025-11-06-Mercyhurst-vs-Loyola (IL)-m,2025-11-06,"Joseph J. Gentile Center, Chicago, Illinois",Loyola (IL),NR,65,Mercyhurst,NR,73,Mercyhurst
283,2025-11-06-Arkansas-Pine Bluff-vs-Portland-m,2025-11-06,"Chiles Center, Portland, Oregon",Portland,NR,83,Arkansas-Pine Bluff,NR,74,Portland
284,2025-11-07-Oakland-vs-Purdue-m,2025-11-07,"Mackey Arena, West Lafayette, Indiana",Purdue, 1 ,87,Oakland,NR,77,Purdue
285,2025-11-07-UMass-Lowell-vs-UConn-m,2025-11-07,"PeoplesBank Arena, Hartford, Connecticut",UConn, 4 ,110,UMass-Lowell,NR,47,UConn
286,2025-11-07-Valparaiso-vs-Kentucky-m,2025-11-07,"Rupp Arena, Lexington, Kentucky",Kentucky, 9 ,107,Valparaiso,NR,59,Kentucky
287,2025-11-07-Sam Houston-vs-Texas Tech-m,2025-11-07,"United Supermarkets Arena, Lubbock, Texas",Texas Tech, 10 ,98,Sam Houston,NR,77,Texas Tech
288,2025-11-07-Pepperdine-vs-UCLA-m,2025-11-07,"Pauley Pavilion, Los Angeles, California",UCLA, 12 ,74,Pepperdine,NR,63,UCLA
289,2025-11-07-Utah Tech-vs-Arizona-m,2025-11-07,"McKale Center, Tucson, Arizona",Arizona, 13 ,93,Utah Tech,NR,67,Arizona
290,2025-11-07-Florida Gulf Coast-vs-Illinois-m,2025-11-07,"State Farm Center, Champaign, Illinois",Illinois, 17 ,113,Florida Gulf Coast,NR,70,Illinois
291,2025-11-07-Kansas-vs-UNC-m,2025-11-07,"Dean Smith Center, Chapel Hill, North Carolina",UNC, 25 ,87,Kansas, 19 ,74,UNC
292,2025-11-07-Northern Illinois-vs-Wisconsin-m,2025-11-07,"Kohl Center, Madison, Wisconsin",Wisconsin, 24 ,97,Northern Illinois,NR,72,Wisconsin
293,2025-11-07-Gardner-Webb-vs-Clemson-m,2025-11-07,"Littlejohn Coliseum, Clemson, South Carolina",Clemson,NR,97,Gardner-Webb,NR,59,Clemson
294,2025-11-07-Virginia University of Lynchburg-vs-Coastal Carolina-m,2025-11-07,"The HTC Center, Conway, South Carolina",Coastal Carolina,NR,121,Virginia University of Lynchburg,NR,44,Coastal Carolina
295,2025-11-07-Wilmington (DE)-vs-Delaware-m,2025-11-07,"Bob Carpenter Center, Newark, Delaware",Delaware,NR,62,Wilmington (DE),NR,71,Wilmington (DE)
296,2025-11-07-Alabama State-vs-Florida State-m,2025-11-07,"Donald L. Tucker Center, Tallahassee, Florida",Florida State,NR,101,Alabama State,NR,64,Florida State
297,2025-11-07-Troy-vs-Furman-m,2025-11-07,"Timmons Arena, Greenville, South Carolina",Furman,NR,61,Troy,NR,64,Troy
298,2025-11-07-Winthrop-vs-George Mason-m,2025-11-07,"EagleBank Arena, Fairfax, Virginia",George Mason,NR,96,Winthrop,NR,90,George Mason
299,2025-11-07-Bryant-vs-Georgia Tech-m,2025-11-07,"McCamish Pavilion, Atlanta, Georgia",Georgia Tech,NR,74,Bryant,NR,45,Georgia Tech
300,2025-11-07-College of Charleston-vs-Liberty-m,2025-11-07,"Liberty Arena, Lynchburg, Virginia",Liberty,NR,90,College of Charleston,NR,75,Liberty
301,2025-11-07-Georgetown-vs-Maryland-m,2025-11-07,"Xfinity Center, College Park, Maryland",Maryland,NR,60,Georgetown,NR,70,Georgetown
302,2025-11-07-Purdue Fort Wayne-vs-Ohio State-m,2025-11-07,"Value City Arena, Columbus, Ohio",Ohio State,NR,94,Purdue Fort Wayne,NR,68,Ohio State
303,2025-11-07-Longwood-vs-Pitt-m,2025-11-07,"Petersen Events Center, Pittsburgh, Pennsylvania",Pitt,NR,78,Longwood,NR,60,Pitt
304,2025-11-07-Morehead State-vs-Wake Forest-m,2025-11-07,"Lawrence Joel Coliseum, Winston-Salem, North Carolina",Wake Forest,NR,81,Morehead State,NR,65,Wake Forest
305,2025-11-07-Mississippi Valley State-vs-Murray State-m,2025-11-07,"CFSB Center, Murray, Kentucky",Murray State,NR,108,Mississippi Valley State,NR,60,Murray State
306,2025-11-07-Kansas City-vs-Southern Illinois-m,2025-11-07,"The SIU Arena, Carbondale, Illinois",Southern Illinois,NR,101,Kansas City,NR,78,Southern Illinois
307,2025-11-07-Arkansas State-vs-Stephen F. Austin-m,2025-11-07,"William Johnson Coliseum, Nacogdoches, Texas",Stephen F. Austin,NR,90,Arkansas State,NR,65,Stephen F. Austin
308,2025-11-07-SIU-Edwardsville-vs-UTSA-m,2025-11-07,"Convocation Center, San Antonio, Texas",UTSA,NR,60,SIU-Edwardsville,NR,77,SIU-Edwardsville
309,2025-11-07-Rice-vs-Oregon-m,2025-11-07,"Matthew Knight Arena, Eugene, Oregon",Oregon,NR,67,Rice,NR,63,Oregon
310,2025-11-07-Idaho State-vs-San Diego-m,2025-11-07,"Jenny Craig Pavillion, San Diego, California",San Diego,NR,68,Idaho State,NR,71,Idaho State
311,2025-11-07-Calumet College-vs-Evansville-m,2025-11-07,"Ford Center, Evansville, Indiana",Evansville,NR,92,Calumet College,NR,50,Evansville
312,2025-11-07-Columbia-vs-New Haven-m,2025-11-07,"Charger Gymnasium, West Haven, Connecticut",New Haven,NR,53,Columbia,NR,71,Columbia
313,2025-11-07-Northeastern-vs-Colgate-m,2025-11-07,"Cotterell Court, Hamilton, New York",Colgate,NR,65,Northeastern,NR,68,Northeastern
314,2025-11-07-MIT-vs-Harvard-m,2025-11-07,"Lavietes Pavilion, Boston, Massachusetts",Harvard,NR,79,MIT,NR,50,Harvard
315,2025-11-07-Green Bay-vs-Buffalo-m,2025-11-07,"Alumni Arena, Buffalo, New York",Buffalo,NR,83,Green Bay,NR,76,Buffalo
316,2025-11-07-Jarvis Christian-vs-Incarnate Word-m,2025-11-07,"McDermott Center, San Antonio, Texas",Incarnate Word,NR,104,Jarvis Christian,NR,60,Incarnate Word
317,2025-11-07-Boston University-vs-Northwestern-m,2025-11-07,"Welsh-Ryan Arena, Evanston, Illinois",Northwestern,NR,76,Boston University,NR,52,Northwestern
318,2025-11-07-Tulsa-vs-Rhode Island-m,2025-11-07,"Alumni Hall, Annapolis, Maryland",Rhode Island,NR,65,Tulsa,NR,82,Tulsa
319,2025-11-07-Mansfield-vs-Ball State-m,2025-11-07,"Worthen Arena, Muncie, Indiana",Ball State,NR,84,Mansfield,NR,54,Ball State
320,2025-11-07-Siena-vs-Brown-m,2025-11-07,"Pizzitola Sports Center, Providence, Rhode Island",Brown,NR,46,Siena,NR,62,Siena
321,2025-11-07-Tennessee Tech-vs-Charlotte-m,2025-11-07,"Dale F. Halton Arena, Charlotte, North Carolina",Charlotte,NR,70,Tennessee Tech,NR,65,Charlotte
322,2025-11-07-Georgia State-vs-Cincinnati-m,2025-11-07,"Fifth Third Arena, Cincinnati, Ohio",Cincinnati,NR,74,Georgia State,NR,64,Cincinnati
323,2025-11-07-Washington State-vs-Davidson-m,2025-11-07,"Belk Arena, Davidson, North Carolina",Davidson,NR,85,Washington State,NR,69,Davidson
324,2025-11-07-Sacred Heart-vs-Duquesne-m,2025-11-07,"A.J. Palumbo Center, Pittsburgh, Pennsylvania",Duquesne,NR,92,Sacred Heart,NR,80,Duquesne
325,2025-11-07-Mount Saint Mary (NY)-vs-Fordham-m,2025-11-07,"Rose Hill Gym, Bronx, New York",Fordham,NR,106,Mount Saint Mary (NY),NR,37,Fordham
326,2025-11-07-Hofstra-vs-Iona-m,2025-11-07,"Hynes Athletics Center, New Rochelle, New York",Iona,NR,81,Hofstra,NR,73,Iona
327,2025-11-07-Western Illinois-vs-Iowa-m,2025-11-07,"Carver-Hawkeye Arena, Iowa City, Iowa",Iowa,NR,77,Western Illinois,NR,58,Iowa
328,2025-11-07-Cornell-vs-Kent State-m,2025-11-07,"Memorial Athletic & Convocation Center, Kent, Ohio",Kent State,NR,110,Cornell,NR,102,Kent State
329,2025-11-07-Trinity Christian-vs-Miami (OH)-m,2025-11-07,"Millett Hall, Oxford, Ohio",Miami (OH),NR,129,Trinity Christian,NR,49,Miami (OH)
330,2025-11-07-Louisiana-Monroe-vs-Ole Miss-m,2025-11-07,"The Sandy and John Black Pavilion at Ole Miss, University, Mississippi",Ole Miss,NR,86,Louisiana-Monroe,NR,65,Ole Miss
331,2025-11-07-Bucknell-vs-Mount St. Mary's-m,2025-11-07,"Knott Arena, Emmitsburg, Maryland",Mount St. Mary's,NR,62,Bucknell,NR,73,Bucknell
332,2025-11-07-Lane-vs-North Alabama-m,2025-11-07,"Flowers Hall, Florence, Alabama",North Alabama,NR,90,Lane,NR,84,North Alabama
333,2025-11-07-Detroit Mercy-vs-Notre Dame-m,2025-11-07,"Purcell Pavilion at the Joyce Center, South Bend, Indiana",Notre Dame,NR,102,Detroit Mercy,NR,70,Notre Dame
334,2025-11-07-Rowan-vs-Penn-m,2025-11-07,"The Palestra, Philadelphia, Pennsylvania",Penn,NR,119,Rowan,NR,72,Penn
335,2025-11-07-West Virginia Wesleyan-vs-Radford-m,2025-11-07,"Donald N. Dedmon Center, Radford, Virginia",Radford,NR,99,West Virginia Wesleyan,NR,61,Radford
336,2025-11-07-Wagner-vs-Seton Hall-m,2025-11-07,"Walsh Gymnasium, South Orange, New Jersey",Seton Hall,NR,68,Wagner,NR,61,Seton Hall
337,2025-11-07-Univ. of Ft. Lauderdale-vs-Stetson-m,2025-11-07,"Edmunds Center, DeLand, Florida",Stetson,NR,106,Univ. of Ft. Lauderdale,NR,77,Stetson
338,2025-11-07-North Carolina Central-vs-Virginia-m,2025-11-07,"John Paul Jones Arena, Charlottesville, Virginia",Virginia,NR,81,North Carolina Central,NR,62,Virginia
339,2025-11-07-Huntingdon-vs-West Georgia-m,2025-11-07,"The Coliseum, Carrollton, Georgia",West Georgia,NR,120,Huntingdon,NR,83,West Georgia
340,2025-11-07-Stonehill-vs-DePaul-m,2025-11-07,"Wintrust Arena, Chicago, Illinois",DePaul,NR,72,Stonehill,NR,64,DePaul
341,2025-11-07-Nicholls State-vs-Eastern Illinois-m,2025-11-07,"Lantz Arena, Charleston, Illinois",Eastern Illinois,NR,65,Nicholls State,NR,57,Eastern Illinois
342,2025-11-07-Southeastern Louisiana-vs-Louisiana-m,2025-11-07,"Cajundome, Lafayette, Louisiana",Louisiana,NR,58,Southeastern Louisiana,NR,52,Louisiana
343,2025-11-07-Southeast Missouri State-vs-Missouri-m,2025-11-07,"Mizzou Arena, Columbia, Missouri",Missouri,NR,89,Southeast Missouri State,NR,84,Missouri
344,2025-11-07-Yale-vs-Navy-m,2025-11-07,"Alumni Hall, Annapolis, Maryland",Navy,NR,68,Yale,NR,97,Yale
345,2025-11-07-Justice College-vs-Northern Arizona-m,2025-11-07,"Rolle Activity Center, Flagstaff, Arizona",Northern Arizona,NR,87,Justice College,NR,55,Northern Arizona
346,2025-11-07-Colorado Christian-vs-Northern Colorado-m,2025-11-07,"Bank of Colorado Arena, Greeley, Colorado",Northern Colorado,NR,101,Colorado Christian,NR,65,Northern Colorado
347,2025-11-07-UIC-vs-Oregon State-m,2025-11-07,"Gill Coliseum, Corvallis, Oregon",Oregon State,NR,76,UIC,NR,73,Oregon State
348,2025-11-07-South Carolina State-vs-Samford-m,2025-11-07,"Pete Hanna Center, Birmingham, Alabama",Samford,NR,82,South Carolina State,NR,72,Samford
349,2025-11-07-VMI-vs-Southern Indiana-m,2025-11-07,"Screaming Eagles Arena, Evansville, Indiana",Southern Indiana,NR,74,VMI,NR,78,VMI
350,2025-11-07-Youngstown State-vs-Grand Canyon-m,2025-11-07,"GCU Arena, Phoenix, Arizona",Grand Canyon,NR,81,Youngstown State,NR,90,Youngstown State
351,2025-11-07-Whitman-vs-Idaho-m,2025-11-07,"ICCU Arena, Moscow, Idaho",Idaho,NR,94,Whitman,NR,49,Idaho
352,2025-11-07-UAB-vs-NC State-m,2025-11-07,"Lenovo Center, Raleigh, North Carolina",NC State,NR,94,UAB,NR,70,NC State
353,2025-11-07-Western New Mexico-vs-UTEP-m,2025-11-07,"Don Haskins Center, El Paso, Texas",UTEP,NR,107,Western New Mexico,NR,70,UTEP
354,2025-11-07-Utah State-vs-VCU-m,2025-11-07,"Comerica Center, Frisco, Texas",VCU,NR,77,Utah State,NR,80,Utah State
355,2025-11-07-California Baptist-vs-UC-Irvine-m,2025-11-07,"Bren Events Center, Irvine, California",UC-Irvine,NR,61,California Baptist,NR,69,California Baptist
356,2025-11-07-Northwest Indian College-vs-Portland State-m,2025-11-07,"Peter W. Stott Center, Portland, Oregon",Portland State,NR,122,Northwest Indian College,NR,74,Portland State
357,2025-11-07-William Jessup-vs-Sacramento State-m,2025-11-07,,Sacramento State,NR,86,William Jessup,NR,76,Sacramento State
358,2025-11-07-Chattanooga-vs-Saint Mary's-m,2025-11-07,"McKeon Pavilion, Moraga, California",Saint Mary's,NR,87,Chattanooga,NR,66,Saint Mary's
359,2025-11-07-McNeese State-vs-Santa Clara-m,2025-11-07,"Leavey Center, Santa Clara, California",Santa Clara,NR,79,McNeese State,NR,67,Santa Clara
360,2025-11-08-Towson-vs-Houston-m,2025-11-08,"Hofheinz Pavilion, Houston, Texas",Houston, 2 ,65,Towson,NR,48,Houston
361,2025-11-08-Alabama-vs-St. John's (NY)-m,2025-11-08,"Madison Square Garden (IV), New York, New York",St. John's (NY), 5 ,96,Alabama, 15 ,103,Alabama
362,2025-11-08-Western Carolina-vs-Duke-m,2025-11-08,"Cameron Indoor Stadium, Durham, North Carolina",Duke, 6 ,95,Western Carolina,NR,54,Duke
363,2025-11-08-Holy Cross-vs-BYU-m,2025-11-08,"Marriott Center, Provo, Utah",BYU, 8 ,98,Holy Cross,NR,53,BYU
364,2025-11-08-Arkansas-vs-Michigan State-m,2025-11-08,"Breslin Events Center, East Lansing, Michigan",Michigan State, 22 ,69,Arkansas, 14 ,66,Michigan State
365,2025-11-08-Northern Kentucky-vs-Tennessee-m,2025-11-08,"Thompson-Boling Arena, Knoxville, Tennessee",Tennessee, 18 ,95,Northern Kentucky,NR,56,Tennessee
366,2025-11-08-Oklahoma-vs-Gonzaga-m,2025-11-08,"Spokane Veterans Memorial Arena, Spokane, Washington",Gonzaga, 21 ,83,Oklahoma,NR,68,Gonzaga
367,2025-11-08-Princeton-vs-Akron-m,2025-11-08,"James A. Rhodes Arena, Akron, Ohio",Akron,NR,104,Princeton,NR,69,Akron
368,2025-11-08-Vanderbilt-vs-UCF-m,2025-11-08,"CFE Arena, Orlando, Florida",UCF,NR,93,Vanderbilt,NR,105,Vanderbilt
369,2025-11-08-Florida Atlantic-vs-College of Charleston-m,2025-11-08,"Liberty Arena, Lynchburg, Virginia",College of Charleston,NR,77,Florida Atlantic,NR,94,Florida Atlantic
370,2025-11-08-UMBC-vs-Dayton-m,2025-11-08,"University of Dayton Arena, Dayton, Ohio",Dayton,NR,77,UMBC,NR,71,Dayton
371,2025-11-08-ETSU-vs-Presbyterian-m,2025-11-08,"Templeton Center, Clinton, South Carolina",Presbyterian,NR,68,ETSU,NR,64,Presbyterian
372,2025-11-08-East Carolina-vs-Richmond-m,2025-11-08,"Robins Center, Richmond, Virginia",Richmond,NR,87,East Carolina,NR,72,Richmond
373,2025-11-08-Canisius-vs-St. Bonaventure-m,2025-11-08,"Reilly Center, St. Bonaventure, New York",St. Bonaventure,NR,89,Canisius,NR,70,St. Bonaventure
374,2025-11-08-Delaware State-vs-Syracuse-m,2025-11-08,"JMA Wireless Dome, Syracuse, New York",Syracuse,NR,83,Delaware State,NR,43,Syracuse
375,2025-11-08-Queens (NC)-vs-Villanova-m,2025-11-08,"Finneran Pavilion, Villanova, Pennsylvania",Villanova,NR,94,Queens (NC),NR,74,Villanova
376,2025-11-08-Milwaukee-vs-Wofford-m,2025-11-08,"Richardson Indoor Stadium, Spartanburg, South Carolina",Wofford,NR,86,Milwaukee,NR,76,Wofford
377,2025-11-08-San Francisco-vs-Memphis-m,2025-11-08,"FedExForum, Memphis, Tennessee",Memphis,NR,76,San Francisco,NR,70,Memphis
378,2025-11-08-Webster-vs-Middle Tennessee-m,2025-11-08,"Murphy Athletic Center, Murfreesboro, Tennessee",Middle Tennessee,NR,109,Webster,NR,56,Middle Tennessee
379,2025-11-08-John Brown-vs-Oral Roberts-m,2025-11-08,"Mabee Center, Tulsa, Oklahoma",Oral Roberts,NR,84,John Brown,NR,50,Oral Roberts
380,2025-11-08-Prairie View-vs-Wichita State-m,2025-11-08,"Charles Koch Arena, Wichita, Kansas",Wichita State,NR,105,Prairie View,NR,62,Wichita State
381,2025-11-08-Utah Valley-vs-Boise State-m,2025-11-08,"ExtraMile Arena, Boise, Idaho",Boise State,NR,101,Utah Valley,NR,77,Boise State
382,2025-11-08-Eastern Washington-vs-Colorado-m,2025-11-08,"Coors Events/Conference Center, Boulder, Colorado",Colorado,NR,102,Eastern Washington,NR,97,Colorado
383,2025-11-08-UT Arlington-vs-New Mexico-m,2025-11-08,"The Pit, Albuquerque, New Mexico",New Mexico,NR,74,UT Arlington,NR,56,New Mexico
384,2025-11-08-Weber State-vs-Utah-m,2025-11-08,"Jon M. Huntsman Center, Salt Lake City, Utah",Utah,NR,92,Weber State,NR,89,Utah
385,2025-11-08-Chattanooga-vs-UNLV-m,2025-11-08,"Thomas & Mack Center, Las Vegas, Nevada",UNLV,NR,101,Chattanooga,NR,69,UNLV
386,2025-11-08-Alcorn State-vs-Minnesota-m,2025-11-08,"Williams Arena, Minneapolis, Minnesota",Minnesota,NR,95,Alcorn State,NR,50,Minnesota
387,2025-11-08-Southern Virginia-vs-USC Upstate-m,2025-11-08,"G.B. Hodge Center, Spartanburg, South Carolina",USC Upstate,NR,105,Southern Virginia,NR,46,USC Upstate
388,2025-11-08-Kennesaw State-vs-Florida A&M-m,2025-11-08,"Al Lawson Center, Tallahassee, Florida",Florida A&M,NR,72,Kennesaw State,NR,92,Kennesaw State
389,2025-11-08-South Florida-vs-George Washington-m,2025-11-08,"Mohegan Sun Arena, Uncasville, Connecticut",George Washington,NR,99,South Florida,NR,95,George Washington
390,2025-11-08-Florida International-vs-Nebraska-m,2025-11-08,"Pinnacle Bank Arena, Lincoln, Nebraska",Nebraska,NR,96,Florida International,NR,66,Nebraska
391,2025-11-08-Penn State-vs-New Haven-m,2025-11-08,"Charger Gymnasium, West Haven, Connecticut",New Haven,NR,43,Penn State,NR,87,Penn State
392,2025-11-08-Drexel-vs-St. Joseph's-m,2025-11-08,"Hagan Arena, Philadelphia, Pennsylvania",St. Joseph's,NR,76,Drexel,NR,65,St. Joseph's
393,2025-11-08-Niagara-vs-Binghamton-m,2025-11-08,"Events Center, Binghamton, New York",Binghamton,NR,59,Niagara,NR,67,Niagara
394,2025-11-08-Champion Christian-vs-Central Arkansas-m,2025-11-08,"Jeff Farris Center, Conway, Arkansas",Central Arkansas,NR,110,Champion Christian,NR,63,Central Arkansas
395,2025-11-08-FDU-vs-St. Peter's-m,2025-11-08,"Yanitelli Center, Jersey City, New Jersey",St. Peter's,NR,93,FDU,NR,83,St. Peter's
396,2025-11-08-Marshall-vs-Toledo-m,2025-11-08,"John F. Savage Hall, Toledo, Ohio",Toledo,NR,73,Marshall,NR,85,Marshall
397,2025-11-08-Texas State-vs-Tulane-m,2025-11-08,"Devlin Fieldhouse, New Orleans, Louisiana",Tulane,NR,79,Texas State,NR,71,Tulane
398,2025-11-08-UNC Asheville-vs-Georgia Southern-m,2025-11-08,"Jack and Ruth Ann Hill Convocation Center, Statesboro, Georgia",Georgia Southern,NR,93,UNC Asheville,NR,90,Georgia Southern
399,2025-11-08-Monmouth-vs-La Salle-m,2025-11-08,"John Glaser Arena, Philadelphia, Pennsylvania",La Salle,NR,73,Monmouth,NR,60,La Salle
400,2025-11-08-Penn State New Kensington-vs-Mercyhurst-m,2025-11-08,"Mercyhurst Athletic Center, Erie, Pennsylvania",Mercyhurst,NR,94,Penn State New Kensington,NR,43,Mercyhurst
401,2025-11-08-Lafayette-vs-Texas-m,2025-11-08,"Moody Center, Austin, Texas",Texas,NR,97,Lafayette,NR,60,Texas
402,2025-11-08-Austin Peay-vs-Air Force-m,2025-11-08,"Clune Arena , Colorado Springs, Colorado",Air Force,NR,54,Austin Peay,NR,74,Austin Peay
403,2025-11-08-San Jose State-vs-UCSB-m,2025-11-08,"The Thunderdome, Santa Barbara, California",UCSB,NR,85,San Jose State,NR,74,UCSB
404,2025-11-08-Cheyney-vs-Maryland-Eastern Shore-m,2025-11-08,"Hytche Athletic Center, Princess Anne, Maryland",Maryland-Eastern Shore,NR,104,Cheyney,NR,59,Maryland-Eastern Shore
405,2025-11-08-Elon-vs-UNC Greensboro-m,2025-11-08,"Fleming Gymnasium, Greensboro, North Carolina",UNC Greensboro,NR,90,Elon,NR,92,Elon
406,2025-11-08-Spring Hill-vs-South Alabama-m,2025-11-08,"Mitchell Center, Mobile, Alabama",South Alabama,NR,99,Spring Hill,NR,50,South Alabama
407,2025-11-08-Montana-vs-Stanford-m,2025-11-08,"Maples Pavilion, Stanford, California",Stanford,NR,91,Montana,NR,68,Stanford
408,2025-11-08-Providence-vs-Virginia Tech-m,2025-11-08,"Mohegan Sun Arena, Uncasville, Connecticut",Virginia Tech,NR,107,Providence,NR,101,Virginia Tech
409,2025-11-08-Cal State Fullerton-vs-Wyoming-m,2025-11-08,"Arena-Auditorium, Laramie, Wyoming",Wyoming,NR,92,Cal State Fullerton,NR,82,Wyoming
410,2025-11-08-IU Indianapolis-vs-Butler-m,2025-11-08,"Hinkle Fieldhouse, Indianapolis, Indiana",Butler,NR,112,IU Indianapolis,NR,80,Butler
411,2025-11-08-Long Beach State-vs-Fresno State-m,2025-11-08,"Save Mart Center, Fresno, California",Fresno State,NR,82,Long Beach State,NR,62,Fresno State
412,2025-11-08-Averett-vs-High Point-m,2025-11-08,"Qubein Center, High Point, North Carolina",High Point,NR,127,Averett,NR,52,High Point
413,2025-11-08-Maine-vs-Stony Brook-m,2025-11-08,"Island Federal Credit Union, Stony Brook, New York",Stony Brook,NR,71,Maine,NR,60,Stony Brook
414,2025-11-08-Albany (NY)-vs-UMass-m,2025-11-08,"Mullins Center, Amherst, Massachusetts",UMass,NR,83,Albany (NY),NR,62,UMass
415,2025-11-08-Fairfield-vs-NJIT-m,2025-11-08,"Joel and Diane Bloom Wellness and Events Center, Newark, New Jersey",NJIT,NR,53,Fairfield,NR,74,Fairfield
416,2025-11-08-William & Mary-vs-Norfolk State-m,2025-11-08,"Echols Memorial Hall, Norfolk, Virginia",Norfolk State,NR,78,William & Mary,NR,81,William & Mary
417,2025-11-08-Texas A&M-Corpus Christi-vs-Tarleton State-m,2025-11-08,,Tarleton State,NR,85,Texas A&M-Corpus Christi,NR,77,Tarleton State
418,2025-11-08-Tennessee State-vs-Belmont-m,2025-11-08,"Curb Event Center, Nashville, Tennessee",Belmont,NR,87,Tennessee State,NR,79,Belmont
419,2025-11-08-Central Michigan-vs-Bradley-m,2025-11-08,"Carver Arena, Peoria, Illinois",Bradley,NR,85,Central Michigan,NR,54,Bradley
420,2025-11-08-Bellarmine-vs-Kansas State-m,2025-11-08,"Bramlage Coliseum, Manhattan, Kansas",Kansas State,NR,98,Bellarmine,NR,71,Kansas State
421,2025-11-08-Northwestern Oklahoma State-vs-Missouri State-m,2025-11-08,"JQH Arena, Springfield, Missouri",Missouri State,NR,106,Northwestern Oklahoma State,NR,57,Missouri State
422,2025-11-08-Texas-Rio Grande Valley-vs-Southern Utah-m,2025-11-08,"Centrum, Cedar City, Utah",Southern Utah,NR,72,Texas-Rio Grande Valley,NR,95,Texas-Rio Grande Valley
423,2025-11-08-Army-vs-St. Thomas-m,2025-11-08,,St. Thomas,NR,83,Army,NR,76,St. Thomas
424,2025-11-08-Arkansas-Pine Bluff-vs-Loyola Marymount-m,2025-11-08,"Albert Gersten Pavilion, Los Angeles, California",Loyola Marymount,NR,94,Arkansas-Pine Bluff,NR,72,Loyola Marymount
425,2025-11-08-Houston Christian-vs-UC-San Diego-m,2025-11-08,"RIMAC Arena, La Jolla, California",UC-San Diego,NR,78,Houston Christian,NR,60,UC-San Diego
426,2025-11-08-Pacific-vs-Nevada-m,2025-11-08,"Lawlor Events Center, Reno, Nevada",Nevada,NR,78,Pacific,NR,77,Nevada
427,2025-11-08-Cal Poly-vs-Seattle-m,2025-11-08,"Redhawk Center, Seattle, Washington",Seattle,NR,71,Cal Poly,NR,73,Cal Poly
428,2025-11-09-North Carolina Central-vs-Appalachian State-m,2025-11-09,"Holmes Convocation Center, Boone, North Carolina",Appalachian State,NR,76,North Carolina Central,NR,54,Appalachian State
429,2025-11-09-Western Michigan-vs-Campbell-m,2025-11-09,"John W. Pope Jr. Convocation Center, Buies Creek, North Carolina",Campbell,NR,91,Western Michigan,NR,82,Campbell
430,2025-11-09-Coppin State-vs-James Madison-m,2025-11-09,"Atlantic Union Bank Center, Harrisonburg, Virginia",James Madison,NR,84,Coppin State,NR,70,James Madison
431,2025-11-09-Florida Atlantic-vs-Liberty-m,2025-11-09,"Liberty Arena, Lynchburg, Virginia",Liberty,NR,88,Florida Atlantic,NR,68,Liberty
432,2025-11-09-Lehigh-vs-West Virginia-m,2025-11-09,"WVU Coliseum, Morgantown, West Virginia",West Virginia,NR,69,Lehigh,NR,47,West Virginia
433,2025-11-09-Washington-vs-Baylor-m,2025-11-09,"Foster Pavilion, Waco, Texas",Baylor,NR,78,Washington,NR,69,Baylor
434,2025-11-09-Omaha-vs-Colorado State-m,2025-11-09,"Moby Arena, Fort Collins, Colorado",Colorado State,NR,97,Omaha,NR,74,Colorado State
435,2025-11-09-Lipscomb-vs-Mercer-m,2025-11-09,"University Center, Hammond, Louisiana",Mercer,NR,92,Lipscomb,NR,77,Mercer
436,2025-11-09-Idaho State-vs-San Diego State-m,2025-11-09,"Viejas Arena, San Diego, California",San Diego State,NR,73,Idaho State,NR,57,San Diego State
437,2025-11-09-Manhattan-vs-USC-m,2025-11-09,"Galen Center, Los Angeles, California",USC,NR,114,Manhattan,NR,83,USC
438,2025-11-09-New Hampshire-vs-Harvard-m,2025-11-09,"Lavietes Pavilion, Boston, Massachusetts",Harvard,NR,86,New Hampshire,NR,75,Harvard
439,2025-11-09-Penn-vs-American-m,2025-11-09,"Bender Arena, Washington, District of Columbia",American,NR,84,Penn,NR,78,American
440,2025-11-09-Indiana-vs-Marquette-m,2025-11-09,"United Center, Chicago, Illinois",Marquette,NR,77,Indiana,NR,100,Indiana
441,2025-11-09-Le Moyne-vs-Bowling Green-m,2025-11-09,"Stroh Center, Bowling Green, Ohio",Bowling Green,NR,83,Le Moyne,NR,60,Bowling Green
442,2025-11-09-Vermont-vs-Brown-m,2025-11-09,"Pizzitola Sports Center, Providence, Rhode Island",Brown,NR,84,Vermont,NR,89,Vermont
443,2025-11-09-Marist-vs-Dartmouth-m,2025-11-09,"Leede Arena, Hanover, New Hampshire",Dartmouth,NR,56,Marist,NR,75,Marist
444,2025-11-09-Morehead State-vs-Georgia-m,2025-11-09,"Stegeman Coliseum, Athens, Georgia",Georgia,NR,120,Morehead State,NR,81,Georgia
445,2025-11-09-Cornell-vs-Illinois State-m,2025-11-09,"Redbird Arena, Normal, Illinois",Illinois State,NR,76,Cornell,NR,65,Illinois State
446,2025-11-09-Dominican (IL)-vs-Purdue Fort Wayne-m,2025-11-09,"Hilliard Gates Sports Center, Fort Wayne, Indiana",Purdue Fort Wayne,NR,137,Dominican (IL),NR,56,Purdue Fort Wayne
447,2025-11-09-VMI-vs-Missouri-m,2025-11-09,"Mizzou Arena, Columbia, Missouri",Missouri,NR,106,VMI,NR,68,Missouri
448,2025-11-09-South Dakota State-vs-Northern Iowa-m,2025-11-09,"McLeod Center, Cedar Falls, Iowa",Northern Iowa,NR,65,South Dakota State,NR,58,Northern Iowa
449,2025-11-09-Texas A&M-vs-Oklahoma State-m,2025-11-09,"Gallagher-Iba Arena, Stillwater, Oklahoma",Oklahoma State,NR,87,Texas A&M,NR,63,Oklahoma State
450,2025-11-09-Ozark Christian College-vs-South Dakota-m,2025-11-09,"Sanford Coyote Sports Center, Vermillon, South Dakota",South Dakota,NR,121,Ozark Christian College,NR,65,South Dakota
451,2025-11-09-Utah Tech-vs-Arizona State-m,2025-11-09,"Desert Financial Arena, Tempe, Arizona",Arizona State,NR,81,Utah Tech,NR,66,Arizona State
452,2025-11-09-Lyon-vs-Louisiana Tech-m,2025-11-09,"Thomas Assembly Center, Ruston, Louisiana",Louisiana Tech,NR,93,Lyon,NR,35,Louisiana Tech
453,2025-11-09-Denver-vs-Montana State-m,2025-11-09,"Worthington Arena, Bozeman, Montana",Montana State,NR,73,Denver,NR,75,Denver
454,2025-11-09-Cal State Northridge-vs-North Dakota-m,2025-11-09,"Betty Engelstad Sioux Center , Grand Forks, North Dakota",North Dakota,NR,85,Cal State Northridge,NR,93,Cal State Northridge
455,2025-11-09-Oakland City-vs-Evansville-m,2025-11-09,"Ford Center, Evansville, Indiana",Evansville,NR,76,Oakland City,NR,47,Evansville
456,2025-11-09-North Texas-vs-Loyola (IL)-m,2025-11-09,,Loyola (IL),NR,62,North Texas,NR,64,North Texas
457,2025-11-09-UC-Davis-vs-Portland-m,2025-11-09,"Chiles Center, Portland, Oregon",Portland,NR,67,UC-Davis,NR,63,Portland
458,2025-11-09-Grambling-vs-Howard-m,2025-11-09,"Burr Gymnasium, Washington, District of Columbia",Howard,NR,70,Grambling,NR,73,Grambling
459,2025-11-09-Southern Miss-vs-South Carolina-m,2025-11-09,"The Colonial Life Arena, Columbia, South Carolina",South Carolina,NR,83,Southern Miss,NR,79,South Carolina
460,2025-11-09-Kentucky Christian-vs-UT-Martin-m,2025-11-09,"Skyhawk Arena, Martin, Tennessee",UT-Martin,NR,97,Kentucky Christian,NR,42,UT-Martin
461,2025-11-10-Columbia-vs-UConn-m,2025-11-10,"Harry A. Gampel Pavilion, Storrs, Connecticut",UConn, 3 ,89,Columbia,NR,62,UConn
462,2025-11-10-West Georgia-vs-UCLA-m,2025-11-10,"Pauley Pavilion, Los Angeles, California",UCLA, 15 ,83,West Georgia,NR,62,UCLA
463,2025-11-10-Mississippi State-vs-Iowa State-m,2025-11-10,"Sanford Pentagon, Sioux Falls, South Dakota",Iowa State, 16 ,96,Mississippi State,NR,80,Iowa State
464,2025-11-10-Western Kentucky-vs-Eastern Kentucky-m,2025-11-10,"McBrayer Arena, Richmond, Kentucky",Eastern Kentucky,NR,79,Western Kentucky,NR,87,Western Kentucky
465,2025-11-10-Columbia International-vs-Furman-m,2025-11-10,"Timmons Arena, Greenville, South Carolina",Furman,NR,89,Columbia International,NR,59,Furman
466,2025-11-10-Southeastern Louisiana-vs-Georgia Tech-m,2025-11-10,"McCamish Pavilion, Atlanta, Georgia",Georgia Tech,NR,70,Southeastern Louisiana,NR,60,Georgia Tech
467,2025-11-10-UNC Wilmington-vs-Kent State-m,2025-11-10,"Memorial Athletic & Convocation Center, Kent, Ohio",Kent State,NR,86,UNC Wilmington,NR,77,Kent State
468,2025-11-10-New Haven-vs-UMass-Lowell-m,2025-11-10,"Costello Athletic Center, Lowell, Massachusetts",UMass-Lowell,NR,67,New Haven,NR,73,New Haven
469,2025-11-10-Stetson-vs-Miami (FL)-m,2025-11-10,"Watsco Center, Coral Gables, Florida",Miami (FL),NR,102,Stetson,NR,61,Miami (FL)
470,2025-11-10-Eastern Michigan-vs-Pitt-m,2025-11-10,"Petersen Events Center, Pittsburgh, Pennsylvania",Pitt,NR,78,Eastern Michigan,NR,66,Pitt
471,2025-11-10-Maine-vs-Rutgers-m,2025-11-10,"Rutgers Athletic Center, New Brunswick, New Jersey",Rutgers,NR,72,Maine,NR,60,Rutgers
472,2025-11-10-Simpson (IA)-vs-Drake-m,2025-11-10,"Knapp Center, Des Moines, Iowa",Drake,NR,89,Simpson (IA),NR,51,Drake
473,2025-11-10-East Texas A&M-vs-Hawaii-m,2025-11-10,"Stan Sheriff Center, Honolulu, Hawaii",Hawaii,NR,100,East Texas A&M,NR,74,Hawaii
474,2025-11-10-Indiana State-vs-SIU-Edwardsville-m,2025-11-10,"Sam Vadalabene Center , Edwardsville, Illinois",SIU-Edwardsville,NR,55,Indiana State,NR,64,Indiana State
475,2025-11-10-Holy Cross-vs-Utah-m,2025-11-10,"Jon M. Huntsman Center, Salt Lake City, Utah",Utah,NR,87,Holy Cross,NR,69,Utah
476,2025-11-10-Cal State Fullerton-vs-California-m,2025-11-10,"Haas Pavilion, Berkeley, California",California,NR,93,Cal State Fullerton,NR,65,California
477,2025-11-10-Molloy-vs-Hofstra-m,2025-11-10,"Mack Sports Complex, Hempstead, New York",Hofstra,NR,95,Molloy,NR,61,Hofstra
478,2025-11-10-Ripon-vs-Green Bay-m,2025-11-10,"Kress Events Center, Green Bay, Wisconsin",Green Bay,NR,83,Ripon,NR,63,Green Bay
479,2025-11-10-Reinhardt-vs-Jacksonville State-m,2025-11-10,"Pete Mathews Coliseum, Jacksonville, Alabama",Jacksonville State,NR,114,Reinhardt,NR,39,Jacksonville State
480,2025-11-10-Ecclesia-vs-Southern-m,2025-11-10,"F. G. Clark Activity Center, Baton Rouge, Louisiana",Southern,NR,115,Ecclesia,NR,51,Southern
481,2025-11-10-Delaware State-vs-Niagara-m,2025-11-10,"Gallagher Center, Niagara University, New York",Niagara,NR,68,Delaware State,NR,57,Niagara
482,2025-11-10-Penn State Shenango-vs-Youngstown State-m,2025-11-10,"Beeghly Center, Youngstown, Ohio",Youngstown State,NR,115,Penn State Shenango,NR,53,Youngstown State
483,2025-11-10-Charleston Southern-vs-The Citadel-m,2025-11-10,"McAlister Field House, Charleston, South Carolina",The Citadel,NR,86,Charleston Southern,NR,96,Charleston Southern
484,2025-11-10-North Greenville-vs-Gardner-Webb-m,2025-11-10,"Paul Porter Arena, Boiling Springs, North Carolina",Gardner-Webb,NR,81,North Greenville,NR,92,North Greenville
485,2025-11-10-Presbyterian-vs-Georgia State-m,2025-11-10,"GSU Convocation Center, Atlanta, Georgia",Georgia State,NR,61,Presbyterian,NR,63,Presbyterian
486,2025-11-10-Rust-vs-Louisiana-Monroe-m,2025-11-10,"Fant-Ewing Coliseum, Monroe, Louisiana",Louisiana-Monroe,NR,88,Rust,NR,55,Louisiana-Monroe
487,2025-11-10-College of Biblical Studies-vs-McNeese State-m,2025-11-10,"The Legacy Center, Lake Charles, Louisiana",McNeese State,NR,132,College of Biblical Studies,NR,50,McNeese State
488,2025-11-10-South Carolina State-vs-North Carolina A&T-m,2025-11-10,"Corbett Sports Center, Greensboro, North Carolina",North Carolina A&T,NR,85,South Carolina State,NR,62,North Carolina A&T
489,2025-11-10-Geneva-vs-Robert Morris-m,2025-11-10,"UPMC Events Center, Moon, Pennsylvania",Robert Morris,NR,93,Geneva,NR,47,Robert Morris
490,2025-11-10-Fairfield-vs-Seton Hall-m,2025-11-10,"Walsh Gymnasium, South Orange, New Jersey",Seton Hall,NR,82,Fairfield,NR,59,Seton Hall
491,2025-11-10-Virginia University of Lynchburg-vs-Tennessee Tech-m,2025-11-10,"Eblen Center, Cookeville, Tennessee",Tennessee Tech,NR,118,Virginia University of Lynchburg,NR,58,Tennessee Tech
492,2025-11-10-New Orleans-vs-LSU-m,2025-11-10,"Maravich Assembly Center, Baton Rouge, Louisiana",LSU,NR,93,New Orleans,NR,58,LSU
493,2025-11-10-Little Rock-vs-Milwaukee-m,2025-11-10,"UW-Milwaukee Panther Arena, Milwaukee, Wisconsin",Milwaukee,NR,92,Little Rock,NR,72,Milwaukee
494,2025-11-10-Cleveland State-vs-Northwestern-m,2025-11-10,"Welsh-Ryan Arena, Evanston, Illinois",Northwestern,NR,110,Cleveland State,NR,63,Northwestern
495,2025-11-10-Lindenwood-vs-Saint Louis-m,2025-11-10,"Chaifetz Arena, St. Louis, Missouri",Saint Louis,NR,109,Lindenwood,NR,66,Saint Louis
496,2025-11-10-Arlington Baptist-vs-UT Arlington-m,2025-11-10,"College Park Center, Arlington, Texas",UT Arlington,NR,117,Arlington Baptist,NR,61,UT Arlington
497,2025-11-10-Lamar-vs-TCU-m,2025-11-10,"Ed & Rae Schollmaier Arena, Fort Worth, Texas",TCU,NR,78,Lamar,NR,65,TCU
498,2025-11-10-Santa Clara-vs-Xavier-m,2025-11-10,"Cintas Center, Cincinnati, Ohio",Xavier,NR,68,Santa Clara,NR,87,Santa Clara
499,2025-11-10-Northern Illinois-vs-Grand Canyon-m,2025-11-10,"GCU Arena, Phoenix, Arizona",Grand Canyon,NR,88,Northern Illinois,NR,59,Grand Canyon
500,2025-11-10-St. Thomas-vs-Washington State-m,2025-11-10,"Friel Court at Beasley Coliseum, Pullman, Washington",Washington State,NR,81,St. Thomas,NR,71,Washington State
501,2025-11-10-Lincoln (CA)-vs-UC-Irvine-m,2025-11-10,"Bren Events Center, Irvine, California",UC-Irvine,NR,130,Lincoln (CA),NR,63,UC-Irvine
502,2025-11-11-Duke-vs-Army-m,2025-11-11,"Christl Arena, West Point, New York",Army,NR,59,Duke, 4 ,114,Duke
503,2025-11-11-Northern Arizona-vs-Arizona-m,2025-11-11,"McKale Center, Tucson, Arizona",Arizona, 5 ,84,Northern Arizona,NR,49,Arizona
504,2025-11-11-Wake Forest-vs-Michigan-m,2025-11-11,"Little Caesars Arena, Detroit, Michigan",Michigan, 6 ,85,Wake Forest,NR,84,Michigan
505,2025-11-11-Delaware-vs-BYU-m,2025-11-11,"Marriott Center, Provo, Utah",BYU, 7 ,85,Delaware,NR,68,BYU
506,2025-11-11-Kentucky-vs-Louisville-m,2025-11-11,"KFC Yum! Center, Louisville, Kentucky",Louisville, 12 ,96,Kentucky, 9 ,88,Louisville
507,2025-11-11-Florida State-vs-Florida-m,2025-11-11,"Stephen C. O'Connell Center, Gainesville, Florida",Florida, 10 ,78,Florida State,NR,76,Florida
508,2025-11-11-Texas Tech-vs-Illinois-m,2025-11-11,"State Farm Center, Champaign, Illinois",Illinois, 14 ,81,Texas Tech, 11 ,77,Illinois
509,2025-11-11-Radford-vs-UNC-m,2025-11-11,"Dean Smith Center, Chapel Hill, North Carolina",UNC, 18 ,89,Radford,NR,74,UNC
510,2025-11-11-Creighton-vs-Gonzaga-m,2025-11-11,"McCarthey Athletic Center, Spokane, Washington",Gonzaga, 19 ,90,Creighton, 23 ,63,Gonzaga
511,2025-11-11-Central Arkansas-vs-Arkansas-m,2025-11-11,"Bud Walton Arena, Fayetteville, Arkansas",Arkansas, 21 ,93,Central Arkansas,NR,56,Arkansas
512,2025-11-11-Wofford-vs-Auburn-m,2025-11-11,"Auburn Arena, Auburn, Alabama",Auburn, 22 ,93,Wofford,NR,62,Auburn
513,2025-11-11-Ball State-vs-Wisconsin-m,2025-11-11,"Kohl Center, Madison, Wisconsin",Wisconsin, 24 ,86,Ball State,NR,55,Wisconsin
514,2025-11-11-Texas A&M-Corpus Christi-vs-Kansas-m,2025-11-11,"Allen Fieldhouse, Lawrence, Kansas",Kansas, 25 ,77,Texas A&M-Corpus Christi,NR,46,Kansas
515,2025-11-11-Coastal Georgia-vs-Bethune-Cookman-m,2025-11-11,"Moore Gymnasium, Daytona Beach, Florida",Bethune-Cookman,NR,101,Coastal Georgia,NR,60,Bethune-Cookman
516,2025-11-11-Central Connecticut-vs-Boston College-m,2025-11-11,"Silvio O. Conte Forum, Boston, Massachusetts",Boston College,NR,59,Central Connecticut,NR,60,Central Connecticut
517,2025-11-11-Florida A&M-vs-UCF-m,2025-11-11,"CFE Arena, Orlando, Florida",UCF,NR,97,Florida A&M,NR,60,UCF
518,2025-11-11-Dayton-vs-Cincinnati-m,2025-11-11,"Fifth Third Arena, Cincinnati, Ohio",Cincinnati,NR,74,Dayton,NR,62,Cincinnati
519,2025-11-11-Morehead State-vs-Clemson-m,2025-11-11,"Littlejohn Coliseum, Clemson, South Carolina",Clemson,NR,83,Morehead State,NR,56,Clemson
520,2025-11-11-Winthrop-vs-Coastal Carolina-m,2025-11-11,"The HTC Center, Conway, South Carolina",Coastal Carolina,NR,72,Winthrop,NR,66,Coastal Carolina
521,2025-11-11-Queens (NC)-vs-Duquesne-m,2025-11-11,"A.J. Palumbo Center, Pittsburgh, Pennsylvania",Duquesne,NR,87,Queens (NC),NR,81,Duquesne
522,2025-11-11-Alcorn State-vs-Maryland-m,2025-11-11,"Xfinity Center, College Park, Maryland",Maryland,NR,84,Alcorn State,NR,64,Maryland
523,2025-11-11-Appalachian State-vs-Ohio State-m,2025-11-11,"Value City Arena, Columbus, Ohio",Ohio State,NR,75,Appalachian State,NR,53,Ohio State
524,2025-11-11-Navy-vs-Penn State-m,2025-11-11,"Bryce Jordan Center, University Park, Pennsylvania",Penn State,NR,80,Navy,NR,71,Penn State
525,2025-11-11-Penn-vs-Providence-m,2025-11-11,"Dunkin' Donuts Center, Providence, Rhode Island",Providence,NR,106,Penn,NR,81,Providence
526,2025-11-11-Stonehill-vs-Rhode Island-m,2025-11-11,"Thomas M. Ryan Center, Kingston, Rhode Island",Rhode Island,NR,80,Stonehill,NR,57,Rhode Island
527,2025-11-11-William & Mary-vs-Richmond-m,2025-11-11,"Robins Center, Richmond, Virginia",Richmond,NR,90,William & Mary,NR,86,Richmond
528,2025-11-11-La Salle-vs-Temple-m,2025-11-11,"Liacouras Center, Philadelphia, Pennsylvania",Temple,NR,90,La Salle,NR,63,Temple
529,2025-11-11-Sacred Heart-vs-Villanova-m,2025-11-11,"Finneran Pavilion, Villanova, Pennsylvania",Villanova,NR,94,Sacred Heart,NR,60,Villanova
530,2025-11-11-Alabama State-vs-UAB-m,2025-11-11,"Bartow Arena, Birmingham, Alabama",UAB,NR,74,Alabama State,NR,77,Alabama State
531,2025-11-11-Iona-vs-Kansas City-m,2025-11-11,"Swinney Recreation Center, Kansas City, Missouri",Kansas City,NR,91,Iona,NR,105,Iona
532,2025-11-11-Pensacola Christian-vs-Troy-m,2025-11-11,"Trojan Arena, Troy, Alabama",Troy,NR,121,Pensacola Christian,NR,56,Troy
533,2025-11-11-Texas-Rio Grande Valley-vs-Boise State-m,2025-11-11,"ExtraMile Arena, Boise, Idaho",Boise State,NR,85,Texas-Rio Grande Valley,NR,65,Boise State
534,2025-11-11-UC-Riverside-vs-New Mexico-m,2025-11-11,"The Pit, Albuquerque, New Mexico",New Mexico,NR,82,UC-Riverside,NR,68,New Mexico
535,2025-11-11-Austin Peay-vs-Wyoming-m,2025-11-11,"Arena-Auditorium, Laramie, Wyoming",Wyoming,NR,79,Austin Peay,NR,65,Wyoming
536,2025-11-11-Montana-vs-UNLV-m,2025-11-11,"Thomas & Mack Center, Las Vegas, Nevada",UNLV,NR,93,Montana,NR,102,Montana
537,2025-11-11-LIU-vs-Air Force-m,2025-11-11,"Clune Arena , Colorado Springs, Colorado",Air Force,NR,72,LIU,NR,76,LIU
538,2025-11-11-Indiana University Columbus-vs-IU Indianapolis-m,2025-11-11,"Indiana Farmers Coliseum, Indianapolis, Indiana",IU Indianapolis,NR,121,Indiana University Columbus,NR,77,IU Indianapolis
539,2025-11-11-Southwestern Adventist-vs-Abilene Christian-m,2025-11-11,"Moody Coliseum , Abilene, Texas",Abilene Christian,NR,104,Southwestern Adventist,NR,63,Abilene Christian
540,2025-11-11-Cleary University-vs-Detroit Mercy-m,2025-11-11,"Calihan Hall, Detroit, Michigan",Detroit Mercy,NR,92,Cleary University,NR,54,Detroit Mercy
541,2025-11-11-SUNY Delhi-vs-Albany (NY)-m,2025-11-11,"Broadview Center, Albany, New York",Albany (NY),NR,115,SUNY Delhi,NR,52,Albany (NY)
542,2025-11-11-Southwestern Christian-vs-Incarnate Word-m,2025-11-11,"McDermott Center, San Antonio, Texas",Incarnate Word,NR,109,Southwestern Christian,NR,70,Incarnate Word
543,2025-11-11-UMBC-vs-Morgan State-m,2025-11-11,"Hill Field House, Baltimore, Maryland",Morgan State,NR,79,UMBC,NR,81,UMBC
544,2025-11-11-Lipscomb-vs-UNC Asheville-m,2025-11-11,"Kimmel Arena, Asheville, North Carolina",UNC Asheville,NR,69,Lipscomb,NR,64,UNC Asheville
545,2025-11-11-St. Joseph's–Long Island-vs-Stony Brook-m,2025-11-11,"Island Federal Credit Union, Stony Brook, New York",Stony Brook,NR,107,St. Joseph's–Long Island,NR,43,Stony Brook
546,2025-11-11-Chicago State-vs-Butler-m,2025-11-11,"Hinkle Fieldhouse, Indianapolis, Indiana",Butler,NR,98,Chicago State,NR,66,Butler
547,2025-11-11-Davidson-vs-Charlotte-m,2025-11-11,"Dale F. Halton Arena, Charlotte, North Carolina",Charlotte,NR,55,Davidson,NR,62,Davidson
548,2025-11-11-Drexel-vs-Colgate-m,2025-11-11,"Cotterell Court, Hamilton, New York",Colgate,NR,90,Drexel,NR,83,Colgate
549,2025-11-11-Georgia Southern-vs-Florida Gulf Coast-m,2025-11-11,"Alico Arena, Fort Myers, Florida",Florida Gulf Coast,NR,94,Georgia Southern,NR,95,Georgia Southern
550,2025-11-11-Wagner-vs-Fordham-m,2025-11-11,"Rose Hill Gym, Bronx, New York",Fordham,NR,63,Wagner,NR,61,Fordham
551,2025-11-11-Catawba-vs-George Mason-m,2025-11-11,"EagleBank Arena, Fairfax, Virginia",George Mason,NR,86,Catawba,NR,62,George Mason
552,2025-11-11-Northeastern-vs-Harvard-m,2025-11-11,"Lavietes Pavilion, Boston, Massachusetts",Harvard,NR,60,Northeastern,NR,77,Northeastern
553,2025-11-11-Jacksonville-vs-High Point-m,2025-11-11,"Qubein Center, High Point, North Carolina",High Point,NR,85,Jacksonville,NR,64,High Point
554,2025-11-11-NJIT-vs-Loyola (MD)-m,2025-11-11,"Reitz Arena, Baltimore, Maryland",Loyola (MD),NR,64,NJIT,NR,66,NJIT
555,2025-11-11-Northwestern State-vs-North Alabama-m,2025-11-11,"Flowers Hall, Florence, Alabama",North Alabama,NR,87,Northwestern State,NR,83,North Alabama
556,2025-11-11-Eastern Illinois-vs-Notre Dame-m,2025-11-11,"Purcell Pavilion at the Joyce Center, South Bend, Indiana",Notre Dame,NR,78,Eastern Illinois,NR,58,Notre Dame
557,2025-11-11-Norfolk State-vs-Old Dominion-m,2025-11-11,"Ted Constant Convocation Ctr., Norfolk, Virginia",Old Dominion,NR,60,Norfolk State,NR,57,Old Dominion
558,2025-11-11-Bucknell-vs-Princeton-m,2025-11-11,"Jadwin Gymnasium, Princeton, New Jersey",Princeton,NR,73,Bucknell,NR,63,Princeton
559,2025-11-11-Yale-vs-Quinnipiac-m,2025-11-11,"M&T Bank Arena, Hamden, Connecticut",Quinnipiac,NR,60,Yale,NR,97,Yale
560,2025-11-11-Mount St. Mary's-vs-Saint Francis (PA)-m,2025-11-11,"DeGol Arena, Loretto, Pennsylvania",Saint Francis (PA),NR,66,Mount St. Mary's,NR,74,Mount St. Mary's
561,2025-11-11-Wilson-vs-Towson-m,2025-11-11,"SECU Arena, Towson, Maryland",Towson,NR,101,Wilson,NR,62,Towson
562,2025-11-11-Toledo-vs-Wright State-m,2025-11-11,"Ervin J. Nutter Center, Dayton, Ohio",Wright State,NR,71,Toledo,NR,81,Toledo
563,2025-11-11-Buffalo-vs-DePaul-m,2025-11-11,"Wintrust Arena, Chicago, Illinois",DePaul,NR,53,Buffalo,NR,66,Buffalo
564,2025-11-11-St. Francis (IL)-vs-UIC-m,2025-11-11,"UIC Pavilion, Chicago, Illinois",UIC,NR,98,St. Francis (IL),NR,55,UIC
565,2025-11-11-Tulane-vs-Louisiana-m,2025-11-11,"Cajundome, Lafayette, Louisiana",Louisiana,NR,62,Tulane,NR,66,Tulane
566,2025-11-11-Arkansas State-vs-Missouri State-m,2025-11-11,"JQH Arena, Springfield, Missouri",Missouri State,NR,85,Arkansas State,NR,86,Arkansas State
567,2025-11-11-Maryland-Eastern Shore-vs-Nebraska-m,2025-11-11,"Pinnacle Bank Arena, Lincoln, Nebraska",Nebraska,NR,69,Maryland-Eastern Shore,NR,50,Nebraska
568,2025-11-11-Mayville State-vs-North Dakota-m,2025-11-11,"Betty Engelstad Sioux Center , Grand Forks, North Dakota",North Dakota,NR,128,Mayville State,NR,58,North Dakota
569,2025-11-11-Cal State Northridge-vs-North Dakota State-m,2025-11-11,"Scheels Center, Fargo, North Dakota",North Dakota State,NR,90,Cal State Northridge,NR,68,North Dakota State
570,2025-11-11-Arkansas-Pine Bluff-vs-Oklahoma-m,2025-11-11,"McCasland Field House, Norman, Oklahoma",Oklahoma,NR,95,Arkansas-Pine Bluff,NR,69,Oklahoma
571,2025-11-11-Stephen F. Austin-vs-Rice-m,2025-11-11,"Tudor Fieldhouse, Houston, Texas",Rice,NR,69,Stephen F. Austin,NR,81,Stephen F. Austin
572,2025-11-11-Murray State-vs-SMU-m,2025-11-11,"Moody Coliseum, Dallas, Texas",SMU,NR,102,Murray State,NR,91,SMU
573,2025-11-11-Bethesda University (CA)-vs-Southern Utah-m,2025-11-11,"Centrum, Cedar City, Utah",Southern Utah,NR,118,Bethesda University (CA),NR,60,Southern Utah
574,2025-11-11-Merrimack-vs-Tarleton State-m,2025-11-11,,Tarleton State,NR,76,Merrimack,NR,62,Tarleton State
575,2025-11-11-Oakwood-vs-Tennessee State-m,2025-11-11,"Gentry Center Complex, Nashville, Tennessee",Tennessee State,NR,114,Oakwood,NR,76,Tennessee State
576,2025-11-11-Western Illinois-vs-Cal State Bakersfield-m,2025-11-11,"Icardo Center, Bakersfield, California",Cal State Bakersfield,NR,74,Western Illinois,NR,58,Cal State Bakersfield
577,2025-11-11-Memphis-vs-Ole Miss-m,2025-11-11,"The Sandy and John Black Pavilion at Ole Miss, University, Mississippi",Ole Miss,NR,83,Memphis,NR,77,Ole Miss
578,2025-11-11-New Mexico Highlands-vs-New Mexico State-m,2025-11-11,"Pan American Center, Las Cruces, New Mexico",New Mexico State,NR,74,New Mexico Highlands,NR,58,New Mexico State
579,2025-11-11-Lincoln (CA)-vs-Pepperdine-m,2025-11-11,"Firestone Fieldhouse, Malibu, California",Pepperdine,NR,113,Lincoln (CA),NR,76,Pepperdine
580,2025-11-11-Loyola Marymount-vs-UTEP-m,2025-11-11,"Don Haskins Center, El Paso, Texas",UTEP,NR,58,Loyola Marymount,NR,71,Loyola Marymount
581,2025-11-11-Hampton-vs-Virginia-m,2025-11-11,"John Paul Jones Arena, Charlottesville, Virginia",Virginia,NR,91,Hampton,NR,53,Virginia
582,2025-11-11-UCSB-vs-Sacramento State-m,2025-11-11,,Sacramento State,NR,87,UCSB,NR,92,UCSB
583,2025-11-11-Ohio-vs-Saint Mary's-m,2025-11-11,"McKeon Pavilion, Moraga, California",Saint Mary's,NR,90,Ohio,NR,60,Saint Mary's
584,2025-11-12-Oakland-vs-Houston-m,2025-11-12,"Hofheinz Pavilion, Houston, Texas",Houston, 1 ,78,Oakland,NR,45,Houston
585,2025-11-12-North Florida-vs-Tennessee-m,2025-11-12,"Thompson-Boling Arena, Knoxville, Tennessee",Tennessee, 20 ,99,North Florida,NR,66,Tennessee
586,2025-11-12-Penn State Shenango-vs-Akron-m,2025-11-12,"James A. Rhodes Arena, Akron, Ohio",Akron,NR,109,Penn State Shenango,NR,51,Akron
587,2025-11-12-Hanover-vs-Bellarmine-m,2025-11-12,"Knights Hall, Louisville, Kentucky",Bellarmine,NR,94,Hanover,NR,55,Bellarmine
588,2025-11-12-Brown-vs-Boston University-m,2025-11-12,"Case Gym, Boston, Massachusetts",Boston University,NR,90,Brown,NR,77,Boston University
589,2025-11-12-Dartmouth-vs-Bryant-m,2025-11-12,"Chace Athletic Center , Smithfield, Rhode Island",Bryant,NR,82,Dartmouth,NR,75,Bryant
590,2025-11-12-Northern Kentucky-vs-ETSU-m,2025-11-12,"Freedom Hall Civic Center, Johnson City, Tennessee",ETSU,NR,75,Northern Kentucky,NR,63,ETSU
591,2025-11-12-Milwaukee-vs-Indiana-m,2025-11-12,"Assembly Hall, Bloomington, Indiana",Indiana,NR,101,Milwaukee,NR,70,Indiana
592,2025-11-12-Elon-vs-Marshall-m,2025-11-12,"Henderson Center, Huntington, West Virginia",Marshall,NR,96,Elon,NR,89,Marshall
593,2025-11-12-Coppin State-vs-South Florida-m,2025-11-12,"Yuengling Center, Tampa, Florida",South Florida,NR,100,Coppin State,NR,50,South Florida
594,2025-11-12-Siena-vs-St. Bonaventure-m,2025-11-12,"Reilly Center, St. Bonaventure, New York",St. Bonaventure,NR,75,Siena,NR,66,St. Bonaventure
595,2025-11-12-St. Peter's-vs-VCU-m,2025-11-12,"E.J. Wade Arena at Stuart C. Siegel Center, Richmond, Virginia",VCU,NR,78,St. Peter's,NR,61,VCU
596,2025-11-12-St. Joseph's-vs-Virginia Tech-m,2025-11-12,"Cassell Coliseum, Blacksburg, Virginia",Virginia Tech,NR,94,St. Joseph's,NR,59,Virginia Tech
597,2025-11-12-Middle Tennessee-vs-Evansville-m,2025-11-12,"Ford Center, Evansville, Indiana",Evansville,NR,72,Middle Tennessee,NR,77,Middle Tennessee
598,2025-11-12-Webster-vs-Southeast Missouri State-m,2025-11-12,"Show Me Center, Cape Girardeau, Missouri",Southeast Missouri State,NR,87,Webster,NR,41,Southeast Missouri State
599,2025-11-12-Samford-vs-Texas Southern-m,2025-11-12,"Health & Physical Education Arena, Houston, Texas",Texas Southern,NR,90,Samford,NR,93,Samford
600,2025-11-12-Eastern Kentucky-vs-Vanderbilt-m,2025-11-12,"Memorial Gymnasium, Nashville, Tennessee",Vanderbilt,NR,92,Eastern Kentucky,NR,62,Vanderbilt
601,2025-11-12-Cal Poly-vs-Colorado State-m,2025-11-12,"Moby Arena, Fort Collins, Colorado",Colorado State,NR,93,Cal Poly,NR,79,Colorado State
602,2025-11-12-Weber State-vs-Utah State-m,2025-11-12,"Dee Glen Smith Spectrum, Logan, Utah",Utah State,NR,83,Weber State,NR,73,Utah State
603,2025-11-12-South Dakota State-vs-Oregon-m,2025-11-12,"Matthew Knight Arena, Eugene, Oregon",Oregon,NR,83,South Dakota State,NR,69,Oregon
604,2025-11-12-Portland State-vs-San Francisco-m,2025-11-12,"War Memorial at The Sobrato Center, San Francisco, California",San Francisco,NR,80,Portland State,NR,70,San Francisco
605,2025-11-12-Manhattan-vs-Utah Tech-m,2025-11-12,"Stan Sheriff Center, Honolulu, Hawaii",Utah Tech,NR,75,Manhattan,NR,79,Manhattan
606,2025-11-12-Binghamton-vs-Georgetown-m,2025-11-12,"Capital One Arena, Washington, District of Columbia",Georgetown,NR,83,Binghamton,NR,70,Georgetown
607,2025-11-12-Virginia University of Lynchburg-vs-VMI-m,2025-11-12,"Cameron Hall, Lexington, Virginia",VMI,NR,106,Virginia University of Lynchburg,NR,54,VMI
608,2025-11-12-Mercyhurst-vs-Canisius-m,2025-11-12,"Koessler Athletic Center, Buffalo, New York",Canisius,NR,58,Mercyhurst,NR,55,Canisius
609,2025-11-12-American-vs-George Washington-m,2025-11-12,"Charles E. Smith Center, Washington, District of Columbia",George Washington,NR,107,American,NR,67,George Washington
610,2025-11-12-Point-vs-Kennesaw State-m,2025-11-12,"KSU Convocation Center , Kennesaw, Georgia",Kennesaw State,NR,111,Point,NR,60,Kennesaw State
611,2025-11-12-James Madison-vs-Longwood-m,2025-11-12,"Joan Perry Brock Center, Farmville, Virginia",Longwood,NR,82,James Madison,NR,72,Longwood
612,2025-11-12-Vassar-vs-Marist-m,2025-11-12,"McCann Recreation Center, Poughkeepsie, New York",Marist,NR,93,Vassar,NR,61,Marist
613,2025-11-12-Emmanuel (MA)-vs-New Hampshire-m,2025-11-12,"Lundholm Gymnasium, Durham, New Hampshire",New Hampshire,NR,97,Emmanuel (MA),NR,69,New Hampshire
614,2025-11-12-Bluefield State-vs-North Carolina Central-m,2025-11-12,"McLendon-McDougald Gym, Durham, North Carolina",North Carolina Central,NR,77,Bluefield State,NR,61,North Carolina Central
615,2025-11-12-Presbyterian-vs-South Carolina-m,2025-11-12,"The Colonial Life Arena, Columbia, South Carolina",South Carolina,NR,81,Presbyterian,NR,61,South Carolina
616,2025-11-12-Bob Jones University-vs-USC Upstate-m,2025-11-12,"G.B. Hodge Center, Spartanburg, South Carolina",USC Upstate,NR,114,Bob Jones University,NR,53,USC Upstate
617,2025-11-12-Purdue Fort Wayne-vs-Western Michigan-m,2025-11-12,"University Arena, Kalamazoo, Michigan",Western Michigan,NR,83,Purdue Fort Wayne,NR,71,Western Michigan
618,2025-11-12-Little Rock-vs-Marquette-m,2025-11-12,"Fiserv Forum, Milwaukee, Wisconsin",Marquette,NR,89,Little Rock,NR,49,Marquette
619,2025-11-12-Minnesota-vs-Missouri-m,2025-11-12,"Mizzou Arena, Columbia, Missouri",Missouri,NR,83,Minnesota,NR,60,Missouri
620,2025-11-12-UNC Greensboro-vs-NC State-m,2025-11-12,"Lenovo Center, Raleigh, North Carolina",NC State,NR,110,UNC Greensboro,NR,64,NC State
621,2025-11-12-St. Scholastica-vs-North Dakota State-m,2025-11-12,"Scheels Center, Fargo, North Dakota",North Dakota State,NR,111,St. Scholastica,NR,38,North Dakota State
622,2025-11-12-Prairie View-vs-Oklahoma State-m,2025-11-12,"Gallagher-Iba Arena, Stillwater, Oklahoma",Oklahoma State,NR,94,Prairie View,NR,67,Oklahoma State
623,2025-11-12-Tulsa-vs-Oral Roberts-m,2025-11-12,"Mabee Center, Tulsa, Oklahoma",Oral Roberts,NR,87,Tulsa,NR,88,Tulsa
624,2025-11-12-Southern Indiana-vs-South Dakota-m,2025-11-12,"Sanford Coyote Sports Center, Vermillon, South Dakota",South Dakota,NR,89,Southern Indiana,NR,74,South Dakota
625,2025-11-12-FDU-vs-Texas-m,2025-11-12,"Moody Center, Austin, Texas",Texas,NR,93,FDU,NR,58,Texas
626,2025-11-12-UTSA-vs-Texas State-m,2025-11-12,"Strahan Coliseum, San Marcos, Texas",Texas State,NR,80,UTSA,NR,69,Texas State
627,2025-11-12-Westminster (UT)-vs-Utah Valley-m,2025-11-12,"UCCU Center, Orem, Utah",Utah Valley,NR,91,Westminster (UT),NR,60,Utah Valley
628,2025-11-12-Nicholls State-vs-Valparaiso-m,2025-11-12,"AthleticsâRecreation Center, Valparaiso, Indiana",Valparaiso,NR,68,Nicholls State,NR,63,Valparaiso
629,2025-11-12-UT-Martin-vs-Bradley-m,2025-11-12,"Carver Arena, Peoria, Illinois",Bradley,NR,67,UT-Martin,NR,78,UT-Martin
630,2025-11-12-UC-San Diego-vs-Fresno State-m,2025-11-12,"Save Mart Center, Fresno, California",Fresno State,NR,73,UC-San Diego,NR,78,UC-San Diego
631,2025-11-12-North Texas-vs-Oregon State-m,2025-11-12,"Gill Coliseum, Corvallis, Oregon",Oregon State,NR,66,North Texas,NR,64,Oregon State
632,2025-11-12-Southern Illinois-vs-Nevada-m,2025-11-12,"Lawlor Events Center, Reno, Nevada",Nevada,NR,86,Southern Illinois,NR,81,Nevada
633,2025-11-12-Long Beach State-vs-Pacific-m,2025-11-12,"A.G. Spanos Center, Stockton, California",Pacific,NR,69,Long Beach State,NR,66,Pacific
634,2025-11-12-Idaho-vs-San Diego-m,2025-11-12,"Jenny Craig Pavillion, San Diego, California",San Diego,NR,78,Idaho,NR,74,San Diego
635,2025-11-12-Eastern Washington-vs-Seattle-m,2025-11-12,"Redhawk Center, Seattle, Washington",Seattle,NR,94,Eastern Washington,NR,67,Seattle
636,2025-11-12-Montana State-vs-Stanford-m,2025-11-12,"Maples Pavilion, Stanford, California",Stanford,NR,77,Montana State,NR,68,Stanford
637,2025-11-13-Purdue-vs-Alabama-m,2025-11-13,"Coleman Coliseum , Tuscaloosa, Alabama",Alabama, 8 ,80,Purdue, 2 ,87,Purdue
638,2025-11-13-San Jose State-vs-Michigan State-m,2025-11-13,"Breslin Events Center, East Lansing, Michigan",Michigan State, 17 ,79,San Jose State,NR,60,Michigan State
639,2025-11-13-Mississippi Valley State-vs-Hawaii-m,2025-11-13,"Stan Sheriff Center, Honolulu, Hawaii",Hawaii,NR,88,Mississippi Valley State,NR,56,Hawaii
640,2025-11-13-Pitt-vs-West Virginia-m,2025-11-13,"WVU Coliseum, Morgantown, West Virginia",West Virginia,NR,71,Pitt,NR,49,West Virginia
641,2025-11-13-Voorhees-vs-Western Carolina-m,2025-11-13,"Ramsey Center, Cullowhee, North Carolina",Western Carolina,NR,95,Voorhees,NR,44,Western Carolina
642,2025-11-13-Benedictine (IL)-vs-Northern Illinois-m,2025-11-13,"Convocation Center, DeKalb, Illinois",Northern Illinois,NR,117,Benedictine (IL),NR,62,Northern Illinois
643,2025-11-13-Loyola (IL)-vs-Wichita State-m,2025-11-13,"Charles Koch Arena, Wichita, Kansas",Wichita State,NR,95,Loyola (IL),NR,74,Wichita State
644,2025-11-13-South Alabama-vs-Central Michigan-m,2025-11-13,,Central Michigan,NR,64,South Alabama,NR,66,South Alabama
645,2025-11-13-Cornell-vs-Lafayette-m,2025-11-13,"Kirby Sports Center, Easton, Pennsylvania",Lafayette,NR,78,Cornell,NR,97,Cornell
646,2025-11-13-Bryan-vs-UNC Asheville-m,2025-11-13,"Kimmel Arena, Asheville, North Carolina",UNC Asheville,NR,92,Bryan,NR,54,UNC Asheville
647,2025-11-13-Mid-Atlantic Christian-vs-Campbell-m,2025-11-13,"John W. Pope Jr. Convocation Center, Buies Creek, North Carolina",Campbell,NR,108,Mid-Atlantic Christian,NR,55,Campbell
648,2025-11-13-UMass-Lowell-vs-Columbia-m,2025-11-13,"Francis A. Levien Gymnasium, New York, New York",Columbia,NR,86,UMass-Lowell,NR,72,Columbia
649,2025-11-13-Elizabeth City State-vs-East Carolina-m,2025-11-13,"Williams Arena at Minges Coliseum, Greenville, North Carolina",East Carolina,NR,71,Elizabeth City State,NR,70,East Carolina
650,2025-11-13-Fort Valley State-vs-Georgia State-m,2025-11-13,"GSU Convocation Center, Atlanta, Georgia",Georgia State,NR,90,Fort Valley State,NR,56,Georgia State
651,2025-11-13-Alcorn State-vs-Howard-m,2025-11-13,"Burr Gymnasium, Washington, District of Columbia",Howard,NR,72,Alcorn State,NR,64,Howard
652,2025-11-13-Le Moyne-vs-UMass-m,2025-11-13,"Mullins Center, Amherst, Massachusetts",UMass,NR,94,Le Moyne,NR,80,UMass
653,2025-11-13-Washington Adventist-vs-North Carolina A&T-m,2025-11-13,"Corbett Sports Center, Greensboro, North Carolina",North Carolina A&T,NR,89,Washington Adventist,NR,83,North Carolina A&T
654,2025-11-13-John Jay-vs-Princeton-m,2025-11-13,"Jadwin Gymnasium, Princeton, New Jersey",Princeton,NR,100,John Jay,NR,59,Princeton
655,2025-11-13-Pittsburgh-Greensburg-vs-Robert Morris-m,2025-11-13,"UPMC Events Center, Moon, Pennsylvania",Robert Morris,NR,81,Pittsburgh-Greensburg,NR,57,Robert Morris
656,2025-11-13-Monmouth-vs-Seton Hall-m,2025-11-13,"Prudential Center, Newark, New Jersey",Seton Hall,NR,70,Monmouth,NR,58,Seton Hall
657,2025-11-13-Berea-vs-Tennessee Tech-m,2025-11-13,"Eblen Center, Cookeville, Tennessee",Tennessee Tech,NR,86,Berea,NR,64,Tennessee Tech
658,2025-11-13-Charleston Southern-vs-Alabama A&M-m,2025-11-13,"Alabama A&M Events Center, Huntsville, Alabama",Alabama A&M,NR,68,Charleston Southern,NR,64,Alabama A&M
659,2025-11-13-Southern Miss-vs-Grambling-m,2025-11-13,"Assembly Center, Grambling, Louisiana",Grambling,NR,75,Southern Miss,NR,70,Grambling
660,2025-11-13-Louisiana-Monroe-vs-Houston Christian-m,2025-11-13,"Frank and Lucille Sharp Gymnasium, Houston, Texas",Houston Christian,NR,72,Louisiana-Monroe,NR,61,Houston Christian
661,2025-11-13-Florida International-vs-LSU-m,2025-11-13,"Maravich Assembly Center, Baton Rouge, Louisiana",LSU,NR,98,Florida International,NR,81,LSU
662,2025-11-13-Green Bay-vs-St. Thomas-m,2025-11-13,,St. Thomas,NR,80,Green Bay,NR,61,St. Thomas
663,2025-11-13-California-vs-Kansas State-m,2025-11-13,"Bramlage Coliseum, Manhattan, Kansas",Kansas State,NR,99,California,NR,96,Kansas State
664,2025-11-14-Indiana State-vs-Duke-m,2025-11-14,"Cameron Indoor Stadium, Durham, North Carolina",Duke, 4 ,100,Indiana State,NR,62,Duke
665,2025-11-14-Arizona-vs-UCLA-m,2025-11-14,"Intuit Dome, Inglewood, California",UCLA, 15 ,65,Arizona, 5 ,69,Arizona
666,2025-11-14-Michigan-vs-TCU-m,2025-11-14,"Ed & Rae Schollmaier Arena, Fort Worth, Texas",TCU,NR,63,Michigan, 6 ,67,Michigan
667,2025-11-14-Eastern Illinois-vs-Kentucky-m,2025-11-14,"Rupp Arena, Lexington, Kentucky",Kentucky, 9 ,99,Eastern Illinois,NR,53,Kentucky
668,2025-11-14-Milwaukee-vs-Texas Tech-m,2025-11-14,"United Supermarkets Arena, Lubbock, Texas",Texas Tech, 11 ,80,Milwaukee,NR,63,Texas Tech
669,2025-11-14-Colgate-vs-Illinois-m,2025-11-14,"State Farm Center, Champaign, Illinois",Illinois, 14 ,84,Colgate,NR,65,Illinois
670,2025-11-14-North Carolina Central-vs-UNC-m,2025-11-14,"Dean Smith Center, Chapel Hill, North Carolina",UNC, 18 ,97,North Carolina Central,NR,53,UNC
671,2025-11-14-Gonzaga-vs-Arizona State-m,2025-11-14,"Desert Financial Arena, Tempe, Arizona",Arizona State,NR,65,Gonzaga, 19 ,77,Gonzaga
672,2025-11-14-Samford-vs-Arkansas-m,2025-11-14,"Bud Walton Arena, Fayetteville, Arkansas",Arkansas, 21 ,79,Samford,NR,75,Arkansas
673,2025-11-14-Maryland-Eastern Shore-vs-Creighton-m,2025-11-14,"CHI Health Center Omaha, Omaha, Nebraska",Creighton, 23 ,84,Maryland-Eastern Shore,NR,45,Creighton
674,2025-11-14-Hofstra-vs-Bucknell-m,2025-11-14,"Sojka Pavilion, Lewisburg, Pennsylvania",Bucknell,NR,77,Hofstra,NR,83,Hofstra
675,2025-11-14-Albany (NY)-vs-Rhode Island-m,2025-11-14,"Thomas M. Ryan Center, Kingston, Rhode Island",Rhode Island,NR,80,Albany (NY),NR,61,Rhode Island
676,2025-11-14-Lehigh-vs-Rutgers-m,2025-11-14,"Rutgers Athletic Center, New Brunswick, New Jersey",Rutgers,NR,84,Lehigh,NR,72,Rutgers
677,2025-11-14-Norfolk State-vs-Towson-m,2025-11-14,"SECU Arena, Towson, Maryland",Towson,NR,51,Norfolk State,NR,41,Towson
678,2025-11-14-High Point-vs-UAB-m,2025-11-14,"Bartow Arena, Birmingham, Alabama",UAB,NR,91,High Point,NR,74,UAB
679,2025-11-14-Tarleton State-vs-Baylor-m,2025-11-14,"Foster Pavilion, Waco, Texas",Baylor,NR,94,Tarleton State,NR,81,Baylor
680,2025-11-14-SIU-Edwardsville-vs-Drake-m,2025-11-14,"Knapp Center, Des Moines, Iowa",Drake,NR,59,SIU-Edwardsville,NR,61,SIU-Edwardsville
681,2025-11-14-Louisiana-vs-McNeese State-m,2025-11-14,"The Legacy Center, Lake Charles, Louisiana",McNeese State,NR,88,Louisiana,NR,62,McNeese State
682,2025-11-14-Providence-vs-Colorado-m,2025-11-14,"Coors Events/Conference Center, Boulder, Colorado",Colorado,NR,97,Providence,NR,88,Colorado
683,2025-11-14-Central Michigan-vs-Coppin State-m,2025-11-14,,Coppin State,NR,59,Central Michigan,NR,82,Central Michigan
684,2025-11-14-Ecclesia-vs-Northwestern State-m,2025-11-14,"Prather Coliseum, Natchitoches, Louisiana",Northwestern State,NR,95,Ecclesia,NR,75,Northwestern State
685,2025-11-14-Lindenwood-vs-Charleston Southern-m,2025-11-14,"Alabama A&M Events Center, Huntsville, Alabama",Charleston Southern,NR,77,Lindenwood,NR,83,Lindenwood
686,2025-11-14-IU Indianapolis-vs-Eastern Michigan-m,2025-11-14,"Convocation Center, Ypsilanti, Michigan",Eastern Michigan,NR,83,IU Indianapolis,NR,90,IU Indianapolis
687,2025-11-14-Washington College-vs-Navy-m,2025-11-14,"Alumni Hall, Annapolis, Maryland",Navy,NR,97,Washington College,NR,64,Navy
688,2025-11-14-Virginia University of Lynchburg-vs-Alabama State-m,2025-11-14,"DunnâOliver Acadome, Montgomery, Alabama",Alabama State,NR,124,Virginia University of Lynchburg,NR,68,Alabama State
689,2025-11-14-South Carolina State-vs-College of Charleston-m,2025-11-14,"TD Arena, Charleston, South Carolina",College of Charleston,NR,88,South Carolina State,NR,61,College of Charleston
690,2025-11-14-Stonehill-vs-Fairfield-m,2025-11-14,"Leo D. Mahoney Arena, Fairfield, Connecticut",Fairfield,NR,73,Stonehill,NR,71,Fairfield
691,2025-11-14-Johnson C. Smith-vs-Georgia Southern-m,2025-11-14,"Jack and Ruth Ann Hill Convocation Center, Statesboro, Georgia",Georgia Southern,NR,98,Johnson C. Smith,NR,79,Georgia Southern
692,2025-11-14-Fordham-vs-Iona-m,2025-11-14,"Hynes Athletics Center, New Rochelle, New York",Iona,NR,76,Fordham,NR,71,Iona
693,2025-11-14-Coastal Carolina-vs-Jacksonville State-m,2025-11-14,"Pete Mathews Coliseum, Jacksonville, Alabama",Jacksonville State,NR,74,Coastal Carolina,NR,67,Jacksonville State
694,2025-11-14-Cal State Bakersfield-vs-Ole Miss-m,2025-11-14,"C.M. Tad Smith Coliseum, University, Mississippi",Ole Miss,NR,82,Cal State Bakersfield,NR,60,Ole Miss
695,2025-11-14-Furman-vs-Northern Iowa-m,2025-11-14,"McLeod Center, Cedar Falls, Iowa",Northern Iowa,NR,70,Furman,NR,54,Northern Iowa
696,2025-11-14-Illinois State-vs-USC-m,2025-11-14,"Intuit Dome, Inglewood, California",USC,NR,87,Illinois State,NR,67,USC
697,2025-11-14-Abilene Christian-vs-Stephen F. Austin-m,2025-11-14,"William Johnson Coliseum, Nacogdoches, Texas",Stephen F. Austin,NR,76,Abilene Christian,NR,66,Stephen F. Austin
698,2025-11-14-New Orleans-vs-Tulane-m,2025-11-14,"Devlin Fieldhouse, New Orleans, Louisiana",Tulane,NR,63,New Orleans,NR,85,New Orleans
699,2025-11-14-The Citadel-vs-West Georgia-m,2025-11-14,"The Coliseum, Carrollton, Georgia",West Georgia,NR,100,The Citadel,NR,92,West Georgia
700,2025-11-14-Hampton-vs-Brown-m,2025-11-14,"Pizzitola Sports Center, Providence, Rhode Island",Brown,NR,63,Hampton,NR,72,Hampton
701,2025-11-14-Northwestern-vs-DePaul-m,2025-11-14,"Wintrust Arena, Chicago, Illinois",DePaul,NR,79,Northwestern,NR,81,Northwestern
702,2025-11-14-Xavier-vs-Iowa-m,2025-11-14,"Carver-Hawkeye Arena, Iowa City, Iowa",Iowa,NR,81,Xavier,NR,62,Iowa
703,2025-11-14-East Texas A&M-vs-Rice-m,2025-11-14,"Tudor Fieldhouse, Houston, Texas",Rice,NR,71,East Texas A&M,NR,64,Rice
704,2025-11-14-UCF-vs-Texas A&M-m,2025-11-14,"Reed Arena, College Station, Texas",Texas A&M,NR,74,UCF,NR,86,UCF
705,2025-11-14-Georgia Tech-vs-Georgia-m,2025-11-14,"Stegeman Coliseum, Athens, Georgia",Georgia,NR,92,Georgia Tech,NR,87,Georgia
706,2025-11-14-Cal Poly-vs-Montana-m,2025-11-14,"Adams Center/Dahlberg Arena, Missoula, Montana",Montana,NR,90,Cal Poly,NR,82,Montana
707,2025-11-14-Western Illinois-vs-California Baptist-m,2025-11-14,"CBU Events Center, Riverside, California",California Baptist,NR,69,Western Illinois,NR,59,California Baptist
708,2025-11-14-Sacramento State-vs-UC-Davis-m,2025-11-14,"The Pavilion, Davis, California",UC-Davis,NR,77,Sacramento State,NR,73,UC-Davis
709,2025-11-14-Utah Tech-vs-Mississippi Valley State-m,2025-11-14,"Stan Sheriff Center, Honolulu, Hawaii",Mississippi Valley State,NR,75,Utah Tech,NR,81,Utah Tech
710,2025-11-14-Troy-vs-Loyola Marymount-m,2025-11-14,"Albert Gersten Pavilion, Los Angeles, California",Loyola Marymount,NR,74,Troy,NR,63,Loyola Marymount
711,2025-11-14-North Texas-vs-Saint Mary's-m,2025-11-14,"McKeon Pavilion, Moraga, California",Saint Mary's,NR,80,North Texas,NR,49,Saint Mary's
712,2025-11-14-Washington-vs-Washington State-m,2025-11-14,"Friel Court at Beasley Coliseum, Pullman, Washington",Washington State,NR,69,Washington,NR,81,Washington
713,2025-11-15-BYU-vs-UConn-m,2025-11-15,"TD Garden, Boston, Massachusetts",UConn, 3 ,86,BYU, 7 ,84,UConn
714,2025-11-15-Ohio-vs-Louisville-m,2025-11-15,"KFC Yum! Center, Louisville, Kentucky",Louisville, 12 ,106,Ohio,NR,81,Louisville
715,2025-11-15-William & Mary-vs-St. John's (NY)-m,2025-11-15,"Carnesecca Arena, Jamaica, New York",St. John's (NY), 13 ,93,William & Mary,NR,60,St. John's (NY)
716,2025-11-15-Princeton-vs-Kansas-m,2025-11-15,"Allen Fieldhouse, Lawrence, Kansas",Kansas, 25 ,76,Princeton,NR,57,Kansas
717,2025-11-15-Little Rock-vs-Ball State-m,2025-11-15,"Worthen Arena, Muncie, Indiana",Ball State,NR,62,Little Rock,NR,68,Little Rock
718,2025-11-15-Wofford-vs-Bellarmine-m,2025-11-15,"Knights Hall, Louisville, Kentucky",Bellarmine,NR,86,Wofford,NR,94,Wofford
719,2025-11-15-Merrimack-vs-Boston University-m,2025-11-15,"Case Gym, Boston, Massachusetts",Boston University,NR,79,Merrimack,NR,91,Merrimack
720,2025-11-15-Bethune-Cookman-vs-Dayton-m,2025-11-15,"University of Dayton Arena, Dayton, Ohio",Dayton,NR,91,Bethune-Cookman,NR,82,Dayton
721,2025-11-15-Drexel-vs-Syracuse-m,2025-11-15,"Xfinity Mobile Arena, Philadelphia, Pennsylvania",Syracuse,NR,80,Drexel,NR,50,Syracuse
722,2025-11-15-Gardner-Webb-vs-Elon-m,2025-11-15,"Schar Center, Elon, North Carolina",Elon,NR,95,Gardner-Webb,NR,84,Elon
723,2025-11-15-Manhattan-vs-Hawaii-m,2025-11-15,"Stan Sheriff Center, Honolulu, Hawaii",Hawaii,NR,86,Manhattan,NR,56,Hawaii
724,2025-11-15-Penn State-vs-La Salle-m,2025-11-15,"Xfinity Mobile Arena, Philadelphia, Pennsylvania",La Salle,NR,69,Penn State,NR,83,Penn State
725,2025-11-15-James Madison-vs-LIU-m,2025-11-15,"Steinberg Wellness Center, Brooklyn, New York",LIU,NR,88,James Madison,NR,79,LIU
726,2025-11-15-Morgan State-vs-Mercyhurst-m,2025-11-15,"Mercyhurst Athletic Center, Erie, Pennsylvania",Mercyhurst,NR,86,Morgan State,NR,72,Mercyhurst
727,2025-11-15-Youngstown State-vs-St. Bonaventure-m,2025-11-15,"Reilly Center, St. Bonaventure, New York",St. Bonaventure,NR,84,Youngstown State,NR,80,St. Bonaventure
728,2025-11-15-Boston College-vs-Temple-m,2025-11-15,"Liacouras Center, Philadelphia, Pennsylvania",Temple,NR,71,Boston College,NR,76,Boston College
729,2025-11-15-Duquesne-vs-Villanova-m,2025-11-15,"Finneran Pavilion, Villanova, Pennsylvania",Villanova,NR,87,Duquesne,NR,77,Villanova
730,2025-11-15-Southern Utah-vs-Omaha-m,2025-11-15,"Baxter Arena, Omaha, Nebraska",Omaha,NR,90,Southern Utah,NR,85,Omaha
731,2025-11-15-ETSU-vs-North Alabama-m,2025-11-15,"Flowers Hall, Florence, Alabama",North Alabama,NR,74,ETSU,NR,78,ETSU
732,2025-11-15-Arkansas-Pine Bluff-vs-Vanderbilt-m,2025-11-15,"Memorial Gymnasium, Nashville, Tennessee",Vanderbilt,NR,104,Arkansas-Pine Bluff,NR,75,Vanderbilt
733,2025-11-15-Montana State-vs-Boise State-m,2025-11-15,"ExtraMile Arena, Boise, Idaho",Boise State,NR,62,Montana State,NR,58,Boise State
734,2025-11-15-Sam Houston-vs-Utah-m,2025-11-15,"Jon M. Huntsman Center, Salt Lake City, Utah",Utah,NR,85,Sam Houston,NR,79,Utah
735,2025-11-15-UTEP-vs-Utah State-m,2025-11-15,"Dee Glen Smith Spectrum, Logan, Utah",Utah State,NR,75,UTEP,NR,51,Utah State
736,2025-11-15-Utah Valley-vs-Fresno State-m,2025-11-15,"Save Mart Center, Fresno, California",Fresno State,NR,75,Utah Valley,NR,74,Fresno State
737,2025-11-15-Bradley-vs-San Francisco-m,2025-11-15,"War Memorial at The Sobrato Center, San Francisco, California",San Francisco,NR,75,Bradley,NR,64,San Francisco
738,2025-11-15-Bryan-vs-Lipscomb-m,2025-11-15,"Allen Arena, Nashville, Tennessee",Lipscomb,NR,98,Bryan,NR,53,Lipscomb
739,2025-11-15-Rochester Tech-vs-Buffalo-m,2025-11-15,"Alumni Arena, Buffalo, New York",Buffalo,NR,80,Rochester Tech,NR,64,Buffalo
740,2025-11-15-Coppin State-vs-South Alabama-m,2025-11-15,,South Alabama,NR,72,Coppin State,NR,62,South Alabama
741,2025-11-15-Clemson-vs-Georgetown-m,2025-11-15,"Capital One Arena, Washington, District of Columbia",Georgetown,NR,79,Clemson,NR,74,Georgetown
742,2025-11-15-Chattanooga-vs-Florida Gulf Coast-m,2025-11-15,"Alico Arena, Fort Myers, Florida",Florida Gulf Coast,NR,91,Chattanooga,NR,73,Florida Gulf Coast
743,2025-11-15-Cleveland State-vs-Kent State-m,2025-11-15,"Colonial Hall at The Greenbrier, White Sulphur Springs, West Virginia",Kent State,NR,102,Cleveland State,NR,95,Kent State
744,2025-11-15-Delaware State-vs-New Haven-m,2025-11-15,"Charger Gymnasium, West Haven, Connecticut",New Haven,NR,65,Delaware State,NR,52,New Haven
745,2025-11-15-Vermont-vs-Northeastern-m,2025-11-15,"Matthews Arena, Boston, Massachusetts",Northeastern,NR,74,Vermont,NR,85,Vermont
746,2025-11-15-Kansas City-vs-Texas-m,2025-11-15,"Moody Center, Austin, Texas",Texas,NR,71,Kansas City,NR,55,Texas
747,2025-11-15-Detroit Mercy-vs-Toledo-m,2025-11-15,"John F. Savage Hall, Toledo, Ohio",Toledo,NR,90,Detroit Mercy,NR,83,Toledo
748,2025-11-15-Jacksonville-vs-VMI-m,2025-11-15,"Cameron Hall, Lexington, Virginia",VMI,NR,67,Jacksonville,NR,69,Jacksonville
749,2025-11-15-Stony Brook-vs-Yale-m,2025-11-15,"John J. Lee Ampitheater, New Haven, Connecticut",Yale,NR,86,Stony Brook,NR,79,Yale
750,2025-11-15-Miami (OH)-vs-Air Force-m,2025-11-15,"Clune Arena , Colorado Springs, Colorado",Air Force,NR,61,Miami (OH),NR,76,Miami (OH)
751,2025-11-15-Harvard-vs-Army-m,2025-11-15,"Christl Arena, West Point, New York",Army,NR,52,Harvard,NR,75,Harvard
752,2025-11-15-UIC-vs-Chicago State-m,2025-11-15,"Emil and Patricia Jones Convocation Center, Chicago, Illinois",Chicago State,NR,63,UIC,NR,67,UIC
753,2025-11-15-Boyce-vs-Purdue Fort Wayne-m,2025-11-15,"Hilliard Gates Sports Center, Fort Wayne, Indiana",Purdue Fort Wayne,NR,118,Boyce,NR,68,Purdue Fort Wayne
754,2025-11-15-Loyola (MD)-vs-Stonehill-m,2025-11-15,"Leo D. Mahoney Arena, Fairfield, Connecticut",Stonehill,NR,63,Loyola (MD),NR,74,Loyola (MD)
755,2025-11-15-Maryland-vs-Marquette-m,2025-11-15,"Fiserv Forum, Milwaukee, Wisconsin",Marquette,NR,82,Maryland,NR,89,Maryland
756,2025-11-15-Austin Peay-vs-UNC Greensboro-m,2025-11-15,"Fleming Gymnasium, Greensboro, North Carolina",UNC Greensboro,NR,63,Austin Peay,NR,69,Austin Peay
757,2025-11-15-New College of Florida-vs-North Florida-m,2025-11-15,"UNF Arena , Jacksonville, Florida",North Florida,NR,122,New College of Florida,NR,67,North Florida
758,2025-11-15-Sacred Heart-vs-Queens (NC)-m,2025-11-15,"Curry Arena, Charlotte, North Carolina",Queens (NC),NR,81,Sacred Heart,NR,64,Queens (NC)
759,2025-11-15-Butler-vs-SMU-m,2025-11-15,"Moody Coliseum, Dallas, Texas",SMU,NR,87,Butler,NR,85,SMU
760,2025-11-15-Marshall-vs-Virginia-m,2025-11-15,"John Paul Jones Arena, Charlottesville, Virginia",Virginia,NR,104,Marshall,NR,78,Virginia
761,2025-11-15-Mercer-vs-Winthrop-m,2025-11-15,"Winthrop Coliseum, Rock Hill, South Carolina",Winthrop,NR,105,Mercer,NR,69,Winthrop
762,2025-11-15-Binghamton-vs-Longwood-m,2025-11-15,"Joan Perry Brock Center, Farmville, Virginia",Longwood,NR,90,Binghamton,NR,82,Longwood
763,2025-11-15-Southeastern Louisiana-vs-Mississippi State-m,2025-11-15,"Humphrey Coliseum, Starkville, Mississippi",Mississippi State,NR,75,Southeastern Louisiana,NR,68,Mississippi State
764,2025-11-15-Defiance-vs-Oakland-m,2025-11-15,"Athletics Center O'rena, Rochester, Michigan",Oakland,NR,113,Defiance,NR,47,Oakland
765,2025-11-15-Wright State-vs-Radford-m,2025-11-15,"Colonial Hall at The Greenbrier, White Sulphur Springs, West Virginia",Radford,NR,59,Wright State,NR,92,Wright State
766,2025-11-15-St. Thomas-vs-Southeast Missouri State-m,2025-11-15,"Show Me Center, Cape Girardeau, Missouri",Southeast Missouri State,NR,72,St. Thomas,NR,84,St. Thomas
767,2025-11-15-Central Pennsylvania College-vs-American-m,2025-11-15,"Bender Arena, Washington, District of Columbia",American,NR,115,Central Pennsylvania College,NR,50,American
768,2025-11-15-Idaho-vs-UC-San Diego-m,2025-11-15,"RIMAC Arena, La Jolla, California",UC-San Diego,NR,75,Idaho,NR,67,UC-San Diego
769,2025-11-15-FDU-vs-NJIT-m,2025-11-15,"Joel and Diane Bloom Wellness and Events Center, Newark, New Jersey",NJIT,NR,93,FDU,NR,81,NJIT
770,2025-11-15-Pacific-vs-Cal State Fullerton-m,2025-11-15,"Titan Gym, Fullerton, California",Cal State Fullerton,NR,73,Pacific,NR,85,Pacific
771,2025-11-15-North Dakota-vs-UC-Riverside-m,2025-11-15,"UC Riverside Student Recreation Center, Riverside, California",UC-Riverside,NR,74,North Dakota,NR,76,North Dakota
772,2025-11-15-Nicholls State-vs-Murray State-m,2025-11-15,"CFSB Center, Murray, Kentucky",Murray State,NR,99,Nicholls State,NR,79,Murray State
773,2025-11-15-Texas Southern-vs-Texas State-m,2025-11-15,"Strahan Coliseum, San Marcos, Texas",Texas State,NR,77,Texas Southern,NR,67,Texas State
774,2025-11-15-Bowling Green-vs-Davidson-m,2025-11-15,"Belk Arena, Davidson, North Carolina",Davidson,NR,91,Bowling Green,NR,87,Davidson
775,2025-11-15-UTSA-vs-Denver-m,2025-11-15,"Hamilton Gymnasium, Denver, Colorado",Denver,NR,79,UTSA,NR,84,UTSA
776,2025-11-15-Old Dominion-vs-George Washington-m,2025-11-15,"Charles E. Smith Center, Washington, District of Columbia",George Washington,NR,96,Old Dominion,NR,73,George Washington
777,2025-11-15-Missouri State-vs-UT Arlington-m,2025-11-15,"College Park Center, Arlington, Texas",UT Arlington,NR,67,Missouri State,NR,49,UT Arlington
778,2025-11-15-New Hampshire-vs-George Mason-m,2025-11-15,"EagleBank Arena, Fairfax, Virginia",George Mason,NR,61,New Hampshire,NR,44,George Mason
779,2025-11-15-Jackson State-vs-Louisiana Tech-m,2025-11-15,"Thomas Assembly Center, Ruston, Louisiana",Louisiana Tech,NR,68,Jackson State,NR,51,Louisiana Tech
780,2025-11-15-Oklahoma-vs-Nebraska-m,2025-11-15,"Pinnacle Bank Arena, Lincoln, Nebraska",Nebraska,NR,105,Oklahoma,NR,99,Nebraska
781,2025-11-15-USC Upstate-vs-UNC Wilmington-m,2025-11-15,"Trask Coliseum, Wilmington, North Carolina",UNC Wilmington,NR,73,USC Upstate,NR,60,UNC Wilmington
782,2025-11-15-Eastern-vs-Rider-m,2025-11-15,"Alumni Gymnasium, Lawrenceville, New Jersey",Rider,NR,86,Eastern,NR,54,Rider
783,2025-11-15-Nevada-vs-Santa Clara-m,2025-11-15,"Leavey Center, Santa Clara, California",Santa Clara,NR,98,Nevada,NR,83,Santa Clara
784,2025-11-15-Champion Christian-vs-Southern-m,2025-11-15,"F. G. Clark Activity Center, Baton Rouge, Louisiana",Southern,NR,129,Champion Christian,NR,64,Southern
785,2025-11-15-Christian Brothers-vs-Arkansas State-m,2025-11-15,"Convocation Center, Jonesboro, Arkansas",Arkansas State,NR,95,Christian Brothers,NR,67,Arkansas State
786,2025-11-15-Belmont-vs-Oral Roberts-m,2025-11-15,"Mabee Center, Tulsa, Oklahoma",Oral Roberts,NR,60,Belmont,NR,83,Belmont
787,2025-11-15-Grand Canyon-vs-Saint Louis-m,2025-11-15,"Chaifetz Arena, St. Louis, Missouri",Saint Louis,NR,78,Grand Canyon,NR,64,Saint Louis
788,2025-11-15-Green Bay-vs-Minnesota-m,2025-11-15,"Williams Arena, Minneapolis, Minnesota",Minnesota,NR,72,Green Bay,NR,65,Minnesota
789,2025-11-15-New Mexico-vs-New Mexico State-m,2025-11-15,"Pan American Center, Las Cruces, New Mexico",New Mexico State,NR,76,New Mexico,NR,68,New Mexico State
790,2025-11-15-Northern Colorado-vs-Pepperdine-m,2025-11-15,"Firestone Fieldhouse, Malibu, California",Pepperdine,NR,81,Northern Colorado,NR,88,Northern Colorado
791,2025-11-15-Portland-vs-Wyoming-m,2025-11-15,"Arena-Auditorium, Laramie, Wyoming",Wyoming,NR,93,Portland,NR,56,Wyoming
792,2025-11-15-Weber State-vs-UC-Irvine-m,2025-11-15,"Bren Events Center, Irvine, California",UC-Irvine,NR,79,Weber State,NR,70,UC-Irvine
793,2025-11-15-Mississippi Valley State-vs-Manhattan-m,2025-11-15,"Stan Sheriff Center, Honolulu, Hawaii",Manhattan,NR,80,Mississippi Valley State,NR,73,Manhattan
794,2025-11-15-Idaho State-vs-Seattle-m,2025-11-15,"Redhawk Center, Seattle, Washington",Seattle,NR,83,Idaho State,NR,74,Seattle
795,2025-11-16-Houston-vs-Auburn-m,2025-11-16,"Legacy Arena, Birmingham, Alabama",Auburn, 22 ,72,Houston, 1 ,73,Houston
796,2025-11-16-Akron-vs-Purdue-m,2025-11-16,"Mackey Arena, West Lafayette, Indiana",Purdue, 2 ,97,Akron,NR,79,Purdue
797,2025-11-16-Miami (FL)-vs-Florida-m,2025-11-16,"VyStar Veterans Memorial Arena, Jacksonville, Florida",Florida, 10 ,82,Miami (FL),NR,68,Florida
798,2025-11-16-Mount St. Mary's-vs-Cincinnati-m,2025-11-16,"Fifth Third Arena, Cincinnati, Ohio",Cincinnati,NR,72,Mount St. Mary's,NR,55,Cincinnati
799,2025-11-16-Holy Cross-vs-Hampton-m,2025-11-16,"Pizzitola Sports Center, Providence, Rhode Island",Hampton,NR,61,Holy Cross,NR,67,Holy Cross
800,2025-11-16-Utah Tech-vs-Hawaii-m,2025-11-16,"Stan Sheriff Center, Honolulu, Hawaii",Hawaii,NR,68,Utah Tech,NR,62,Hawaii
801,2025-11-16-Incarnate Word-vs-Indiana-m,2025-11-16,"Assembly Hall, Bloomington, Indiana",Indiana,NR,69,Incarnate Word,NR,61,Indiana
802,2025-11-16-Central Connecticut-vs-UMass-m,2025-11-16,"Mullins Center, Amherst, Massachusetts",UMass,NR,84,Central Connecticut,NR,77,UMass
803,2025-11-16-Notre Dame-vs-Ohio State-m,2025-11-16,"Value City Arena, Columbus, Ohio",Ohio State,NR,64,Notre Dame,NR,63,Ohio State
804,2025-11-16-Charlotte-vs-Virginia Tech-m,2025-11-16,"Cassell Coliseum, Blacksburg, Virginia",Virginia Tech,NR,84,Charlotte,NR,76,Virginia Tech
805,2025-11-16-UMass-Lowell-vs-Wake Forest-m,2025-11-16,"Lawrence Joel Coliseum, Winston-Salem, North Carolina",Wake Forest,NR,109,UMass-Lowell,NR,75,Wake Forest
806,2025-11-16-Stetson-vs-Western Carolina-m,2025-11-16,"Ramsey Center, Cullowhee, North Carolina",Western Carolina,NR,76,Stetson,NR,65,Western Carolina
807,2025-11-16-Lindenwood-vs-Alabama A&M-m,2025-11-16,"Alabama A&M Events Center, Huntsville, Alabama",Alabama A&M,NR,74,Lindenwood,NR,65,Alabama A&M
808,2025-11-16-UNLV-vs-Memphis-m,2025-11-16,"FedExForum, Memphis, Tennessee",Memphis,NR,78,UNLV,NR,92,UNLV
809,2025-11-16-Appalachian State-vs-Dartmouth-m,2025-11-16,"Leede Arena, Hanover, New Hampshire",Dartmouth,NR,77,Appalachian State,NR,85,Appalachian State
810,2025-11-16-Wright State-vs-Kent State-m,2025-11-16,"Colonial Hall at The Greenbrier, White Sulphur Springs, West Virginia",Kent State,NR,76,Wright State,NR,72,Kent State
811,2025-11-16-Wagner-vs-UMBC-m,2025-11-16,"UMBC Event Center, Baltimore, Maryland",UMBC,NR,71,Wagner,NR,70,UMBC
812,2025-11-16-University of the Cumberlands-vs-Northern Kentucky-m,2025-11-16,"Bank of Kentucky Center, Highland Heights, Kentucky",Northern Kentucky,NR,101,University of the Cumberlands,NR,73,Northern Kentucky
813,2025-11-16-Bryant-vs-Valparaiso-m,2025-11-16,"AthleticsâRecreation Center, Valparaiso, Indiana",Valparaiso,NR,68,Bryant,NR,50,Valparaiso
814,2025-11-16-Samford-vs-Central Arkansas-m,2025-11-16,"Jeff Farris Center, Conway, Arkansas",Central Arkansas,NR,77,Samford,NR,84,Samford
815,2025-11-16-Loyola (MD)-vs-Fairfield-m,2025-11-16,"Leo D. Mahoney Arena, Fairfield, Connecticut",Fairfield,NR,85,Loyola (MD),NR,82,Fairfield
816,2025-11-16-South Florida-vs-Kennesaw State-m,2025-11-16,"KSU Convocation Center , Kennesaw, Georgia",Kennesaw State,NR,89,South Florida,NR,108,South Florida
817,2025-11-16-Quinnipiac-vs-Maine-m,2025-11-16,"Memorial Gymnasium, Orono, Maine",Maine,NR,64,Quinnipiac,NR,70,Quinnipiac
818,2025-11-16-Kentucky Christian-vs-Morehead State-m,2025-11-16,"Ellis T. Johnson Arena, Morehead, Kentucky",Morehead State,NR,121,Kentucky Christian,NR,51,Morehead State
819,2025-11-16-Texas A&M-Corpus Christi-vs-Oklahoma State-m,2025-11-16,"Gallagher-Iba Arena, Stillwater, Oklahoma",Oklahoma State,NR,85,Texas A&M-Corpus Christi,NR,69,Oklahoma State
820,2025-11-16-Cleveland State-vs-Radford-m,2025-11-16,"Colonial Hall at The Greenbrier, White Sulphur Springs, West Virginia",Radford,NR,82,Cleveland State,NR,87,Cleveland State
821,2025-11-16-Western Michigan-vs-South Dakota-m,2025-11-16,"Sanford Coyote Sports Center, Vermillon, South Dakota",South Dakota,NR,83,Western Michigan,NR,78,South Dakota
822,2025-11-16-Manhattanville-vs-Fordham-m,2025-11-16,"Rose Hill Gym, Bronx, New York",Fordham,NR,96,Manhattanville,NR,62,Fordham
823,2025-11-16-Presbyterian-vs-Sacramento State-m,2025-11-16,,Sacramento State,NR,64,Presbyterian,NR,62,Sacramento State
824,2025-11-16-Loras-vs-Southern Indiana-m,2025-11-16,"Screaming Eagles Arena, Evansville, Indiana",Southern Indiana,NR,91,Loras,NR,74,Southern Indiana
825,2025-11-16-Colorado State-vs-Loyola (IL)-m,2025-11-16,"Joseph J. Gentile Center, Chicago, Illinois",Loyola (IL),NR,67,Colorado State,NR,80,Colorado State
826,2025-11-16-Harvard-vs-Marist-m,2025-11-16,"McCann Recreation Center, Poughkeepsie, New York",Marist,NR,54,Harvard,NR,56,Harvard
827,2025-11-16-Illinois State-vs-Long Beach State-m,2025-11-16,"The Walter Pyramid, Long Beach, California",Long Beach State,NR,80,Illinois State,NR,82,Illinois State
828,2025-11-16-Tennessee State-vs-Western Kentucky-m,2025-11-16,"E.A. Diddle Arena, Bowling Green, Kentucky",Western Kentucky,NR,95,Tennessee State,NR,82,Western Kentucky
829,2025-11-16-Troy-vs-Cal State Northridge-m,2025-11-16,"The Matadome, Northridge, California",Cal State Northridge,NR,94,Troy,NR,85,Cal State Northridge
830,2025-11-17-Southern Utah-vs-Gonzaga-m,2025-11-17,"McCarthey Athletic Center, Spokane, Washington",Gonzaga, 13 ,122,Southern Utah,NR,50,Gonzaga
831,2025-11-17-Stonehill-vs-Iowa State-m,2025-11-17,"James H. Hilton Coliseum , Ames, Iowa",Iowa State, 16 ,96,Stonehill,NR,57,Iowa State
832,2025-11-17-Rice-vs-Tennessee-m,2025-11-17,"Thompson-Boling Arena, Knoxville, Tennessee",Tennessee, 20 ,91,Rice,NR,66,Tennessee
833,2025-11-17-SIU-Edwardsville-vs-Wisconsin-m,2025-11-17,"Kohl Center, Madison, Wisconsin",Wisconsin, 23 ,94,SIU-Edwardsville,NR,69,Wisconsin
834,2025-11-17-VCU-vs-NC State-m,2025-11-17,"Lenovo Center, Raleigh, North Carolina",NC State, 25 ,85,VCU,NR,79,NC State
835,2025-11-17-Oakland-vs-UCF-m,2025-11-17,"CFE Arena, Orlando, Florida",UCF,NR,87,Oakland,NR,83,UCF
836,2025-11-17-North Alabama-vs-Clemson-m,2025-11-17,"Littlejohn Coliseum, Clemson, South Carolina",Clemson,NR,81,North Alabama,NR,61,Clemson
837,2025-11-17-Carolina-vs-Liberty-m,2025-11-17,"Liberty Arena, Lynchburg, Virginia",Liberty,NR,98,Carolina,NR,46,Liberty
838,2025-11-17-Bucknell-vs-Pitt-m,2025-11-17,"Petersen Events Center, Pittsburgh, Pennsylvania",Pitt,NR,84,Bucknell,NR,50,Pitt
839,2025-11-17-Lafayette-vs-West Virginia-m,2025-11-17,"WVU Coliseum, Morgantown, West Virginia",West Virginia,NR,81,Lafayette,NR,59,West Virginia
840,2025-11-17-Rhodes-vs-UAB-m,2025-11-17,"Bartow Arena, Birmingham, Alabama",UAB,NR,112,Rhodes,NR,56,UAB
841,2025-11-17-West Georgia-vs-Tennessee Tech-m,2025-11-17,"Eblen Center, Cookeville, Tennessee",Tennessee Tech,NR,59,West Georgia,NR,61,West Georgia
842,2025-11-17-Alabama State-vs-Colorado-m,2025-11-17,"Coors Events/Conference Center, Boulder, Colorado",Colorado,NR,94,Alabama State,NR,66,Colorado
843,2025-11-17-Oregon State-vs-Oregon-m,2025-11-17,"Matthew Knight Arena, Eugene, Oregon",Oregon,NR,87,Oregon State,NR,75,Oregon
844,2025-11-17-Bethesda University (CA)-vs-San Jose State-m,2025-11-17,"San Jose State Event Center, San Jose, California",San Jose State,NR,110,Bethesda University (CA),NR,56,San Jose State
845,2025-11-17-Florida A&M-vs-Georgia-m,2025-11-17,"Stegeman Coliseum, Athens, Georgia",Georgia,NR,87,Florida A&M,NR,57,Georgia
846,2025-11-17-Drake-vs-College of Charleston-m,2025-11-17,"TD Arena, Charleston, South Carolina",College of Charleston,NR,62,Drake,NR,71,Drake
847,2025-11-17-Coastal Georgia-vs-Florida Atlantic-m,2025-11-17,"FAU Arena, Boca Raton, Florida",Florida Atlantic,NR,92,Coastal Georgia,NR,63,Florida Atlantic
848,2025-11-17-Canisius-vs-High Point-m,2025-11-17,"Qubein Center, High Point, North Carolina",High Point,NR,93,Canisius,NR,50,High Point
849,2025-11-17-Niagara-vs-Le Moyne-m,2025-11-17,"Le Moyne Events Center, Syracuse, New York",Le Moyne,NR,74,Niagara,NR,68,Le Moyne
850,2025-11-17-Lamar-vs-Louisiana-Monroe-m,2025-11-17,"Fant-Ewing Coliseum, Monroe, Louisiana",Louisiana-Monroe,NR,66,Lamar,NR,79,Lamar
851,2025-11-17-St. Joseph's-vs-Penn-m,2025-11-17,"The Palestra, Philadelphia, Pennsylvania",Penn,NR,83,St. Joseph's,NR,74,Penn
852,2025-11-17-Colgate-vs-Siena-m,2025-11-17,"MVP Arena, Albany, New York",Siena,NR,69,Colgate,NR,72,Colgate
853,2025-11-17-Southwestern Adventist-vs-Texas-Rio Grande Valley-m,2025-11-17,"UTRGV Fieldhouse, Edinburg, Texas",Texas-Rio Grande Valley,NR,110,Southwestern Adventist,NR,53,Texas-Rio Grande Valley
854,2025-11-17-Tulsa-vs-Kansas State-m,2025-11-17,"Bramlage Coliseum, Manhattan, Kansas",Kansas State,NR,84,Tulsa,NR,83,Kansas State
855,2025-11-17-Prairie View-vs-Missouri-m,2025-11-17,"Mizzou Arena, Columbia, Missouri",Missouri,NR,91,Prairie View,NR,73,Missouri
856,2025-11-17-Southern Illinois-vs-North Dakota State-m,2025-11-17,"Scheels Center, Fargo, North Dakota",North Dakota State,NR,92,Southern Illinois,NR,85,North Dakota State
857,2025-11-17-Peru State-vs-South Dakota State-m,2025-11-17,"First Bank & Trust Arena, Brookings, South Dakota",South Dakota State,NR,94,Peru State,NR,46,South Dakota State
858,2025-11-17-Angelo State-vs-Tarleton State-m,2025-11-17,,Tarleton State,NR,77,Angelo State,NR,54,Tarleton State
859,2025-11-17-Coe-vs-Western Illinois-m,2025-11-17,"Western Hall, Macomb, Illinois",Western Illinois,NR,74,Coe,NR,63,Western Illinois
860,2025-11-17-Georgia State-vs-Arizona State-m,2025-11-17,"Desert Financial Arena, Tempe, Arizona",Arizona State,NR,75,Georgia State,NR,62,Arizona State
861,2025-11-17-Loyola Marymount-vs-UCSB-m,2025-11-17,"The Thunderdome, Santa Barbara, California",UCSB,NR,74,Loyola Marymount,NR,78,Loyola Marymount
862,2025-11-17-Eastern Oregon-vs-Eastern Washington-m,2025-11-17,"Reese Court, Cheney, Washington",Eastern Washington,NR,91,Eastern Oregon,NR,73,Eastern Washington
863,2025-11-17-Cal State Bakersfield-vs-Portland State-m,2025-11-17,"Peter W. Stott Center, Portland, Oregon",Portland State,NR,93,Cal State Bakersfield,NR,80,Portland State
864,2025-11-18-Kansas-vs-Duke-m,2025-11-18,"Madison Square Garden (IV), New York, New York",Duke, 5 ,78,Kansas, 24 ,66,Duke
865,2025-11-18-Michigan State-vs-Kentucky-m,2025-11-18,"Madison Square Garden (IV), New York, New York",Kentucky, 12 ,66,Michigan State, 17 ,83,Michigan State
866,2025-11-18-Navy-vs-UNC-m,2025-11-18,"Dean Smith Center, Chapel Hill, North Carolina",UNC, 18 ,73,Navy,NR,61,UNC
867,2025-11-18-Sacramento State-vs-UCLA-m,2025-11-18,"Pauley Pavilion, Los Angeles, California",UCLA, 19 ,79,Sacramento State,NR,48,UCLA
868,2025-11-18-Winthrop-vs-Arkansas-m,2025-11-18,"Bud Walton Arena, Fayetteville, Arkansas",Arkansas, 21 ,84,Winthrop,NR,83,Arkansas
869,2025-11-18-Paul Smith's-vs-Albany (NY)-m,2025-11-18,"Broadview Center, Albany, New York",Albany (NY),NR,106,Paul Smith's,NR,57,Albany (NY)
870,2025-11-18-Hampton-vs-Boston College-m,2025-11-18,"Silvio O. Conte Forum, Boston, Massachusetts",Boston College,NR,63,Hampton,NR,52,Boston College
871,2025-11-18-St. Peter's-vs-Delaware-m,2025-11-18,"Bob Carpenter Center, Newark, Delaware",Delaware,NR,81,St. Peter's,NR,70,Delaware
872,2025-11-18-UT-Martin-vs-Florida State-m,2025-11-18,"Donald L. Tucker Center, Tallahassee, Florida",Florida State,NR,87,UT-Martin,NR,73,Florida State
873,2025-11-18-Jacksonville-vs-George Mason-m,2025-11-18,"EagleBank Arena, Fairfax, Virginia",George Mason,NR,79,Jacksonville,NR,57,George Mason
874,2025-11-18-Towson-vs-James Madison-m,2025-11-18,"Atlantic Union Bank Center, Harrisonburg, Virginia",James Madison,NR,81,Towson,NR,75,James Madison
875,2025-11-18-New Hampshire-vs-Providence-m,2025-11-18,"Dunkin' Donuts Center, Providence, Rhode Island",Providence,NR,98,New Hampshire,NR,66,Providence
876,2025-11-18-American-vs-Rutgers-m,2025-11-18,"Rutgers Athletic Center, New Brunswick, New Jersey",Rutgers,NR,80,American,NR,71,Rutgers
877,2025-11-18-Monmouth-vs-Syracuse-m,2025-11-18,"JMA Wireless Dome, Syracuse, New York",Syracuse,NR,78,Monmouth,NR,73,Syracuse
878,2025-11-18-UT Arlington-vs-Evansville-m,2025-11-18,"Ford Center, Evansville, Indiana",Evansville,NR,76,UT Arlington,NR,84,UT Arlington
879,2025-11-18-Little Rock-vs-Murray State-m,2025-11-18,"CFSB Center, Murray, Kentucky",Murray State,NR,89,Little Rock,NR,68,Murray State
880,2025-11-18-Wichita State-vs-Boise State-m,2025-11-18,"ExtraMile Arena, Boise, Idaho",Boise State,NR,62,Wichita State,NR,59,Boise State
881,2025-11-18-Purdue Fort Wayne-vs-Utah-m,2025-11-18,"Jon M. Huntsman Center, Salt Lake City, Utah",Utah,NR,85,Purdue Fort Wayne,NR,77,Utah
882,2025-11-18-Presbyterian-vs-California-m,2025-11-18,"Haas Pavilion, Berkeley, California",California,NR,67,Presbyterian,NR,57,California
883,2025-11-18-UC-Davis-vs-Nevada-m,2025-11-18,"Lawlor Events Center, Reno, Nevada",Nevada,NR,71,UC-Davis,NR,75,UC-Davis
884,2025-11-18-Troy-vs-San Diego State-m,2025-11-18,"Viejas Arena, San Diego, California",San Diego State,NR,107,Troy,NR,108,Troy
885,2025-11-18-Northwestern State-vs-San Francisco-m,2025-11-18,"War Memorial at The Sobrato Center, San Francisco, California",San Francisco,NR,84,Northwestern State,NR,64,San Francisco
886,2025-11-18-Southern-vs-Washington-m,2025-11-18,"Alaska Airlines Arena, Seattle, Washington",Washington,NR,99,Southern,NR,93,Washington
887,2025-11-18-Central Pennsylvania College-vs-Coppin State-m,2025-11-18,"Physical Education Complex, Baltimore, Maryland",Coppin State,NR,103,Central Pennsylvania College,NR,62,Coppin State
888,2025-11-18-Southwestern Christian-vs-UTSA-m,2025-11-18,"Convocation Center, San Antonio, Texas",UTSA,NR,103,Southwestern Christian,NR,70,UTSA
889,2025-11-18-Vermont-vs-Buffalo-m,2025-11-18,"Alumni Arena, Buffalo, New York",Buffalo,NR,94,Vermont,NR,90,Buffalo
890,2025-11-18-Gardner-Webb-vs-DePaul-m,2025-11-18,"Wintrust Arena, Chicago, Illinois",DePaul,NR,93,Gardner-Webb,NR,62,DePaul
891,2025-11-18-Holy Cross-vs-Brown-m,2025-11-18,"Pizzitola Sports Center, Providence, Rhode Island",Brown,NR,68,Holy Cross,NR,49,Brown
892,2025-11-18-IU Indianapolis-vs-Charleston Southern-m,2025-11-18,"Buccaneer Fieldhouse, Charleston, South Carolina",Charleston Southern,NR,103,IU Indianapolis,NR,91,Charleston Southern
893,2025-11-18-Boston University-vs-Columbia-m,2025-11-18,"Francis A. Levien Gymnasium, New York, New York",Columbia,NR,54,Boston University,NR,49,Columbia
894,2025-11-18-Maine-Augusta-vs-Dartmouth-m,2025-11-18,"Leede Arena, Hanover, New Hampshire",Dartmouth,NR,113,Maine-Augusta,NR,68,Dartmouth
895,2025-11-18-Cheyney-vs-Delaware State-m,2025-11-18,"Memorial Hall, Dover, Delaware",Delaware State,NR,88,Cheyney,NR,70,Delaware State
896,2025-11-18-Eastern Michigan-vs-Detroit Mercy-m,2025-11-18,"Calihan Hall, Detroit, Michigan",Detroit Mercy,NR,62,Eastern Michigan,NR,72,Eastern Michigan
897,2025-11-18-NJIT-vs-Drexel-m,2025-11-18,"Daskalakis Athletic Center, Philadelphia, Pennsylvania",Drexel,NR,75,NJIT,NR,43,Drexel
898,2025-11-18-St. Elizabeth-vs-FDU-m,2025-11-18,"Bogota Savings Bank Center, Teaneck, New Jersey",FDU,NR,100,St. Elizabeth,NR,58,FDU
899,2025-11-18-Univ. of Ft. Lauderdale-vs-Florida International-m,2025-11-18,"FIU Arena, Miami, Florida",Florida International,NR,104,Univ. of Ft. Lauderdale,NR,80,Florida International
900,2025-11-18-Georgia Southern-vs-Georgia Tech-m,2025-11-18,"McCamish Pavilion, Atlanta, Georgia",Georgia Tech,NR,68,Georgia Southern,NR,66,Georgia Tech
901,2025-11-18-Princeton-vs-Iona-m,2025-11-18,"Hynes Athletics Center, New Rochelle, New York",Iona,NR,89,Princeton,NR,69,Iona
902,2025-11-18-Eastern Kentucky-vs-Kent State-m,2025-11-18,"Memorial Athletic & Convocation Center, Kent, Ohio",Kent State,NR,93,Eastern Kentucky,NR,78,Kent State
903,2025-11-18-Saint Francis (PA)-vs-Lehigh-m,2025-11-18,"Stabler Arena, Bethlehem, Pennsylvania",Lehigh,NR,79,Saint Francis (PA),NR,62,Lehigh
904,2025-11-18-Maryland-Eastern Shore-vs-Longwood-m,2025-11-18,"Joan Perry Brock Center, Farmville, Virginia",Longwood,NR,82,Maryland-Eastern Shore,NR,83,Maryland-Eastern Shore
905,2025-11-18-North Carolina A&T-vs-Morgan State-m,2025-11-18,"Hill Field House, Baltimore, Maryland",Morgan State,NR,73,North Carolina A&T,NR,79,North Carolina A&T
906,2025-11-18-Toccoa Falls-vs-North Carolina Central-m,2025-11-18,"McLendon-McDougald Gym, Durham, North Carolina",North Carolina Central,NR,123,Toccoa Falls,NR,67,North Carolina Central
907,2025-11-18-East Carolina-vs-UNC Wilmington-m,2025-11-18,"Trask Coliseum, Wilmington, North Carolina",UNC Wilmington,NR,85,East Carolina,NR,60,UNC Wilmington
908,2025-11-18-New Haven-vs-Seton Hall-m,2025-11-18,"Prudential Center, Newark, New Jersey",Seton Hall,NR,68,New Haven,NR,45,Seton Hall
909,2025-11-18-Radford-vs-South Carolina-m,2025-11-18,"The Colonial Life Arena, Columbia, South Carolina",South Carolina,NR,87,Radford,NR,58,South Carolina
910,2025-11-18-Bethel (TN)-vs-Western Kentucky-m,2025-11-18,"E.A. Diddle Arena, Bowling Green, Kentucky",Western Kentucky,NR,97,Bethel (TN),NR,67,Western Kentucky
911,2025-11-18-Old Dominion-vs-Xavier-m,2025-11-18,"Cintas Center, Cincinnati, Ohio",Xavier,NR,99,Old Dominion,NR,69,Xavier
912,2025-11-18-Army-vs-Cornell-m,2025-11-18,"Newman Arena, Ithaca, New York",Cornell,NR,86,Army,NR,73,Cornell
913,2025-11-18-Southeast Missouri State-vs-Iowa-m,2025-11-18,"Carver-Hawkeye Arena, Iowa City, Iowa",Iowa,NR,99,Southeast Missouri State,NR,70,Iowa
914,2025-11-18-Alcorn State-vs-LSU-m,2025-11-18,"Maravich Assembly Center, Baton Rouge, Louisiana",LSU,NR,107,Alcorn State,NR,81,LSU
915,2025-11-18-Chicago State-vs-Minnesota-m,2025-11-18,"Williams Arena, Minneapolis, Minnesota",Minnesota,NR,66,Chicago State,NR,54,Minnesota
916,2025-11-18-Austin Peay-vs-Ole Miss-m,2025-11-18,"The Sandy and John Black Pavilion at Ole Miss, University, Mississippi",Ole Miss,NR,72,Austin Peay,NR,65,Ole Miss
917,2025-11-18-Embry–Riddle (AZ)-vs-Northern Arizona-m,2025-11-18,"Rolle Activity Center, Flagstaff, Arizona",Northern Arizona,NR,108,Embry–Riddle (AZ),NR,79,Northern Arizona
918,2025-11-18-Northern Illinois-vs-Northern Iowa-m,2025-11-18,"McLeod Center, Cedar Falls, Iowa",Northern Iowa,NR,70,Northern Illinois,NR,57,Northern Iowa
919,2025-11-18-Haskell (KS)-vs-Oral Roberts-m,2025-11-18,"Mabee Center, Tulsa, Oklahoma",Oral Roberts,NR,84,Haskell (KS),NR,64,Oral Roberts
920,2025-11-18-Arkansas-Pine Bluff-vs-SMU-m,2025-11-18,"Moody Coliseum, Dallas, Texas",SMU,NR,106,Arkansas-Pine Bluff,NR,60,SMU
921,2025-11-18-William Carey-vs-Southern Miss-m,2025-11-18,"Reed Green Coliseum, Hattiesburg, Mississippi",Southern Miss,NR,82,William Carey,NR,59,Southern Miss
922,2025-11-18-Montana-vs-Texas A&M-m,2025-11-18,"Reed Arena, College Station, Texas",Texas A&M,NR,86,Montana,NR,81,Texas A&M
923,2025-11-18-Abilene Christian-vs-Texas State-m,2025-11-18,"Strahan Coliseum, San Marcos, Texas",Texas State,NR,63,Abilene Christian,NR,49,Texas State
924,2025-11-18-Rhode Island-vs-Yale-m,2025-11-18,"John J. Lee Ampitheater, New Haven, Connecticut",Yale,NR,77,Rhode Island,NR,86,Rhode Island
925,2025-11-18-Stephen F. Austin-vs-Fresno State-m,2025-11-18,"Save Mart Center, Fresno, California",Fresno State,NR,80,Stephen F. Austin,NR,78,Fresno State
926,2025-11-18-New Orleans-vs-Pepperdine-m,2025-11-18,"Firestone Fieldhouse, Malibu, California",Pepperdine,NR,90,New Orleans,NR,79,Pepperdine
927,2025-11-18-Rider-vs-Texas-m,2025-11-18,"Moody Center, Austin, Texas",Texas,NR,99,Rider,NR,65,Texas
928,2025-11-18-UC-Riverside-vs-California Baptist-m,2025-11-18,"CBU Events Center, Riverside, California",California Baptist,NR,80,UC-Riverside,NR,57,California Baptist
929,2025-11-18-Grambling-vs-San Diego-m,2025-11-18,"Jenny Craig Pavillion, San Diego, California",San Diego,NR,78,Grambling,NR,68,San Diego
930,2025-11-18-Idaho State-vs-Santa Clara-m,2025-11-18,"Leavey Center, Santa Clara, California",Santa Clara,NR,64,Idaho State,NR,55,Santa Clara
931,2025-11-18-Louisiana-vs-Stanford-m,2025-11-18,"Maples Pavilion, Stanford, California",Stanford,NR,93,Louisiana,NR,66,Stanford
932,2025-11-19-Arizona-vs-UConn-m,2025-11-19,"Harry A. Gampel Pavilion, Storrs, Connecticut",UConn, 3 ,67,Arizona, 4 ,71,Arizona
933,2025-11-19-Middle Tennessee-vs-Michigan-m,2025-11-19,"Crisler Arena, Ann Arbor, Michigan",Michigan, 7 ,86,Middle Tennessee,NR,61,Michigan
934,2025-11-19-Alabama-vs-Illinois-m,2025-11-19,"United Center, Chicago, Illinois",Illinois, 8 ,86,Alabama, 11 ,90,Alabama
935,2025-11-19-Jackson State-vs-Auburn-m,2025-11-19,"Auburn Arena, Auburn, Alabama",Auburn, 22 ,112,Jackson State,NR,66,Auburn
936,2025-11-19-Ohio Christian-vs-Furman-m,2025-11-19,"Timmons Arena, Greenville, South Carolina",Furman,NR,79,Ohio Christian,NR,44,Furman
937,2025-11-19-Louisiana Tech-vs-Indiana State-m,2025-11-19,"Hulman Center, Terre Haute, Indiana",Indiana State,NR,60,Louisiana Tech,NR,51,Indiana State
938,2025-11-19-Villanova-vs-La Salle-m,2025-11-19,"John Glaser Arena, Philadelphia, Pennsylvania",La Salle,NR,55,Villanova,NR,70,Villanova
939,2025-11-19-Mount St. Mary's-vs-Maryland-m,2025-11-19,"Xfinity Center, College Park, Maryland",Maryland,NR,95,Mount St. Mary's,NR,90,Maryland
940,2025-11-19-Bethune-Cookman-vs-Ohio-m,2025-11-19,"Convocation Center, Athens, Ohio",Ohio,NR,73,Bethune-Cookman,NR,76,Bethune-Cookman
941,2025-11-19-Harvard-vs-Penn State-m,2025-11-19,"Bryce Jordan Center, University Park, Pennsylvania",Penn State,NR,84,Harvard,NR,80,Penn State
942,2025-11-19-VMI-vs-Richmond-m,2025-11-19,"Robins Center, Richmond, Virginia",Richmond,NR,87,VMI,NR,54,Richmond
943,2025-11-19-Chattanooga-vs-South Carolina State-m,2025-11-19,"SHM Memorial Center, Orangeburg, South Carolina",South Carolina State,NR,66,Chattanooga,NR,78,Chattanooga
944,2025-11-19-Hofstra-vs-Temple-m,2025-11-19,"Liacouras Center, Philadelphia, Pennsylvania",Temple,NR,81,Hofstra,NR,76,Temple
945,2025-11-19-Bryant-vs-Virginia Tech-m,2025-11-19,"Cassell Coliseum, Blacksburg, Virginia",Virginia Tech,NR,78,Bryant,NR,61,Virginia Tech
946,2025-11-19-UNC Asheville-vs-Western Carolina-m,2025-11-19,"Ramsey Center, Cullowhee, North Carolina",Western Carolina,NR,80,UNC Asheville,NR,73,Western Carolina
947,2025-11-19-North Florida-vs-Wofford-m,2025-11-19,"Richardson Indoor Stadium, Spartanburg, South Carolina",Wofford,NR,86,North Florida,NR,78,Wofford
948,2025-11-19-Arkansas State-vs-Saint Mary's-m,2025-11-19,"McKeon Pavilion, Moraga, California",Saint Mary's,NR,85,Arkansas State,NR,72,Saint Mary's
949,2025-11-19-Alabama State-vs-Air Force-m,2025-11-19,"Clune Arena , Colorado Springs, Colorado",Air Force,NR,66,Alabama State,NR,64,Air Force
950,2025-11-19-Misericordia-vs-Binghamton-m,2025-11-19,"Events Center, Binghamton, New York",Binghamton,NR,69,Misericordia,NR,58,Binghamton
951,2025-11-19-William & Mary-vs-Bowling Green-m,2025-11-19,"Stroh Center, Bowling Green, Ohio",Bowling Green,NR,74,William & Mary,NR,82,William & Mary
952,2025-11-19-North Greenville-vs-The Citadel-m,2025-11-19,"McAlister Field House, Charleston, South Carolina",The Citadel,NR,70,North Greenville,NR,57,The Citadel
953,2025-11-19-Loyola (MD)-vs-Duquesne-m,2025-11-19,"A.J. Palumbo Center, Pittsburgh, Pennsylvania",Duquesne,NR,92,Loyola (MD),NR,78,Duquesne
954,2025-11-19-UMBC-vs-George Washington-m,2025-11-19,"Charles E. Smith Center, Washington, District of Columbia",George Washington,NR,89,UMBC,NR,52,George Washington
955,2025-11-19-South Alabama-vs-Jacksonville State-m,2025-11-19,"Pete Mathews Coliseum, Jacksonville, Alabama",Jacksonville State,NR,65,South Alabama,NR,71,South Alabama
956,2025-11-19-Dayton-vs-Marquette-m,2025-11-19,"Fiserv Forum, Milwaukee, Wisconsin",Marquette,NR,71,Dayton,NR,77,Dayton
957,2025-11-19-Maine-vs-Merrimack-m,2025-11-19,"Hammel Court, North Andover, Massachusetts",Merrimack,NR,72,Maine,NR,65,Merrimack
958,2025-11-19-Bellarmine-vs-Notre Dame-m,2025-11-19,"Purcell Pavilion at the Joyce Center, South Bend, Indiana",Notre Dame,NR,86,Bellarmine,NR,79,Notre Dame
959,2025-11-19-CCNY-vs-Quinnipiac-m,2025-11-19,"M&T Bank Arena, Hamden, Connecticut",Quinnipiac,NR,112,CCNY,NR,52,Quinnipiac
960,2025-11-19-Wyoming-vs-Sam Houston-m,2025-11-19,"Johnson Coliseum, Huntsville, Texas",Sam Houston,NR,78,Wyoming,NR,70,Sam Houston
961,2025-11-19-Florida Gulf Coast-vs-Samford-m,2025-11-19,"Pete Hanna Center, Birmingham, Alabama",Samford,NR,62,Florida Gulf Coast,NR,77,Florida Gulf Coast
962,2025-11-19-Tennessee Tech-vs-USC Upstate-m,2025-11-19,"G.B. Hodge Center, Spartanburg, South Carolina",USC Upstate,NR,84,Tennessee Tech,NR,88,Tennessee Tech
963,2025-11-19-William Carey-vs-Southeastern Louisiana-m,2025-11-19,"University Center, Hammond, Louisiana",Southeastern Louisiana,NR,71,William Carey,NR,45,Southeastern Louisiana
964,2025-11-19-Howard-vs-Stetson-m,2025-11-19,"Edmunds Center, DeLand, Florida",Stetson,NR,64,Howard,NR,60,Stetson
965,2025-11-19-Dallas Christian-vs-East Texas A&M-m,2025-11-19,"Texas A&MâCommerce Field House, Commerce, Texas",East Texas A&M,NR,115,Dallas Christian,NR,44,East Texas A&M
966,2025-11-19-Youngstown State-vs-Toledo-m,2025-11-19,"John F. Savage Hall, Toledo, Ohio",Toledo,NR,92,Youngstown State,NR,75,Toledo
967,2025-11-19-Lipscomb-vs-Belmont-m,2025-11-19,"Curb Event Center, Nashville, Tennessee",Belmont,NR,75,Lipscomb,NR,68,Belmont
968,2025-11-19-UMass-Lowell-vs-Bradley-m,2025-11-19,"Carver Arena, Peoria, Illinois",Bradley,NR,87,UMass-Lowell,NR,77,Bradley
969,2025-11-19-Valparaiso-vs-Cleveland State-m,2025-11-19,"Henry J. Goodman Arena, Cleveland, Ohio",Cleveland State,NR,75,Valparaiso,NR,90,Valparaiso
970,2025-11-19-North Dakota-vs-Creighton-m,2025-11-19,"CHI Health Center Omaha, Omaha, Nebraska",Creighton,NR,75,North Dakota,NR,60,Creighton
971,2025-11-19-Tiffin-vs-Eastern Illinois-m,2025-11-19,"Lantz Arena, Charleston, Illinois",Eastern Illinois,NR,62,Tiffin,NR,50,Eastern Illinois
972,2025-11-19-Concorida (NE)-vs-Omaha-m,2025-11-19,"Baxter Arena, Omaha, Nebraska",Omaha,NR,96,Concorida (NE),NR,80,Omaha
973,2025-11-19-Jamestown-vs-North Dakota State-m,2025-11-19,"Scheels Center, Fargo, North Dakota",North Dakota State,NR,82,Jamestown,NR,67,North Dakota State
974,2025-11-19-South Florida-vs-Oklahoma State-m,2025-11-19,"Gallagher-Iba Arena, Stillwater, Oklahoma",Oklahoma State,NR,103,South Florida,NR,95,Oklahoma State
975,2025-11-19-Kansas City-vs-TCU-m,2025-11-19,"Ed & Rae Schollmaier Arena, Fort Worth, Texas",TCU,NR,81,Kansas City,NR,45,TCU
976,2025-11-19-UC-Irvine-vs-Utah Valley-m,2025-11-19,"UCCU Center, Orem, Utah",Utah Valley,NR,79,UC-Irvine,NR,72,Utah Valley
977,2025-11-19-St. Thomas (TX)-vs-UTEP-m,2025-11-19,"Don Haskins Center, El Paso, Texas",UTEP,NR,84,St. Thomas (TX),NR,83,UTEP
978,2025-11-19-Nobel University-vs-Long Beach State-m,2025-11-19,"The Walter Pyramid, Long Beach, California",Long Beach State,NR,87,Nobel University,NR,54,Long Beach State
979,2025-11-19-Evergreen State College-vs-Portland State-m,2025-11-19,"Peter W. Stott Center, Portland, Oregon",Portland State,NR,90,Evergreen State College,NR,61,Portland State
980,2025-11-19-Campbell-vs-Weber State-m,2025-11-19,"Dee Events Center, Ogden, Utah",Weber State,NR,91,Campbell,NR,85,Weber State
981,2025-11-19-Southern Utah-vs-Washington State-m,2025-11-19,"Friel Court at Beasley Coliseum, Pullman, Washington",Washington State,NR,98,Southern Utah,NR,74,Washington State
982,2025-11-20-Memphis-vs-Purdue-m,2025-11-20,"Mackey Arena, West Lafayette, Indiana",Purdue, 1 ,80,Memphis,NR,71,Purdue
983,2025-11-20-Rider-vs-Houston-m,2025-11-20,"Hofheinz Pavilion, Houston, Texas",Houston, 2 ,91,Rider,NR,45,Houston
984,2025-11-20-Bucknell-vs-St. John's (NY)-m,2025-11-20,"Carnesecca Arena, Jamaica, New York",St. John's (NY), 14 ,97,Bucknell,NR,49,St. John's (NY)
985,2025-11-20-Wake Forest-vs-Texas Tech-m,2025-11-20,"Baha Mar Convention Center, Nassau",Texas Tech, 15 ,84,Wake Forest,NR,83,Texas Tech
986,2025-11-20-Tennessee State-vs-Tennessee-m,2025-11-20,"Thompson-Boling Arena, Knoxville, Tennessee",Tennessee, 20 ,89,Tennessee State,NR,60,Tennessee
987,2025-11-20-Northern Kentucky-vs-Central Michigan-m,2025-11-20,"McGuirk Arena, Mt. Pleasant, Michigan",Central Michigan,NR,66,Northern Kentucky,NR,90,Northern Kentucky
988,2025-11-20-Kean-vs-Delaware State-m,2025-11-20,"Memorial Hall, Dover, Delaware",Delaware State,NR,66,Kean,NR,64,Delaware State
989,2025-11-20-LIU-vs-Fordham-m,2025-11-20,"Rose Hill Gym, Bronx, New York",Fordham,NR,69,LIU,NR,53,Fordham
990,2025-11-20-Lindenwood-vs-Indiana-m,2025-11-20,"Assembly Hall, Bloomington, Indiana",Indiana,NR,73,Lindenwood,NR,53,Indiana
991,2025-11-20-Elon-vs-Miami (FL)-m,2025-11-20,"Watsco Center, Coral Gables, Florida",Miami (FL),NR,99,Elon,NR,72,Miami (FL)
992,2025-11-20-Western Michigan-vs-Ohio State-m,2025-11-20,"Value City Arena, Columbus, Ohio",Ohio State,NR,91,Western Michigan,NR,58,Ohio State
993,2025-11-20-Rockford-vs-Illinois State-m,2025-11-20,"Redbird Arena, Normal, Illinois",Illinois State,NR,93,Rockford,NR,48,Illinois State
994,2025-11-20-Central Arkansas-vs-North Texas-m,2025-11-20,"Super Pit, Denton, Texas",North Texas,NR,74,Central Arkansas,NR,56,North Texas
995,2025-11-20-Texas Southern-vs-Vanderbilt-m,2025-11-20,"Memorial Gymnasium, Nashville, Tennessee",Vanderbilt,NR,109,Texas Southern,NR,74,Vanderbilt
996,2025-11-20-Cal Poly-vs-Utah-m,2025-11-20,"Jon M. Huntsman Center, Salt Lake City, Utah",Utah,NR,85,Cal Poly,NR,92,Cal Poly
997,2025-11-20-Troy-vs-USC-m,2025-11-20,"Galen Center, Los Angeles, California",USC,NR,107,Troy,NR,106,USC
998,2025-11-20-Incarnate Word-vs-Southern Indiana-m,2025-11-20,"Ocean Center, Daytona Beach, Florida",Southern Indiana,NR,81,Incarnate Word,NR,87,Incarnate Word
999,2025-11-20-High Point-vs-UIC-m,2025-11-20,"Ocean Center, Daytona Beach, Florida",UIC,NR,80,High Point,NR,90,High Point
1000,2025-11-20-Robert Morris-vs-St. Bonaventure-m,2025-11-20,"Reilly Center, St. Bonaventure, New York",St. Bonaventure,NR,75,Robert Morris,NR,61,St. Bonaventure
1001,2025-11-20-Brown-vs-Stony Brook-m,2025-11-20,"Island Federal Credit Union, Stony Brook, New York",Stony Brook,NR,80,Brown,NR,70,Stony Brook
1002,2025-11-20-Colgate-vs-Cornell-m,2025-11-20,"Newman Arena, Ithaca, New York",Cornell,NR,95,Colgate,NR,94,Cornell
1003,2025-11-20-Pacific-vs-Florida Atlantic-m,2025-11-20,"FAU Arena, Boca Raton, Florida",Florida Atlantic,NR,82,Pacific,NR,59,Florida Atlantic
1004,2025-11-20-Chicago State-vs-Iowa-m,2025-11-20,"Carver-Hawkeye Arena, Iowa City, Iowa",Iowa,NR,93,Chicago State,NR,54,Iowa
1005,2025-11-20-Arkansas-Pine Bluff-vs-Marshall-m,2025-11-20,"Henderson Center, Huntington, West Virginia",Marshall,NR,98,Arkansas-Pine Bluff,NR,70,Marshall
1006,2025-11-20-Mercyhurst-vs-Miami (OH)-m,2025-11-20,"Millett Hall, Oxford, Ohio",Miami (OH),NR,76,Mercyhurst,NR,71,Miami (OH)
1007,2025-11-20-Nebraska-vs-New Mexico-m,2025-11-20,"Sprint Center, Kansas City, Missouri",New Mexico,NR,72,Nebraska,NR,84,Nebraska
1008,2025-11-20-Pitt-vs-UCF-m,2025-11-20,"Ocean Center, Daytona Beach, Florida",UCF,NR,77,Pitt,NR,67,UCF
1009,2025-11-20-Northeastern-vs-Princeton-m,2025-11-20,"Jadwin Gymnasium, Princeton, New Jersey",Princeton,NR,70,Northeastern,NR,57,Princeton
1010,2025-11-20-UNC Greensboro-vs-Queens (NC)-m,2025-11-20,"Curry Arena, Charlotte, North Carolina",Queens (NC),NR,101,UNC Greensboro,NR,94,Queens (NC)
1011,2025-11-20-Ohio Wesleyan-vs-Wright State-m,2025-11-20,"Ervin J. Nutter Center, Dayton, Ohio",Wright State,NR,100,Ohio Wesleyan,NR,47,Wright State
1012,2025-11-20-College of Biblical Studies-vs-Houston Christian-m,2025-11-20,"Frank and Lucille Sharp Gymnasium, Houston, Texas",Houston Christian,NR,85,College of Biblical Studies,NR,67,Houston Christian
1013,2025-11-20-South Dakota-vs-Missouri-m,2025-11-20,"Mizzou Arena, Columbia, Missouri",Missouri,NR,102,South Dakota,NR,68,Missouri
1014,2025-11-20-Oral Roberts-vs-Oklahoma-m,2025-11-20,"Lloyd Noble Center, Norman, Oklahoma",Oklahoma,NR,95,Oral Roberts,NR,71,Oklahoma
1015,2025-11-20-Tarleton State-vs-Rice-m,2025-11-20,"Tudor Fieldhouse, Houston, Texas",Rice,NR,74,Tarleton State,NR,90,Tarleton State
1016,2025-11-20-Mississippi State-vs-Kansas State-m,2025-11-20,"Sprint Center, Kansas City, Missouri",Kansas State,NR,98,Mississippi State,NR,77,Kansas State
1017,2025-11-20-St. Joseph's-vs-UNLV-m,2025-11-20,"Thomas & Mack Center, Las Vegas, Nevada",UNLV,NR,99,St. Joseph's,NR,85,UNLV
1018,2025-11-21-Texas Tech-vs-Purdue-m,2025-11-21,"Baha Mar Convention Center, Nassau",Purdue, 1 ,86,Texas Tech, 15 ,56,Purdue
1019,2025-11-21-Niagara-vs-Duke-m,2025-11-21,"Cameron Indoor Stadium, Durham, North Carolina",Duke, 5 ,100,Niagara,NR,42,Duke
1020,2025-11-21-Louisville-vs-Cincinnati-m,2025-11-21,"Heritage Bank Center, Cincinnati, Ohio",Cincinnati,NR,64,Louisville, 6 ,74,Louisville
1021,2025-11-21-Wisconsin-vs-BYU-m,2025-11-21,"Vivint Arena, Salt Lake City, Utah",BYU, 9 ,98,Wisconsin, 23 ,70,BYU
1022,2025-11-21-Merrimack-vs-Florida-m,2025-11-21,"Stephen C. O'Connell Center, Gainesville, Florida",Florida, 10 ,80,Merrimack,NR,45,Florida
1023,2025-11-21-Loyola (MD)-vs-Kentucky-m,2025-11-21,"Rupp Arena, Lexington, Kentucky",Kentucky, 12 ,88,Loyola (MD),NR,46,Kentucky
1024,2025-11-21-Detroit Mercy-vs-Michigan State-m,2025-11-21,"Breslin Events Center, East Lansing, Michigan",Michigan State, 17 ,84,Detroit Mercy,NR,56,Michigan State
1025,2025-11-21-Presbyterian-vs-UCLA-m,2025-11-21,"Pauley Pavilion, Los Angeles, California",UCLA, 19 ,86,Presbyterian,NR,46,UCLA
1026,2025-11-21-Jackson State-vs-Arkansas-m,2025-11-21,"Bud Walton Arena, Fayetteville, Arkansas",Arkansas, 21 ,115,Jackson State,NR,61,Arkansas
1027,2025-11-21-Morehead State-vs-ETSU-m,2025-11-21,"Freedom Hall Civic Center, Johnson City, Tennessee",ETSU,NR,77,Morehead State,NR,62,ETSU
1028,2025-11-21-Georgia Southern-vs-Florida State-m,2025-11-21,"Donald L. Tucker Center, Tallahassee, Florida",Florida State,NR,98,Georgia Southern,NR,72,Florida State
1029,2025-11-21-Arizona State-vs-Hawaii-m,2025-11-21,"Stan Sheriff Center, Honolulu, Hawaii",Hawaii,NR,76,Arizona State,NR,83,Arizona State
1030,2025-11-21-Central Connecticut-vs-Rutgers-m,2025-11-21,"Rutgers Athletic Center, New Brunswick, New Jersey",Rutgers,NR,54,Central Connecticut,NR,67,Central Connecticut
1031,2025-11-21-Lafayette-vs-Stonehill-m,2025-11-21,"Merkert Gymnasium, Easton, Massachusetts",Stonehill,NR,74,Lafayette,NR,70,Stonehill
1032,2025-11-21-USC Upstate-vs-West Georgia-m,2025-11-21,"The Coliseum, Carrollton, Georgia",West Georgia,NR,72,USC Upstate,NR,64,West Georgia
1033,2025-11-21-Erskine-vs-Wofford-m,2025-11-21,"Richardson Indoor Stadium, Spartanburg, South Carolina",Wofford,NR,81,Erskine,NR,57,Wofford
1034,2025-11-21-South Alabama-vs-UAB-m,2025-11-21,"Bartow Arena, Birmingham, Alabama",UAB,NR,80,South Alabama,NR,72,UAB
1035,2025-11-21-Buena Vista-vs-Drake-m,2025-11-21,"Knapp Center, Des Moines, Iowa",Drake,NR,98,Buena Vista,NR,52,Drake
1036,2025-11-21-UC-Davis-vs-Colorado-m,2025-11-21,"Coors Events/Conference Center, Boulder, Colorado",Colorado,NR,95,UC-Davis,NR,79,Colorado
1037,2025-11-21-Denver-vs-Colorado State-m,2025-11-21,"Moby Arena, Fort Collins, Colorado",Colorado State,NR,81,Denver,NR,83,Denver
1038,2025-11-21-Sacramento State-vs-California-m,2025-11-21,"Haas Pavilion, Berkeley, California",California,NR,91,Sacramento State,NR,67,California
1039,2025-11-21-Southern-vs-San Jose State-m,2025-11-21,"San Jose State Event Center, San Jose, California",San Jose State,NR,80,Southern,NR,66,San Jose State
1040,2025-11-21-Regent-vs-William & Mary-m,2025-11-21,"Kaplan Arena at William and Mary Hall, Williamsburg, Virginia",William & Mary,NR,104,Regent,NR,57,William & Mary
1041,2025-11-21-Green Bay-vs-Yale-m,2025-11-21,"Elridge Wilburn Blake Sports and Fitness Center, St. Thomas",Yale,NR,73,Green Bay,NR,67,Yale
1042,2025-11-21-Utah State-vs-Tulane-m,2025-11-21,"TD Arena, Charleston, South Carolina",Tulane,NR,75,Utah State,NR,96,Utah State
1043,2025-11-21-IU Indianapolis-vs-Alabama State-m,2025-11-21,"Clune Arena , Colorado Springs, Colorado",Alabama State,NR,101,IU Indianapolis,NR,80,Alabama State
1044,2025-11-21-Butler-vs-South Carolina-m,2025-11-21,"Colonial Hall at The Greenbrier, White Sulphur Springs, West Virginia",South Carolina,NR,72,Butler,NR,79,Butler
1045,2025-11-21-Davidson-vs-Boston College-m,2025-11-21,"TD Arena, Charleston, South Carolina",Boston College,NR,49,Davidson,NR,59,Davidson
1046,2025-11-21-UT Arlington-vs-Campbell-m,2025-11-21,"Dee Events Center, Ogden, Utah",Campbell,NR,71,UT Arlington,NR,67,Campbell
1047,2025-11-21-UMass-vs-College of Charleston-m,2025-11-21,"Elridge Wilburn Blake Sports and Fitness Center, St. Thomas",College of Charleston,NR,69,UMass,NR,65,College of Charleston
1048,2025-11-21-Iona-vs-Akron-m,2025-11-21,"Elridge Wilburn Blake Sports and Fitness Center, St. Thomas",Akron,NR,96,Iona,NR,75,Akron
1049,2025-11-21-Justice College-vs-Idaho State-m,2025-11-21,"Reed Gym, Pocatello, Idaho",Idaho State,NR,89,Justice College,NR,51,Idaho State
1050,2025-11-21-Northwestern-vs-Virginia-m,2025-11-21,"Colonial Hall at The Greenbrier, White Sulphur Springs, West Virginia",Virginia,NR,83,Northwestern,NR,78,Virginia
1051,2025-11-21-SIU-Edwardsville-vs-Air Force-m,2025-11-21,"Clune Arena , Colorado Springs, Colorado",Air Force,NR,77,SIU-Edwardsville,NR,63,Air Force
1052,2025-11-21-Charlotte-vs-Appalachian State-m,2025-11-21,"Holmes Convocation Center, Boone, North Carolina",Appalachian State,NR,65,Charlotte,NR,63,Appalachian State
1053,2025-11-21-West Virginia-vs-Clemson-m,2025-11-21,"TD Arena, Charleston, South Carolina",Clemson,NR,70,West Virginia,NR,67,Clemson
1054,2025-11-21-Oakland-vs-Eastern Michigan-m,2025-11-21,"Convocation Center, Ypsilanti, Michigan",Eastern Michigan,NR,97,Oakland,NR,91,Eastern Michigan
1055,2025-11-21-Columbia-vs-Lehigh-m,2025-11-21,"Stabler Arena, Bethlehem, Pennsylvania",Lehigh,NR,67,Columbia,NR,82,Columbia
1056,2025-11-21-Fisk-vs-Belmont-m,2025-11-21,"Curb Event Center, Nashville, Tennessee",Belmont,NR,96,Fisk,NR,49,Belmont
1057,2025-11-21-Maryland-Eastern Shore-vs-Canisius-m,2025-11-21,"Koessler Athletic Center, Buffalo, New York",Canisius,NR,60,Maryland-Eastern Shore,NR,57,Canisius
1058,2025-11-21-Penn-vs-Drexel-m,2025-11-21,"Daskalakis Athletic Center, Philadelphia, Pennsylvania",Drexel,NR,68,Penn,NR,84,Penn
1059,2025-11-21-Charleston Southern-vs-East Carolina-m,2025-11-21,"Williams Arena at Minges Coliseum, Greenville, North Carolina",East Carolina,NR,65,Charleston Southern,NR,77,Charleston Southern
1060,2025-11-21-Army-vs-Marist-m,2025-11-21,"McCann Recreation Center, Poughkeepsie, New York",Marist,NR,76,Army,NR,65,Marist
1061,2025-11-21-Wake Forest-vs-Memphis-m,2025-11-21,"Baha Mar Convention Center, Nassau",Memphis,NR,68,Wake Forest,NR,69,Wake Forest
1062,2025-11-21-New Mexico-vs-Mississippi State-m,2025-11-21,"Sprint Center, Kansas City, Missouri",Mississippi State,NR,78,New Mexico,NR,80,New Mexico
1063,2025-11-21-Northern Colorado-vs-St. Thomas-m,2025-11-21,"Chiles Center, Portland, Oregon",St. Thomas,NR,73,Northern Colorado,NR,72,St. Thomas
1064,2025-11-21-Morgan State-vs-Old Dominion-m,2025-11-21,"Ted Constant Convocation Ctr., Norfolk, Virginia",Old Dominion,NR,88,Morgan State,NR,56,Old Dominion
1065,2025-11-21-UNC Wilmington-vs-Radford-m,2025-11-21,"Donald N. Dedmon Center, Radford, Virginia",Radford,NR,73,UNC Wilmington,NR,81,UNC Wilmington
1066,2025-11-21-Holy Cross-vs-Sacred Heart-m,2025-11-21,"William H. Pitt Center, Fairfield, Connecticut",Sacred Heart,NR,79,Holy Cross,NR,66,Sacred Heart
1067,2025-11-21-Albany (NY)-vs-Siena-m,2025-11-21,"MVP Arena, Albany, New York",Siena,NR,73,Albany (NY),NR,63,Siena
1068,2025-11-21-Coastal Carolina-vs-Western Illinois-m,2025-11-21,"Western Hall, Macomb, Illinois",Western Illinois,NR,64,Coastal Carolina,NR,84,Coastal Carolina
1069,2025-11-21-Grambling-vs-California Baptist-m,2025-11-21,"CBU Events Center, Riverside, California",California Baptist,NR,72,Grambling,NR,59,California Baptist
1070,2025-11-21-Omaha-vs-LSU-m,2025-11-21,"Maravich Assembly Center, Baton Rouge, Louisiana",LSU,NR,99,Omaha,NR,73,LSU
1071,2025-11-21-Northern Illinois-vs-Loyola (IL)-m,2025-11-21,"Joseph J. Gentile Center, Chicago, Illinois",Loyola (IL),NR,59,Northern Illinois,NR,76,Northern Illinois
1072,2025-11-21-Hampton-vs-Norfolk State-m,2025-11-21,"Echols Memorial Hall, Norfolk, Virginia",Norfolk State,NR,62,Hampton,NR,60,Norfolk State
1073,2025-11-21-Evansville-vs-Oregon State-m,2025-11-21,"Elridge Wilburn Blake Sports and Fitness Center, St. Thomas",Oregon State,NR,69,Evansville,NR,73,Evansville
1074,2025-11-21-Purdue Fort Wayne-vs-Saint Louis-m,2025-11-21,"Chaifetz Arena, St. Louis, Missouri",Saint Louis,NR,91,Purdue Fort Wayne,NR,60,Saint Louis
1075,2025-11-21-Georgia State-vs-South Dakota State-m,2025-11-21,"First Bank & Trust Arena, Brookings, South Dakota",South Dakota State,NR,105,Georgia State,NR,58,South Dakota State
1076,2025-11-21-Arkansas State-vs-SMU-m,2025-11-21,"Moody Coliseum, Dallas, Texas",SMU,NR,100,Arkansas State,NR,69,SMU
1077,2025-11-21-Manhattan-vs-Texas A&M-m,2025-11-21,"Reed Arena, College Station, Texas",Texas A&M,NR,109,Manhattan,NR,68,Texas A&M
1078,2025-11-21-Little Rock-vs-Texas State-m,2025-11-21,"Strahan Coliseum, San Marcos, Texas",Texas State,NR,65,Little Rock,NR,56,Texas State
1079,2025-11-21-Austin Peay-vs-Tulsa-m,2025-11-21,"Donald W. Reynolds Center, Tulsa, Oklahoma",Tulsa,NR,84,Austin Peay,NR,75,Tulsa
1080,2025-11-21-Nobel University-vs-Utah Tech-m,2025-11-21,"Burns Arena, St. George, Utah",Utah Tech,NR,96,Nobel University,NR,48,Utah Tech
1081,2025-11-21-New Orleans-vs-Fresno State-m,2025-11-21,"Save Mart Center, Fresno, California",Fresno State,NR,85,New Orleans,NR,76,Fresno State
1082,2025-11-21-Georgia-vs-Xavier-m,2025-11-21,"TD Arena, Charleston, South Carolina",Xavier,NR,77,Georgia,NR,78,Georgia
1083,2025-11-21-Northwestern State-vs-Grand Canyon-m,2025-11-21,"GCU Arena, Phoenix, Arizona",Grand Canyon,NR,85,Northwestern State,NR,72,Grand Canyon
1084,2025-11-21-Nebraska-vs-Kansas State-m,2025-11-21,"Sprint Center, Kansas City, Missouri",Kansas State,NR,85,Nebraska,NR,86,Nebraska
1085,2025-11-21-Samford-vs-New Mexico State-m,2025-11-21,"Pan American Center, Las Cruces, New Mexico",New Mexico State,NR,81,Samford,NR,72,New Mexico State
1086,2025-11-21-Stephen F. Austin-vs-Pepperdine-m,2025-11-21,"Firestone Fieldhouse, Malibu, California",Pepperdine,NR,60,Stephen F. Austin,NR,63,Stephen F. Austin
1087,2025-11-21-Cal State Fullerton-vs-Portland-m,2025-11-21,"Chiles Center, Portland, Oregon",Portland,NR,103,Cal State Fullerton,NR,85,Portland
1088,2025-11-21-Montana State-vs-Long Beach State-m,2025-11-21,"The Walter Pyramid, Long Beach, California",Long Beach State,NR,72,Montana State,NR,78,Montana State
1089,2025-11-21-UC-Riverside-vs-San Diego-m,2025-11-21,"Jenny Craig Pavillion, San Diego, California",San Diego,NR,71,UC-Riverside,NR,85,UC-Riverside
1090,2025-11-21-Louisiana-vs-Santa Clara-m,2025-11-21,"Leavey Center, Santa Clara, California",Santa Clara,NR,80,Louisiana,NR,43,Santa Clara
1091,2025-11-21-Seattle-vs-Stanford-m,2025-11-21,"Maples Pavilion, Stanford, California",Stanford,NR,69,Seattle,NR,77,Seattle
1092,2025-11-22-LIU-vs-Illinois-m,2025-11-22,"State Farm Center, Champaign, Illinois",Illinois, 8 ,98,LIU,NR,58,Illinois
1093,2025-11-22-North Carolina Central-vs-Dayton-m,2025-11-22,"University of Dayton Arena, Dayton, Ohio",Dayton,NR,74,North Carolina Central,NR,55,Dayton
1094,2025-11-22-Mercer-vs-Eastern Kentucky-m,2025-11-22,"McBrayer Arena, Richmond, Kentucky",Eastern Kentucky,NR,83,Mercer,NR,95,Mercer
1095,2025-11-22-Ball State-vs-Indiana State-m,2025-11-22,"Hulman Center, Terre Haute, Indiana",Indiana State,NR,70,Ball State,NR,52,Indiana State
1096,2025-11-22-Gardner-Webb-vs-Richmond-m,2025-11-22,"Robins Center, Richmond, Virginia",Richmond,NR,102,Gardner-Webb,NR,67,Richmond
1097,2025-11-22-VMI-vs-Stetson-m,2025-11-22,"Edmunds Center, DeLand, Florida",Stetson,NR,99,VMI,NR,80,Stetson
1098,2025-11-22-Coppin State-vs-VCU-m,2025-11-22,"E.J. Wade Arena at Stuart C. Siegel Center, Richmond, Virginia",VCU,NR,101,Coppin State,NR,58,VCU
1099,2025-11-22-Western Carolina-vs-Lipscomb-m,2025-11-22,"Allen Arena, Nashville, Tennessee",Lipscomb,NR,83,Western Carolina,NR,62,Lipscomb
1100,2025-11-22-UT-Martin-vs-Prairie View-m,2025-11-22,"Pensacola Bay Center, Pensacola, Florida",Prairie View,NR,68,UT-Martin,NR,69,UT-Martin
1101,2025-11-22-Milwaukee-vs-Wichita State-m,2025-11-22,"Charles Koch Arena, Wichita, Kansas",Wichita State,NR,75,Milwaukee,NR,58,Wichita State
1102,2025-11-22-UCSB-vs-Nevada-m,2025-11-22,"Lawlor Events Center, Reno, Nevada",Nevada,NR,77,UCSB,NR,64,Nevada
1103,2025-11-22-Wagner-vs-Georgetown-m,2025-11-22,"Capital One Arena, Washington, District of Columbia",Georgetown,NR,92,Wagner,NR,75,Georgetown
1104,2025-11-22-NJIT-vs-Navy-m,2025-11-22,"Alumni Hall, Annapolis, Maryland",Navy,NR,86,NJIT,NR,70,Navy
1105,2025-11-22-Harvard-vs-Boston University-m,2025-11-22,"Mohegan Sun Arena, Uncasville, Connecticut",Boston University,NR,75,Harvard,NR,74,Boston University
1106,2025-11-22-Fairfield-vs-Le Moyne-m,2025-11-22,"Le Moyne Events Center, Syracuse, New York",Le Moyne,NR,83,Fairfield,NR,97,Fairfield
1107,2025-11-22-VTSU Lyndon-vs-New Haven-m,2025-11-22,"Charger Gymnasium, West Haven, Connecticut",New Haven,NR,122,VTSU Lyndon,NR,51,New Haven
1108,2025-11-22-Cleveland State-vs-Kent State-m,2025-11-22,"Memorial Athletic & Convocation Center, Kent, Ohio",Kent State,NR,91,Cleveland State,NR,71,Kent State
1109,2025-11-22-Central Michigan-vs-Marquette-m,2025-11-22,"Fiserv Forum, Milwaukee, Wisconsin",Marquette,NR,85,Central Michigan,NR,71,Marquette
1110,2025-11-22-UMass-Lowell-vs-St. Peter's-m,2025-11-22,"Yanitelli Center, Jersey City, New Jersey",St. Peter's,NR,68,UMass-Lowell,NR,66,St. Peter's
1111,2025-11-22-Howard Payne-vs-Texas A&M-Corpus Christi-m,2025-11-22,"Dugan Wellness Center, Corpus Christi, Texas",Texas A&M-Corpus Christi,NR,122,Howard Payne,NR,75,Texas A&M-Corpus Christi
1112,2025-11-22-Maryland-Eastern Shore-vs-Binghamton-m,2025-11-22,"Koessler Athletic Center, Buffalo, New York",Binghamton,NR,52,Maryland-Eastern Shore,NR,63,Maryland-Eastern Shore
1113,2025-11-22-Green Bay-vs-UMass-m,2025-11-22,"Elridge Wilburn Blake Sports and Fitness Center, St. Thomas",UMass,NR,75,Green Bay,NR,79,Green Bay
1114,2025-11-22-Nicholls State-vs-Oklahoma State-m,2025-11-22,"Gallagher-Iba Arena, Stillwater, Oklahoma",Oklahoma State,NR,95,Nicholls State,NR,81,Oklahoma State
1115,2025-11-22-Schreiner-vs-Sam Houston-m,2025-11-22,"Johnson Coliseum, Huntsville, Texas",Sam Houston,NR,105,Schreiner,NR,54,Sam Houston
1116,2025-11-22-Mississippi Valley State-vs-Cal State Bakersfield-m,2025-11-22,"Icardo Center, Bakersfield, California",Cal State Bakersfield,NR,86,Mississippi Valley State,NR,70,Cal State Bakersfield
1117,2025-11-22-North Alabama-vs-Chattanooga-m,2025-11-22,"The McKenzie Arena, Chattanooga, Tennessee",Chattanooga,NR,71,North Alabama,NR,57,Chattanooga
1118,2025-11-22-Northeastern-vs-Duquesne-m,2025-11-22,"A.J. Palumbo Center, Pittsburgh, Pennsylvania",Duquesne,NR,86,Northeastern,NR,93,Northeastern
1119,2025-11-22-Niagara-vs-Howard-m,2025-11-22,"Cameron Indoor Stadium, Durham, North Carolina",Howard,NR,80,Niagara,NR,70,Howard
1120,2025-11-22-Providence-vs-Penn State-m,2025-11-22,"Mohegan Sun Arena, Uncasville, Connecticut",Penn State,NR,65,Providence,NR,77,Providence
1121,2025-11-22-St. Thomas-vs-Cal State Fullerton-m,2025-11-22,"Chiles Center, Portland, Oregon",Cal State Fullerton,NR,88,St. Thomas,NR,80,Cal State Fullerton
1122,2025-11-22-Southern Indiana-vs-UIC-m,2025-11-22,"Ocean Center, Daytona Beach, Florida",UIC,NR,84,Southern Indiana,NR,73,UIC
1123,2025-11-22-Lancaster Bible-vs-La Salle-m,2025-11-22,"John Glaser Arena, Philadelphia, Pennsylvania",La Salle,NR,75,Lancaster Bible,NR,46,La Salle
1124,2025-11-22-San Francisco-vs-Minnesota-m,2025-11-22,"Sanford Pentagon, Sioux Falls, South Dakota",Minnesota,NR,65,San Francisco,NR,77,San Francisco
1125,2025-11-22-Texas-Rio Grande Valley-vs-Missouri State-m,2025-11-22,"JQH Arena, Springfield, Missouri",Missouri State,NR,74,Texas-Rio Grande Valley,NR,67,Missouri State
1126,2025-11-22-Iona-vs-Oregon State-m,2025-11-22,"Elridge Wilburn Blake Sports and Fitness Center, St. Thomas",Oregon State,NR,84,Iona,NR,91,Iona
1127,2025-11-22-Coastal Carolina-vs-North Dakota-m,2025-11-22,"Western Hall, Macomb, Illinois",North Dakota,NR,58,Coastal Carolina,NR,75,Coastal Carolina
1128,2025-11-22-Incarnate Word-vs-High Point-m,2025-11-22,"Ocean Center, Daytona Beach, Florida",High Point,NR,91,Incarnate Word,NR,80,High Point
1129,2025-11-22-Morehead State-vs-Louisiana-Monroe-m,2025-11-22,"Freedom Hall Civic Center, Johnson City, Tennessee",Louisiana-Monroe,NR,80,Morehead State,NR,83,Morehead State
1130,2025-11-22-North Florida-vs-Southern Miss-m,2025-11-22,"Pensacola Bay Center, Pensacola, Florida",Southern Miss,NR,92,North Florida,NR,83,Southern Miss
1131,2025-11-22-Northern Colorado-vs-Portland-m,2025-11-22,"Chiles Center, Portland, Oregon",Portland,NR,80,Northern Colorado,NR,86,Northern Colorado
1132,2025-11-22-Nobel University-vs-Southern Utah-m,2025-11-22,"Centrum, Cedar City, Utah",Southern Utah,NR,103,Nobel University,NR,68,Southern Utah
1133,2025-11-22-Eastern Oregon-vs-Idaho-m,2025-11-22,"ICCU Arena, Moscow, Idaho",Idaho,NR,97,Eastern Oregon,NR,68,Idaho
1134,2025-11-22-UT Arlington-vs-Weber State-m,2025-11-22,"Dee Events Center, Ogden, Utah",Weber State,NR,73,UT Arlington,NR,74,UT Arlington
1135,2025-11-22-Northern Iowa-vs-UC-Irvine-m,2025-11-22,"Bren Events Center, Irvine, California",UC-Irvine,NR,69,Northern Iowa,NR,70,Northern Iowa
1136,2025-11-22-UC Merced-vs-Saint Mary's-m,2025-11-22,"McKeon Pavilion, Moraga, California",Saint Mary's,NR,96,UC Merced,NR,42,Saint Mary's
1137,2025-11-23-Bryant-vs-UConn-m,2025-11-23,"PeoplesBank Arena, Hartford, Connecticut",UConn, 3 ,72,Bryant,NR,49,UConn
1138,2025-11-23-Howard-vs-Duke-m,2025-11-23,"Cameron Indoor Stadium, Durham, North Carolina",Duke, 5 ,93,Howard,NR,56,Duke
1139,2025-11-23-Louisiana-Monroe-vs-ETSU-m,2025-11-23,"Freedom Hall Civic Center, Johnson City, Tennessee",ETSU,NR,97,Louisiana-Monroe,NR,55,ETSU
1140,2025-11-23-Queens (NC)-vs-Furman-m,2025-11-23,"Timmons Arena, Greenville, South Carolina",Furman,NR,90,Queens (NC),NR,79,Furman
1141,2025-11-23-West Georgia-vs-Georgia Tech-m,2025-11-23,"McCamish Pavilion, Atlanta, Georgia",Georgia Tech,NR,82,West Georgia,NR,66,Georgia Tech
1142,2025-11-23-Coastal Carolina-vs-Illinois State-m,2025-11-23,"Redbird Arena, Normal, Illinois",Illinois State,NR,94,Coastal Carolina,NR,42,Illinois State
1143,2025-11-23-Delaware State-vs-Miami (FL)-m,2025-11-23,"Watsco Center, Coral Gables, Florida",Miami (FL),NR,97,Delaware State,NR,41,Miami (FL)
1144,2025-11-23-Quinnipiac-vs-Pitt-m,2025-11-23,"Petersen Events Center, Pittsburgh, Pennsylvania",Pitt,NR,75,Quinnipiac,NR,83,Quinnipiac
1145,2025-11-23-Detroit Mercy-vs-DePaul-m,2025-11-23,"Wintrust Arena, Chicago, Illinois",DePaul,NR,95,Detroit Mercy,NR,75,DePaul
1146,2025-11-23-Winthrop-vs-Jackson State-m,2025-11-23,"Lee E. Williams Athletics and Assembly Center, Jackson, Mississippi",Jackson State,NR,62,Winthrop,NR,80,Winthrop
1147,2025-11-23-Lamar-vs-Montana-m,2025-11-23,"Adams Center/Dahlberg Arena, Missoula, Montana",Montana,NR,63,Lamar,NR,68,Lamar
1148,2025-11-23-Norfolk State-vs-Wyoming-m,2025-11-23,"Arena-Auditorium, Laramie, Wyoming",Wyoming,NR,75,Norfolk State,NR,67,Wyoming
1149,2025-11-23-Alabama State-vs-SIU-Edwardsville-m,2025-11-23,"Clune Arena , Colorado Springs, Colorado",SIU-Edwardsville,NR,83,Alabama State,NR,68,SIU-Edwardsville
1150,2025-11-23-Binghamton-vs-Canisius-m,2025-11-23,"Koessler Athletic Center, Buffalo, New York",Canisius,NR,75,Binghamton,NR,66,Canisius
1151,2025-11-23-Clemson-vs-Georgia-m,2025-11-23,"TD Arena, Charleston, South Carolina",Georgia,NR,94,Clemson,NR,97,Clemson
1152,2025-11-23-Arkansas-Pine Bluff-vs-Miami (OH)-m,2025-11-23,"Millett Hall, Oxford, Ohio",Miami (OH),NR,111,Arkansas-Pine Bluff,NR,84,Miami (OH)
1153,2025-11-23-Cal State Fullerton-vs-Northern Colorado-m,2025-11-23,"Chiles Center, Portland, Oregon",Northern Colorado,NR,97,Cal State Fullerton,NR,93,Northern Colorado
1154,2025-11-23-Eastern Washington-vs-Central Arkansas-m,2025-11-23,"Jeff Farris Center, Conway, Arkansas",Central Arkansas,NR,92,Eastern Washington,NR,65,Central Arkansas
1155,2025-11-23-Shaw-vs-Charlotte-m,2025-11-23,"Dale F. Halton Arena, Charlotte, North Carolina",Charlotte,NR,83,Shaw,NR,79,Charlotte
1156,2025-11-23-Longwood-vs-Columbia-m,2025-11-23,"Francis A. Levien Gymnasium, New York, New York",Columbia,NR,95,Longwood,NR,70,Columbia
1157,2025-11-23-Old Dominion-vs-Drexel-m,2025-11-23,"Daskalakis Athletic Center, Philadelphia, Pennsylvania",Drexel,NR,75,Old Dominion,NR,71,Drexel
1158,2025-11-23-Brown-vs-Maine-m,2025-11-23,"Memorial Gymnasium, Orono, Maine",Maine,NR,53,Brown,NR,58,Brown
1159,2025-11-23-Prairie View-vs-North Florida-m,2025-11-23,"Pensacola Bay Center, Pensacola, Florida",North Florida,NR,82,Prairie View,NR,85,Prairie View
1160,2025-11-23-Alcorn State-vs-Oklahoma-m,2025-11-23,"Lloyd Noble Center, Norman, Oklahoma",Oklahoma,NR,72,Alcorn State,NR,53,Oklahoma
1161,2025-11-23-South Carolina State-vs-South Dakota-m,2025-11-23,"Sanford Coyote Sports Center, Vermillon, South Dakota",South Dakota,NR,82,South Carolina State,NR,81,South Dakota
1162,2025-11-23-Butler-vs-Virginia-m,2025-11-23,"Colonial Hall at The Greenbrier, White Sulphur Springs, West Virginia",Virginia,NR,73,Butler,NR,80,Butler
1163,2025-11-23-Southern Illinois-vs-Delaware-m,2025-11-23,,Delaware,NR,59,Southern Illinois,NR,79,Southern Illinois
1164,2025-11-23-Robert Morris-vs-Monmouth-m,2025-11-23,"Multipurpose Activity Center, West Long Branch, New Jersey",Monmouth,NR,71,Robert Morris,NR,70,Monmouth
1165,2025-11-23-Mount St. Mary's-vs-Western Michigan-m,2025-11-23,"University Arena, Kalamazoo, Michigan",Western Michigan,NR,83,Mount St. Mary's,NR,60,Western Michigan
1166,2025-11-23-West Virginia-vs-Xavier-m,2025-11-23,"TD Arena, Charleston, South Carolina",Xavier,NR,78,West Virginia,NR,68,Xavier
1167,2025-11-23-St. Thomas-vs-Portland-m,2025-11-23,"Chiles Center, Portland, Oregon",Portland,NR,66,St. Thomas,NR,76,St. Thomas
1168,2025-11-23-IU Indianapolis-vs-Air Force-m,2025-11-23,"Clune Arena , Colorado Springs, Colorado",Air Force,NR,98,IU Indianapolis,NR,85,Air Force
1169,2025-11-23-Yale-vs-College of Charleston-m,2025-11-23,"Elridge Wilburn Blake Sports and Fitness Center, St. Thomas",College of Charleston,NR,63,Yale,NR,74,Yale
1170,2025-11-23-McNeese State-vs-George Washington-m,2025-11-23,"John Gray Gymnasium, Grand Cayman",George Washington,NR,86,McNeese State,NR,92,McNeese State
1171,2025-11-23-Youngstown State-vs-UNC Greensboro-m,2025-11-23,,UNC Greensboro,NR,68,Youngstown State,NR,62,UNC Greensboro
1172,2025-11-23-Northwestern-vs-South Carolina-m,2025-11-23,"Colonial Hall at The Greenbrier, White Sulphur Springs, West Virginia",South Carolina,NR,77,Northwestern,NR,79,Northwestern
1173,2025-11-23-UT-Martin-vs-Southern Miss-m,2025-11-23,"Pensacola Bay Center, Pensacola, Florida",Southern Miss,NR,70,UT-Martin,NR,60,Southern Miss
1174,2025-11-23-Tulane-vs-Boston College-m,2025-11-23,"TD Arena, Charleston, South Carolina",Boston College,NR,90,Tulane,NR,93,Tulane
1175,2025-11-23-Mercyhurst-vs-Marshall-m,2025-11-23,"Henderson Center, Huntington, West Virginia",Marshall,NR,69,Mercyhurst,NR,60,Marshall
1176,2025-11-23-Murray State-vs-Middle Tennessee-m,2025-11-23,"John Gray Gymnasium, Grand Cayman",Middle Tennessee,NR,90,Murray State,NR,87,Middle Tennessee
1177,2025-11-23-North Dakota-vs-Western Illinois-m,2025-11-23,"Western Hall, Macomb, Illinois",Western Illinois,NR,69,North Dakota,NR,78,North Dakota
1178,2025-11-23-Akron-vs-Evansville-m,2025-11-23,"Elridge Wilburn Blake Sports and Fitness Center, St. Thomas",Evansville,NR,59,Akron,NR,97,Akron
1179,2025-11-23-Utah State-vs-Davidson-m,2025-11-23,"TD Arena, Charleston, South Carolina",Davidson,NR,60,Utah State,NR,94,Utah State
1180,2025-11-24-Denver-vs-Arizona-m,2025-11-24,"McKale Center, Tucson, Arizona",Arizona, 2 ,103,Denver,NR,73,Arizona
1181,2025-11-24-Syracuse-vs-Houston-m,2025-11-24,"MGM Grand Garden Arena, Paradise, Nevada",Houston, 3 ,78,Syracuse,NR,74,Houston
1182,2025-11-24-Eastern Michigan-vs-Louisville-m,2025-11-24,"KFC Yum! Center, Louisville, Kentucky",Louisville, 6 ,87,Eastern Michigan,NR,46,Louisville
1183,2025-11-24-San Diego State-vs-Michigan-m,2025-11-24,"Michelob Ultra Arena, Paradise, Nevada",Michigan, 7 ,94,San Diego State,NR,54,Michigan
1184,2025-11-24-Gonzaga-vs-Alabama-m,2025-11-24,"MGM Grand Garden Arena, Paradise, Nevada",Alabama, 8 ,85,Gonzaga, 12 ,95,Gonzaga
1185,2025-11-24-Texas-Rio Grande Valley-vs-Illinois-m,2025-11-24,"State Farm Center, Champaign, Illinois",Illinois, 13 ,87,Texas-Rio Grande Valley,NR,73,Illinois
1186,2025-11-24-Iowa State-vs-St. John's (NY)-m,2025-11-24,"Michelob Ultra Arena, Paradise, Nevada",St. John's (NY), 14 ,82,Iowa State, 15 ,83,Iowa State
1187,2025-11-24-Rutgers-vs-Tennessee-m,2025-11-24,"MGM Grand Garden Arena, Paradise, Nevada",Tennessee, 17 ,85,Rutgers,NR,60,Tennessee
1188,2025-11-24-Auburn-vs-Oregon-m,2025-11-24,"Michelob Ultra Arena, Paradise, Nevada",Oregon,NR,73,Auburn, 21 ,84,Auburn
1189,2025-11-24-Seton Hall-vs-NC State-m,2025-11-24,"Lahaina Civic Center, Lahaina, Hawaii",NC State, 23 ,74,Seton Hall,NR,85,Seton Hall
1190,2025-11-24-NJIT-vs-Cincinnati-m,2025-11-24,"Fifth Third Arena, Cincinnati, Ohio",Cincinnati,NR,94,NJIT,NR,67,Cincinnati
1191,2025-11-24-Bellarmine-vs-The Citadel-m,2025-11-24,"McAlister Field House, Charleston, South Carolina",The Citadel,NR,58,Bellarmine,NR,70,Bellarmine
1192,2025-11-24-James Madison-vs-Florida International-m,2025-11-24,"FIU Arena, Miami, Florida",Florida International,NR,72,James Madison,NR,80,James Madison
1193,2025-11-24-Siena-vs-Holy Cross-m,2025-11-24,"Hart Center Arena, Worcester, Massachusetts",Holy Cross,NR,69,Siena,NR,73,Siena
1194,2025-11-24-Stony Brook-vs-Pacific-m,2025-11-24,"Ocean Center, Daytona Beach, Florida",Pacific,NR,86,Stony Brook,NR,58,Pacific
1195,2025-11-24-UAB-vs-Southern Illinois-m,2025-11-24,,Southern Illinois,NR,73,UAB,NR,81,UAB
1196,2025-11-24-Oakland-vs-Lamar-m,2025-11-24,"Adams Center/Dahlberg Arena, Missoula, Montana",Lamar,NR,68,Oakland,NR,83,Oakland
1197,2025-11-24-Louisiana-vs-UC-Davis-m,2025-11-24,"The Pavilion, Davis, California",UC-Davis,NR,77,Louisiana,NR,56,UC-Davis
1198,2025-11-24-Toledo-vs-Troy-m,2025-11-24,"Alico Arena, Fort Myers, Florida",Troy,NR,68,Toledo,NR,75,Toledo
1199,2025-11-24-Rhode Island-vs-Towson-m,2025-11-24,"State Farm Field House, Lake Buena Vista, Florida",Towson,NR,62,Rhode Island,NR,55,Towson
1200,2025-11-24-Bucknell-vs-Bowling Green-m,2025-11-24,"Suncoast Credit Union Arena, Fort Myers, Florida",Bowling Green,NR,71,Bucknell,NR,66,Bowling Green
1201,2025-11-24-East Texas A&M-vs-FDU-m,2025-11-24,"Bogota Savings Bank Center, Teaneck, New Jersey",FDU,NR,65,East Texas A&M,NR,70,East Texas A&M
1202,2025-11-24-UMass-vs-Oregon State-m,2025-11-24,"Elridge Wilburn Blake Sports and Fitness Center, St. Thomas",Oregon State,NR,65,UMass,NR,73,UMass
1203,2025-11-24-Liberty-vs-Vermont-m,2025-11-24,"State Farm Field House, Lake Buena Vista, Florida",Vermont,NR,73,Liberty,NR,79,Liberty
1204,2025-11-24-Creighton-vs-Baylor-m,2025-11-24,"Michelob Ultra Arena, Paradise, Nevada",Baylor,NR,81,Creighton,NR,74,Baylor
1205,2025-11-24-Saint Francis (PA)-vs-Belmont-m,2025-11-24,"Alico Arena, Fort Myers, Florida",Belmont,NR,94,Saint Francis (PA),NR,57,Belmont
1206,2025-11-24-Jacksonville-vs-Bethune-Cookman-m,2025-11-24,"Ocean Center, Daytona Beach, Florida",Bethune-Cookman,NR,64,Jacksonville,NR,69,Jacksonville
1207,2025-11-24-USC-vs-Boise State-m,2025-11-24,"Lahaina Civic Center, Lahaina, Hawaii",Boise State,NR,67,USC,NR,70,USC
1208,2025-11-24-Buffalo-vs-VMI-m,2025-11-24,"Suncoast Credit Union Arena, Fort Myers, Florida",VMI,NR,70,Buffalo,NR,78,Buffalo
1209,2025-11-24-Grambling-vs-UC-Riverside-m,2025-11-24,"UC Riverside Student Recreation Center, Riverside, California",UC-Riverside,NR,83,Grambling,NR,74,UC-Riverside
1210,2025-11-24-Green Bay-vs-Iona-m,2025-11-24,"Elridge Wilburn Blake Sports and Fitness Center, St. Thomas",Iona,NR,75,Green Bay,NR,80,Green Bay
1211,2025-11-24-Notre Dame-vs-Kansas-m,2025-11-24,"MGM Grand Garden Arena, Paradise, Nevada",Kansas,NR,71,Notre Dame,NR,61,Kansas
1212,2025-11-24-Rice-vs-Kennesaw State-m,2025-11-24,"Alico Arena, Fort Myers, Florida",Kennesaw State,NR,89,Rice,NR,84,Kennesaw State
1213,2025-11-24-Temple-vs-UC-San Diego-m,2025-11-24,"State Farm Field House, Lake Buena Vista, Florida",UC-San Diego,NR,91,Temple,NR,76,UC-San Diego
1214,2025-11-24-William & Mary-vs-UTEP-m,2025-11-24,,UTEP,NR,63,William & Mary,NR,74,William & Mary
1215,2025-11-24-College of Charleston-vs-Evansville-m,2025-11-24,"Elridge Wilburn Blake Sports and Fitness Center, St. Thomas",Evansville,NR,59,College of Charleston,NR,78,College of Charleston
1216,2025-11-24-Florida Atlantic-vs-Loyola Marymount-m,2025-11-24,"Ocean Center, Daytona Beach, Florida",Loyola Marymount,NR,65,Florida Atlantic,NR,76,Florida Atlantic
1217,2025-11-24-George Washington-vs-Middle Tennessee-m,2025-11-24,"John Gray Gymnasium, Grand Cayman",Middle Tennessee,NR,79,George Washington,NR,92,George Washington
1218,2025-11-24-Elon-vs-Appalachian State-m,2025-11-24,"Holmes Convocation Center, Boone, North Carolina",Appalachian State,NR,53,Elon,NR,88,Elon
1219,2025-11-24-George Mason-vs-Ohio-m,2025-11-24,"Ocean Center, Daytona Beach, Florida",Ohio,NR,69,George Mason,NR,92,George Mason
1220,2025-11-24-Georgia Southern-vs-Youngstown State-m,2025-11-24,,Youngstown State,NR,67,Georgia Southern,NR,61,Youngstown State
1221,2025-11-24-Notre Dame (MD)-vs-UMBC-m,2025-11-24,"UMBC Event Center, Baltimore, Maryland",UMBC,NR,102,Notre Dame (MD),NR,52,UMBC
1222,2025-11-24-Marywood-vs-American-m,2025-11-24,"Bender Arena, Washington, District of Columbia",American,NR,113,Marywood,NR,53,American
1223,2025-11-24-Princeton-vs-Bradley-m,2025-11-24,"State Farm Field House, Lake Buena Vista, Florida",Bradley,NR,88,Princeton,NR,64,Bradley
1224,2025-11-24-Sacred Heart-vs-Central Connecticut-m,2025-11-24,"Detrick Gymnasium, New Britain, Connecticut",Central Connecticut,NR,108,Sacred Heart,NR,106,Central Connecticut
1225,2025-11-24-Oral Roberts-vs-Florida Gulf Coast-m,2025-11-24,"Alico Arena, Fort Myers, Florida",Florida Gulf Coast,NR,93,Oral Roberts,NR,88,Florida Gulf Coast
1226,2025-11-24-Kansas City-vs-Lindenwood-m,2025-11-24,"Hyland Performance Arena, Saint Charles, Missouri",Lindenwood,NR,80,Kansas City,NR,67,Lindenwood
1227,2025-11-24-McNeese State-vs-Murray State-m,2025-11-24,"John Gray Gymnasium, Grand Cayman",Murray State,NR,60,McNeese State,NR,73,McNeese State
1228,2025-11-24-New Orleans-vs-Mississippi State-m,2025-11-24,"Humphrey Coliseum, Starkville, Mississippi",Mississippi State,NR,81,New Orleans,NR,78,Mississippi State
1229,2025-11-24-Eastern Kentucky-vs-Northern Kentucky-m,2025-11-24,"Bank of Kentucky Center, Highland Heights, Kentucky",Northern Kentucky,NR,82,Eastern Kentucky,NR,71,Northern Kentucky
1230,2025-11-24-Texas Lutheran-vs-Texas State-m,2025-11-24,"Strahan Coliseum, San Marcos, Texas",Texas State,NR,93,Texas Lutheran,NR,41,Texas State
1231,2025-11-24-Yale-vs-Akron-m,2025-11-24,"Elridge Wilburn Blake Sports and Fitness Center, St. Thomas",Akron,NR,94,Yale,NR,97,Yale
1232,2025-11-24-Jacksonville State-vs-Arkansas State-m,2025-11-24,"Convocation Center, Jonesboro, Arkansas",Arkansas State,NR,74,Jacksonville State,NR,63,Arkansas State
1233,2025-11-24-LIU-vs-Missouri State-m,2025-11-24,"JQH Arena, Springfield, Missouri",Missouri State,NR,61,LIU,NR,75,LIU
1234,2025-11-24-Cal Poly-vs-Northern Arizona-m,2025-11-24,"Rolle Activity Center, Flagstaff, Arizona",Northern Arizona,NR,93,Cal Poly,NR,87,Northern Arizona
1235,2025-11-24-UTSA-vs-Abilene Christian-m,2025-11-24,,Abilene Christian,NR,61,UTSA,NR,50,Abilene Christian
1236,2025-11-24-Nobel University-vs-UCSB-m,2025-11-24,"The Thunderdome, Santa Barbara, California",UCSB,NR,84,Nobel University,NR,49,UCSB
1237,2025-11-24-Radford-vs-SMU-m,2025-11-24,"Moody Coliseum, Dallas, Texas",SMU,NR,89,Radford,NR,72,SMU
1238,2025-11-24-Arizona State-vs-Texas-m,2025-11-24,"Lahaina Civic Center, Lahaina, Hawaii",Texas,NR,86,Arizona State,NR,87,Arizona State
1239,2025-11-25-Tennessee-vs-Houston-m,2025-11-25,"MGM Grand Garden Arena, Paradise, Nevada",Houston, 3 ,73,Tennessee, 17 ,76,Tennessee
1240,2025-11-25-Auburn-vs-Michigan-m,2025-11-25,"Michelob Ultra Arena, Paradise, Nevada",Michigan, 7 ,102,Auburn, 21 ,72,Michigan
1241,2025-11-25-Michigan State-vs-East Carolina-m,2025-11-25,"Suncoast Credit Union Arena, Fort Myers, Florida",East Carolina,NR,56,Michigan State, 11 ,89,Michigan State
1242,2025-11-25-Maryland-vs-Gonzaga-m,2025-11-25,"MGM Grand Garden Arena, Paradise, Nevada",Gonzaga, 12 ,100,Maryland,NR,61,Gonzaga
1243,2025-11-25-Baylor-vs-St. John's (NY)-m,2025-11-25,"Michelob Ultra Arena, Paradise, Nevada",St. John's (NY), 14 ,96,Baylor,NR,81,St. John's (NY)
1244,2025-11-25-Creighton-vs-Iowa State-m,2025-11-25,"Michelob Ultra Arena, Paradise, Nevada",Iowa State, 15 ,78,Creighton,NR,60,Iowa State
1245,2025-11-25-St. Bonaventure-vs-UNC-m,2025-11-25,"Suncoast Credit Union Arena, Fort Myers, Florida",UNC, 16 ,85,St. Bonaventure,NR,70,UNC
1246,2025-11-25-UCLA-vs-California-m,2025-11-25,"Chase Center, San Francisco, California",California,NR,80,UCLA, 18 ,72,California
1247,2025-11-25-NC State-vs-Boise State-m,2025-11-25,"Lahaina Civic Center, Lahaina, Hawaii",Boise State,NR,70,NC State, 23 ,81,NC State
1248,2025-11-25-Kansas State-vs-Indiana-m,2025-11-25,"Assembly Hall, Bloomington, Indiana",Indiana, 25 ,86,Kansas State,NR,69,Indiana
1249,2025-11-25-East Texas A&M-vs-Army-m,2025-11-25,"Bogota Savings Bank Center, Teaneck, New Jersey",Army,NR,67,East Texas A&M,NR,84,East Texas A&M
1250,2025-11-25-Quinnipiac-vs-UCF-m,2025-11-25,"CFE Arena, Orlando, Florida",UCF,NR,102,Quinnipiac,NR,91,UCF
1251,2025-11-25-Adrian-vs-Central Michigan-m,2025-11-25,"McGuirk Arena, Mt. Pleasant, Michigan",Central Michigan,NR,112,Adrian,NR,67,Central Michigan
1252,2025-11-25-Cal State Bakersfield-vs-Florida State-m,2025-11-25,"Donald L. Tucker Center, Tallahassee, Florida",Florida State,NR,89,Cal State Bakersfield,NR,59,Florida State
1253,2025-11-25-Georgia Southern-vs-UTSA-m,2025-11-25,,UTSA,NR,77,Georgia Southern,NR,64,UTSA
1254,2025-11-25-Hawaii Pacific-vs-Hawaii-m,2025-11-25,"Stan Sheriff Center, Honolulu, Hawaii",Hawaii,NR,88,Hawaii Pacific,NR,76,Hawaii
1255,2025-11-25-Omaha-vs-James Madison-m,2025-11-25,"FIU Arena, Miami, Florida",James Madison,NR,88,Omaha,NR,77,James Madison
1256,2025-11-25-UNLV-vs-Maryland-m,2025-11-25,"MGM Grand Garden Arena, Paradise, Nevada",Maryland,NR,74,UNLV,NR,67,Maryland
1257,2025-11-25-Mount St. Mary's-vs-Ohio State-m,2025-11-25,"Value City Arena, Columbus, Ohio",Ohio State,NR,113,Mount St. Mary's,NR,60,Ohio State
1258,2025-11-25-Boston University-vs-Penn State-m,2025-11-25,"Bryce Jordan Center, University Park, Pennsylvania",Penn State,NR,96,Boston University,NR,87,Penn State
1259,2025-11-25-Old Dominion-vs-Villanova-m,2025-11-25,"Finneran Pavilion, Villanova, Pennsylvania",Villanova,NR,89,Old Dominion,NR,75,Villanova
1260,2025-11-25-Campbell-vs-Wake Forest-m,2025-11-25,"Lawrence Joel Coliseum, Winston-Salem, North Carolina",Wake Forest,NR,99,Campbell,NR,51,Wake Forest
1261,2025-11-25-Northern Illinois-vs-Austin Peay-m,2025-11-25,"F&M Bank Arena, Clarksville, Tennessee",Austin Peay,NR,77,Northern Illinois,NR,59,Austin Peay
1262,2025-11-25-Eastern Washington-vs-North Texas-m,2025-11-25,"Super Pit, Denton, Texas",North Texas,NR,79,Eastern Washington,NR,71,North Texas
1263,2025-11-25-Southeast Missouri State-vs-Cal Poly-m,2025-11-25,"Rolle Activity Center, Flagstaff, Arizona",Cal Poly,NR,68,Southeast Missouri State,NR,84,Southeast Missouri State
1264,2025-11-25-Oakland-vs-Montana-m,2025-11-25,"Adams Center/Dahlberg Arena, Missoula, Montana",Montana,NR,87,Oakland,NR,95,Oakland
1265,2025-11-25-Stony Brook-vs-Bethune-Cookman-m,2025-11-25,"Ocean Center, Daytona Beach, Florida",Bethune-Cookman,NR,54,Stony Brook,NR,61,Stony Brook
1266,2025-11-25-Towson-vs-Liberty-m,2025-11-25,"State Farm Field House, Lake Buena Vista, Florida",Liberty,NR,69,Towson,NR,72,Towson
1267,2025-11-25-Pacific-vs-Jacksonville-m,2025-11-25,"Ocean Center, Daytona Beach, Florida",Jacksonville,NR,53,Pacific,NR,68,Pacific
1268,2025-11-25-UT-Southern-vs-North Alabama-m,2025-11-25,"Flowers Hall, Florence, Alabama",North Alabama,NR,92,UT-Southern,NR,60,North Alabama
1269,2025-11-25-Notre Dame-vs-Rutgers-m,2025-11-25,"MGM Grand Garden Arena, Paradise, Nevada",Rutgers,NR,63,Notre Dame,NR,68,Notre Dame
1270,2025-11-25-UNC Greensboro-vs-Delaware-m,2025-11-25,,Delaware,NR,73,UNC Greensboro,NR,60,Delaware
1271,2025-11-25-Rhode Island-vs-Vermont-m,2025-11-25,"State Farm Field House, Lake Buena Vista, Florida",Vermont,NR,65,Rhode Island,NR,80,Rhode Island
1272,2025-11-25-Samford-vs-Georgia State-m,2025-11-25,"Hard Rock Hotel Riviera Maya, Cancun",Georgia State,NR,63,Samford,NR,78,Samford
1273,2025-11-25-Syracuse-vs-Kansas-m,2025-11-25,"MGM Grand Garden Arena, Paradise, Nevada",Kansas,NR,71,Syracuse,NR,60,Kansas
1274,2025-11-25-Tulsa-vs-San Jose State-m,2025-11-25,"Acrisure Arena, Thousand Palms, California",San Jose State,NR,51,Tulsa,NR,81,Tulsa
1275,2025-11-25-UTEP-vs-UAB-m,2025-11-25,,UAB,NR,75,UTEP,NR,59,UAB
1276,2025-11-25-UC-San Diego-vs-Bradley-m,2025-11-25,"State Farm Field House, Lake Buena Vista, Florida",Bradley,NR,77,UC-San Diego,NR,87,UC-San Diego
1277,2025-11-25-Ohio-vs-Loyola Marymount-m,2025-11-25,"Ocean Center, Daytona Beach, Florida",Loyola Marymount,NR,70,Ohio,NR,58,Loyola Marymount
1278,2025-11-25-Middle Tennessee-vs-McNeese State-m,2025-11-25,"John Gray Gymnasium, Grand Cayman",McNeese State,NR,72,Middle Tennessee,NR,62,McNeese State
1279,2025-11-25-Seton Hall-vs-USC-m,2025-11-25,"Lahaina Civic Center, Lahaina, Hawaii",USC,NR,83,Seton Hall,NR,81,USC
1280,2025-11-25-Abilene Christian-vs-William & Mary-m,2025-11-25,,William & Mary,NR,92,Abilene Christian,NR,58,William & Mary
1281,2025-11-25-San Diego-vs-California Baptist-m,2025-11-25,"Acrisure Arena, Thousand Palms, California",California Baptist,NR,76,San Diego,NR,61,California Baptist
1282,2025-11-25-Kennesaw State-vs-Oral Roberts-m,2025-11-25,"Alico Arena, Fort Myers, Florida",Oral Roberts,NR,91,Kennesaw State,NR,83,Oral Roberts
1283,2025-11-25-Northern Iowa-vs-Loyola (IL)-m,2025-11-25,"Acrisure Arena, Thousand Palms, California",Loyola (IL),NR,51,Northern Iowa,NR,72,Northern Iowa
1284,2025-11-25-Washington College-vs-Loyola (MD)-m,2025-11-25,"Reitz Arena, Baltimore, Maryland",Loyola (MD),NR,101,Washington College,NR,51,Loyola (MD)
1285,2025-11-25-Drexel-vs-Morgan State-m,2025-11-25,"Hill Field House, Baltimore, Maryland",Morgan State,NR,66,Drexel,NR,71,Drexel
1286,2025-11-25-Tennessee State-vs-UNC Asheville-m,2025-11-25,"Kimmel Arena, Asheville, North Carolina",UNC Asheville,NR,73,Tennessee State,NR,75,Tennessee State
1287,2025-11-25-Utah Valley-vs-South Dakota State-m,2025-11-25,"Hard Rock Hotel Riviera Maya, Cancun",South Dakota State,NR,52,Utah Valley,NR,75,Utah Valley
1288,2025-11-25-Bellarmine-vs-Houston Christian-m,2025-11-25,"McAlister Field House, Charleston, South Carolina",Houston Christian,NR,69,Bellarmine,NR,74,Bellarmine
1289,2025-11-25-Eastern Illinois-vs-Central Arkansas-m,2025-11-25,"Jeff Farris Center, Conway, Arkansas",Central Arkansas,NR,81,Eastern Illinois,NR,60,Central Arkansas
1290,2025-11-25-Piedmont-vs-Charleston Southern-m,2025-11-25,"Buccaneer Fieldhouse, Charleston, South Carolina",Charleston Southern,NR,93,Piedmont,NR,81,Charleston Southern
1291,2025-11-25-Waynesburg-vs-Cleveland State-m,2025-11-25,"Henry J. Goodman Arena, Cleveland, Ohio",Cleveland State,NR,109,Waynesburg,NR,56,Cleveland State
1292,2025-11-25-George Mason-vs-Florida Atlantic-m,2025-11-25,"Ocean Center, Daytona Beach, Florida",Florida Atlantic,NR,65,George Mason,NR,74,George Mason
1293,2025-11-25-Rice-vs-Florida Gulf Coast-m,2025-11-25,"Alico Arena, Fort Myers, Florida",Florida Gulf Coast,NR,78,Rice,NR,63,Florida Gulf Coast
1294,2025-11-25-Murray State-vs-George Washington-m,2025-11-25,"John Gray Gymnasium, Grand Cayman",George Washington,NR,95,Murray State,NR,96,Murray State
1295,2025-11-25-Chicago State-vs-Purdue Fort Wayne-m,2025-11-25,"Allen County War Memorial Coliseum, Fort Wayne, Indiana",Purdue Fort Wayne,NR,90,Chicago State,NR,77,Purdue Fort Wayne
1296,2025-11-25-Lehigh-vs-Marist-m,2025-11-25,"McCann Recreation Center, Poughkeepsie, New York",Marist,NR,78,Lehigh,NR,55,Marist
1297,2025-11-25-Hampton-vs-Maryland-Eastern Shore-m,2025-11-25,"Hytche Athletic Center, Princess Anne, Maryland",Maryland-Eastern Shore,NR,68,Hampton,NR,74,Hampton
1298,2025-11-25-Dominican (IL)-vs-Milwaukee-m,2025-11-25,"Klotsche Center, Milwaukee, Wisconsin",Milwaukee,NR,125,Dominican (IL),NR,70,Milwaukee
1299,2025-11-25-Salve Regina-vs-New Haven-m,2025-11-25,"Charger Gymnasium, West Haven, Connecticut",New Haven,NR,78,Salve Regina,NR,47,New Haven
1300,2025-11-25-Virginia University of Lynchburg-vs-Norfolk State-m,2025-11-25,"Echols Memorial Hall, Norfolk, Virginia",Norfolk State,NR,136,Virginia University of Lynchburg,NR,79,Norfolk State
1301,2025-11-25-Temple-vs-Princeton-m,2025-11-25,"State Farm Field House, Lake Buena Vista, Florida",Princeton,NR,75,Temple,NR,79,Temple
1302,2025-11-25-Coppin State-vs-Rider-m,2025-11-25,"Alumni Gymnasium, Lawrenceville, New Jersey",Rider,NR,65,Coppin State,NR,68,Coppin State
1303,2025-11-25-Rutgers-Camden-vs-St. Joseph's-m,2025-11-25,"Hagan Arena, Philadelphia, Pennsylvania",St. Joseph's,NR,100,Rutgers-Camden,NR,61,St. Joseph's
1304,2025-11-25-North Carolina Central-vs-USC Upstate-m,2025-11-25,"G.B. Hodge Center, Spartanburg, South Carolina",USC Upstate,NR,82,North Carolina Central,NR,67,USC Upstate
1305,2025-11-25-Wright State-vs-Stetson-m,2025-11-25,"Edmunds Center, DeLand, Florida",Stetson,NR,62,Wright State,NR,79,Wright State
1306,2025-11-25-Brescia-vs-UT-Martin-m,2025-11-25,"Skyhawk Arena, Martin, Tennessee",UT-Martin,NR,75,Brescia,NR,50,UT-Martin
1307,2025-11-25-Washington State-vs-Arizona State-m,2025-11-25,"Lahaina Civic Center, Lahaina, Hawaii",Arizona State,NR,100,Washington State,NR,94,Arizona State
1308,2025-11-25-South Carolina State-vs-Missouri-m,2025-11-25,"Mizzou Arena, Columbia, Missouri",Missouri,NR,98,South Carolina State,NR,66,Missouri
1309,2025-11-25-Winthrop-vs-Nebraska-m,2025-11-25,"Pinnacle Bank Arena, Lincoln, Nebraska",Nebraska,NR,80,Winthrop,NR,73,Nebraska
1310,2025-11-25-New Mexico State-vs-UC-Irvine-m,2025-11-25,"Hard Rock Hotel Riviera Maya, Cancun",UC-Irvine,NR,45,New Mexico State,NR,57,New Mexico State
1311,2025-11-25-Mississippi Valley State-vs-Texas A&M-m,2025-11-25,"Reed Arena, College Station, Texas",Texas A&M,NR,120,Mississippi Valley State,NR,84,Texas A&M
1312,2025-11-25-Portland State-vs-Utah Tech-m,2025-11-25,"Burns Arena, St. George, Utah",Utah Tech,NR,63,Portland State,NR,68,Portland State
1313,2025-11-25-Ole Miss-vs-Iowa-m,2025-11-25,"Acrisure Arena, Thousand Palms, California",Iowa,NR,74,Ole Miss,NR,69,Iowa
1314,2025-11-25-San Francisco State-vs-Sacramento State-m,2025-11-25,,Sacramento State,NR,94,San Francisco State,NR,46,Sacramento State
1315,2025-11-25-San Diego State-vs-Oregon-m,2025-11-25,"Michelob Ultra Arena, Paradise, Nevada",Oregon,NR,80,San Diego State,NR,97,San Diego State
1316,2025-11-26-Notre Dame-vs-Houston-m,2025-11-26,"MGM Grand Garden Arena, Paradise, Nevada",Houston, 3 ,66,Notre Dame,NR,56,Houston
1317,2025-11-26-NJIT-vs-Louisville-m,2025-11-26,"KFC Yum! Center, Louisville, Kentucky",Louisville, 6 ,104,NJIT,NR,47,Louisville
1318,2025-11-26-Gonzaga-vs-Michigan-m,2025-11-26,"MGM Grand Garden Arena, Paradise, Nevada",Michigan, 7 ,101,Gonzaga, 12 ,61,Michigan
1319,2025-11-26-UNLV-vs-Alabama-m,2025-11-26,"MGM Grand Garden Arena, Paradise, Nevada",Alabama, 8 ,115,UNLV,NR,76,Alabama
1320,2025-11-26-St. John's (NY)-vs-Auburn-m,2025-11-26,"Michelob Ultra Arena, Paradise, Nevada",Auburn, 21 ,85,St. John's (NY), 14 ,74,Auburn
1321,2025-11-26-Syracuse-vs-Iowa State-m,2025-11-26,"MGM Grand Garden Arena, Paradise, Nevada",Iowa State, 15 ,95,Syracuse,NR,64,Iowa State
1322,2025-11-26-Kansas-vs-Tennessee-m,2025-11-26,"MGM Grand Garden Arena, Paradise, Nevada",Tennessee, 17 ,76,Kansas,NR,81,Kansas
1323,2025-11-26-Tennessee Tech-vs-Kentucky-m,2025-11-26,"Rupp Arena, Lexington, Kentucky",Kentucky, 19 ,104,Tennessee Tech,NR,54,Kentucky
1324,2025-11-26-New Orleans-vs-Texas Tech-m,2025-11-26,"United Supermarkets Arena, Lubbock, Texas",Texas Tech, 20 ,82,New Orleans,NR,50,Texas Tech
1325,2025-11-26-NC State-vs-Texas-m,2025-11-26,"Lahaina Civic Center, Lahaina, Hawaii",Texas,NR,102,NC State, 23 ,97,Texas
1326,2025-11-26-Vanderbilt-vs-Western Kentucky-m,2025-11-26,"Imperial Arena at Atlantis Resort, Nassau",Western Kentucky,NR,78,Vanderbilt, 24 ,83,Vanderbilt
1327,2025-11-26-Harvard-vs-Boston College-m,2025-11-26,"Silvio O. Conte Forum, Boston, Massachusetts",Boston College,NR,73,Harvard,NR,60,Boston College
1328,2025-11-26-Mercy-vs-Bryant-m,2025-11-26,"Chace Athletic Center , Smithfield, Rhode Island",Bryant,NR,87,Mercy,NR,61,Bryant
1329,2025-11-26-Eastern Michigan-vs-Cincinnati-m,2025-11-26,"Fifth Third Arena, Cincinnati, Ohio",Cincinnati,NR,56,Eastern Michigan,NR,64,Eastern Michigan
1330,2025-11-26-Virginia State-vs-Delaware State-m,2025-11-26,"CareFirst Arena, Washington, District of Columbia",Delaware State,NR,58,Virginia State,NR,62,Virginia State
1331,2025-11-26-Utah-vs-Grand Canyon-m,2025-11-26,"Acrisure Arena, Thousand Palms, California",Grand Canyon,NR,68,Utah,NR,58,Grand Canyon
1332,2025-11-26-Worcester State-vs-Holy Cross-m,2025-11-26,"Hart Center Arena, Worcester, Massachusetts",Holy Cross,NR,77,Worcester State,NR,53,Holy Cross
1333,2025-11-26-Appalachian State-vs-Mercer-m,2025-11-26,"University Center, Hammond, Louisiana",Mercer,NR,75,Appalachian State,NR,67,Mercer
1334,2025-11-26-Brown-vs-New Hampshire-m,2025-11-26,"Lundholm Gymnasium, Durham, New Hampshire",New Hampshire,NR,47,Brown,NR,59,Brown
1335,2025-11-26-Southeastern Louisiana-vs-UNC Wilmington-m,2025-11-26,"Trask Coliseum, Wilmington, North Carolina",UNC Wilmington,NR,70,Southeastern Louisiana,NR,57,UNC Wilmington
1336,2025-11-26-Wofford-vs-Northern Kentucky-m,2025-11-26,"Bank of Kentucky Center, Highland Heights, Kentucky",Northern Kentucky,NR,93,Wofford,NR,83,Northern Kentucky
1337,2025-11-26-Columbia International-vs-Presbyterian-m,2025-11-26,"Templeton Center, Clinton, South Carolina",Presbyterian,NR,93,Columbia International,NR,50,Presbyterian
1338,2025-11-26-UIC-vs-Robert Morris-m,2025-11-26,"UPMC Events Center, Moon, Pennsylvania",Robert Morris,NR,88,UIC,NR,74,Robert Morris
1339,2025-11-26-Texas Lutheran-vs-Incarnate Word-m,2025-11-26,"McDermott Center, San Antonio, Texas",Incarnate Word,NR,117,Texas Lutheran,NR,55,Incarnate Word
1340,2025-11-26-Southern Illinois-vs-Memphis-m,2025-11-26,"FedExForum, Memphis, Tennessee",Memphis,NR,74,Southern Illinois,NR,58,Memphis
1341,2025-11-26-College of Biblical Studies-vs-Texas Southern-m,2025-11-26,"Health & Physical Education Arena, Houston, Texas",Texas Southern,NR,102,College of Biblical Studies,NR,44,Texas Southern
1342,2025-11-26-Virginia Tech-vs-Colorado State-m,2025-11-26,"Imperial Arena at Atlantis Resort, Nassau",Colorado State,NR,64,Virginia Tech,NR,66,Virginia Tech
1343,2025-11-26-Alabama State-vs-New Mexico-m,2025-11-26,"The Pit, Albuquerque, New Mexico",New Mexico,NR,93,Alabama State,NR,87,New Mexico
1344,2025-11-26-Denver-vs-Wyoming-m,2025-11-26,"Arena-Auditorium, Laramie, Wyoming",Wyoming,NR,101,Denver,NR,59,Wyoming
1345,2025-11-26-Saint Francis (PA)-vs-Troy-m,2025-11-26,"Alico Arena, Fort Myers, Florida",Troy,NR,74,Saint Francis (PA),NR,64,Troy
1346,2025-11-26-Bowling Green-vs-VMI-m,2025-11-26,"Suncoast Credit Union Arena, Fort Myers, Florida",VMI,NR,48,Bowling Green,NR,81,Bowling Green
1347,2025-11-26-Towson-vs-UC-San Diego-m,2025-11-26,"State Farm Field House, Lake Buena Vista, Florida",UC-San Diego,NR,87,Towson,NR,73,UC-San Diego
1348,2025-11-26-Misericordia-vs-Cornell-m,2025-11-26,"Newman Arena, Ithaca, New York",Cornell,NR,114,Misericordia,NR,70,Cornell
1349,2025-11-26-UMass-Lowell-vs-Stonehill-m,2025-11-26,"Merkert Gymnasium, Easton, Massachusetts",Stonehill,NR,64,UMass-Lowell,NR,75,UMass-Lowell
1350,2025-11-26-Buffalo-vs-Bucknell-m,2025-11-26,"Suncoast Credit Union Arena, Fort Myers, Florida",Bucknell,NR,71,Buffalo,NR,73,Buffalo
1351,2025-11-26-Belmont-vs-Toledo-m,2025-11-26,"Alico Arena, Fort Myers, Florida",Toledo,NR,72,Belmont,NR,87,Belmont
1352,2025-11-26-USC-vs-Arizona State-m,2025-11-26,"Lahaina Civic Center, Lahaina, Hawaii",Arizona State,NR,75,USC,NR,88,USC
1353,2025-11-26-Liberty-vs-Bradley-m,2025-11-26,"State Farm Field House, Lake Buena Vista, Florida",Bradley,NR,74,Liberty,NR,64,Bradley
1354,2025-11-26-Army-vs-FDU-m,2025-11-26,"Bogota Savings Bank Center, Teaneck, New Jersey",FDU,NR,73,Army,NR,81,Army
1355,2025-11-26-Omaha-vs-Florida International-m,2025-11-26,"FIU Arena, Miami, Florida",Florida International,NR,74,Omaha,NR,61,Florida International
1356,2025-11-26-San Jose State-vs-Loyola (IL)-m,2025-11-26,"Acrisure Arena, Thousand Palms, California",Loyola (IL),NR,51,San Jose State,NR,63,San Jose State
1357,2025-11-26-Miami (OH)-vs-UNC Greensboro-m,2025-11-26,,UNC Greensboro,NR,71,Miami (OH),NR,82,Miami (OH)
1358,2025-11-26-South Florida-vs-VCU-m,2025-11-26,"Imperial Arena at Atlantis Resort, Nassau",VCU,NR,78,South Florida,NR,66,VCU
1359,2025-11-26-Georgia State-vs-New Mexico State-m,2025-11-26,"Hard Rock Hotel Riviera Maya, Cancun",New Mexico State,NR,77,Georgia State,NR,58,New Mexico State
1360,2025-11-26-North Dakota State-vs-Jacksonville State-m,2025-11-26,"Convocation Center, Jonesboro, Arkansas",Jacksonville State,NR,43,North Dakota State,NR,56,North Dakota State
1361,2025-11-26-Southern Indiana-vs-Valparaiso-m,2025-11-26,"AthleticsâRecreation Center, Valparaiso, Indiana",Valparaiso,NR,56,Southern Indiana,NR,64,Southern Indiana
1362,2025-11-26-Gardner-Webb-vs-Navy-m,2025-11-26,"Trask Coliseum, Wilmington, North Carolina",Navy,NR,84,Gardner-Webb,NR,51,Navy
1363,2025-11-26-Lipscomb-vs-Marshall-m,2025-11-26,"Henderson Center, Huntington, West Virginia",Marshall,NR,67,Lipscomb,NR,90,Lipscomb
1364,2025-11-26-Oral Roberts-vs-Rice-m,2025-11-26,"Alico Arena, Fort Myers, Florida",Rice,NR,81,Oral Roberts,NR,62,Rice
1365,2025-11-26-Northern Iowa-vs-Tulsa-m,2025-11-26,"Acrisure Arena, Thousand Palms, California",Tulsa,NR,63,Northern Iowa,NR,60,Tulsa
1366,2025-11-26-Wagner-vs-Manhattan-m,2025-11-26,"Draddy Gymnasium, Riverdale, New York",Manhattan,NR,101,Wagner,NR,103,Wagner
1367,2025-11-26-Vermont-vs-Princeton-m,2025-11-26,"State Farm Field House, Lake Buena Vista, Florida",Princeton,NR,74,Vermont,NR,79,Vermont
1368,2025-11-26-Seton Hall-vs-Washington State-m,2025-11-26,"Lahaina Civic Center, Lahaina, Hawaii",Washington State,NR,61,Seton Hall,NR,75,Seton Hall
1369,2025-11-26-Northern Colorado-vs-Air Force-m,2025-11-26,"Clune Arena , Colorado Springs, Colorado",Air Force,NR,53,Northern Colorado,NR,71,Northern Colorado
1370,2025-11-26-Sam Houston-vs-Idaho State-m,2025-11-26,"ExtraMile Arena, Boise, Idaho",Idaho State,NR,81,Sam Houston,NR,84,Sam Houston
1371,2025-11-26-Samford-vs-Utah Valley-m,2025-11-26,"Hard Rock Hotel Riviera Maya, Cancun",Utah Valley,NR,89,Samford,NR,45,Utah Valley
1372,2025-11-26-Houston Christian-vs-The Citadel-m,2025-11-26,"McAlister Field House, Charleston, South Carolina",The Citadel,NR,65,Houston Christian,NR,72,Houston Christian
1373,2025-11-26-Central State (OH)-vs-Duquesne-m,2025-11-26,"A.J. Palumbo Center, Pittsburgh, Pennsylvania",Duquesne,NR,101,Central State (OH),NR,80,Duquesne
1374,2025-11-26-Columbia-vs-Fairfield-m,2025-11-26,"Leo D. Mahoney Arena, Fairfield, Connecticut",Fairfield,NR,77,Columbia,NR,106,Columbia
1375,2025-11-26-Kennesaw State-vs-Florida Gulf Coast-m,2025-11-26,"Alico Arena, Fort Myers, Florida",Florida Gulf Coast,NR,100,Kennesaw State,NR,102,Kennesaw State
1376,2025-11-26-Pepperdine-vs-Fresno State-m,2025-11-26,"Acrisure Arena, Thousand Palms, California",Fresno State,NR,76,Pepperdine,NR,53,Fresno State
1377,2025-11-26-St. Mary's (MD)-vs-Howard-m,2025-11-26,"Burr Gymnasium, Washington, District of Columbia",Howard,NR,115,St. Mary's (MD),NR,61,Howard
1378,2025-11-26-Indiana State-vs-Louisiana Tech-m,2025-11-26,"Thomas Assembly Center, Ruston, Louisiana",Louisiana Tech,NR,75,Indiana State,NR,73,Louisiana Tech
1379,2025-11-26-Saint Mary's-vs-Wichita State-m,2025-11-26,"Imperial Arena at Atlantis Resort, Nassau",Wichita State,NR,65,Saint Mary's,NR,70,Saint Mary's
1380,2025-11-26-Rhode Island-vs-Temple-m,2025-11-26,"State Farm Field House, Lake Buena Vista, Florida",Temple,NR,75,Rhode Island,NR,90,Rhode Island
1381,2025-11-26-Southeast Missouri State-vs-Northern Arizona-m,2025-11-26,"Rolle Activity Center, Flagstaff, Arizona",Northern Arizona,NR,79,Southeast Missouri State,NR,72,Northern Arizona
1382,2025-11-26-South Dakota State-vs-UC-Irvine-m,2025-11-26,"Hard Rock Hotel Riviera Maya, Cancun",UC-Irvine,NR,64,South Dakota State,NR,52,UC-Irvine
1383,2025-11-26-Idaho-vs-Cal State Northridge-m,2025-11-26,"Idaho Central Arena, Boise, Idaho",Cal State Northridge,NR,64,Idaho,NR,78,Idaho
1384,2025-11-26-Grand Canyon-vs-Iowa-m,2025-11-26,"Acrisure Arena, Thousand Palms, California",Iowa,NR,59,Grand Canyon,NR,46,Iowa
1385,2025-11-26-Long Beach State-vs-Portland-m,2025-11-26,"Chiles Center, Portland, Oregon",Portland,NR,93,Long Beach State,NR,73,Portland
1386,2025-11-26-Baylor-vs-San Diego State-m,2025-11-26,"Michelob Ultra Arena, Paradise, Nevada",San Diego State,NR,81,Baylor,NR,91,Baylor
1387,2025-11-27-Duke-vs-Arkansas-m,2025-11-27,"United Center, Chicago, Illinois",Arkansas, 22 ,71,Duke, 4 ,80,Duke
1388,2025-11-27-Maryland-vs-Alabama-m,2025-11-27,"MGM Grand Garden Arena, Paradise, Nevada",Alabama, 8 ,105,Maryland,NR,72,Alabama
1389,2025-11-27-BYU-vs-Miami (FL)-m,2025-11-27,"State Farm Field House, Lake Buena Vista, Florida",Miami (FL),NR,62,BYU, 9 ,72,BYU
1390,2025-11-27-TCU-vs-Florida-m,2025-11-27,"Jenny Craig Pavillion, San Diego, California",Florida, 10 ,80,TCU,NR,84,TCU
1391,2025-11-27-Michigan State-vs-UNC-m,2025-11-27,"Suncoast Credit Union Arena, Fort Myers, Florida",UNC, 16 ,58,Michigan State, 11 ,74,Michigan State
1392,2025-11-27-VCU-vs-Vanderbilt-m,2025-11-27,"Imperial Arena at Atlantis Resort, Nassau",Vanderbilt, 24 ,89,VCU,NR,74,Vanderbilt
1393,2025-11-27-Utah-vs-Ole Miss-m,2025-11-27,"Acrisure Arena, Thousand Palms, California",Ole Miss,NR,74,Utah,NR,75,Utah
1394,2025-11-27-Nevada-vs-Washington-m,2025-11-27,"Acrisure Arena, Thousand Palms, California",Washington,NR,83,Nevada,NR,66,Washington
1395,2025-11-27-Richmond-vs-Furman-m,2025-11-27,"State Farm Field House, Lake Buena Vista, Florida",Furman,NR,73,Richmond,NR,72,Furman
1396,2025-11-27-St. Bonaventure-vs-East Carolina-m,2025-11-27,"Suncoast Credit Union Arena, Fort Myers, Florida",East Carolina,NR,58,St. Bonaventure,NR,67,St. Bonaventure
1397,2025-11-27-Charlotte-vs-Illinois State-m,2025-11-27,"State Farm Field House, Lake Buena Vista, Florida",Illinois State,NR,79,Charlotte,NR,69,Illinois State
1398,2025-11-27-San Francisco-vs-Colorado-m,2025-11-27,"Acrisure Arena, Thousand Palms, California",Colorado,NR,79,San Francisco,NR,69,Colorado
1399,2025-11-27-Oregon-vs-Creighton-m,2025-11-27,"Michelob Ultra Arena, Paradise, Nevada",Creighton,NR,76,Oregon,NR,66,Creighton
1400,2025-11-27-Saint Mary's-vs-Virginia Tech-m,2025-11-27,"Imperial Arena at Atlantis Resort, Nassau",Virginia Tech,NR,66,Saint Mary's,NR,77,Saint Mary's
1401,2025-11-27-UNLV-vs-Rutgers-m,2025-11-27,"Michelob Ultra Arena, Paradise, Nevada",Rutgers,NR,80,UNLV,NR,65,Rutgers
1402,2025-11-27-Providence-vs-Wisconsin-m,2025-11-27,"Jenny Craig Pavillion, San Diego, California",Wisconsin,NR,104,Providence,NR,83,Wisconsin
1403,2025-11-27-South Florida-vs-Western Kentucky-m,2025-11-27,"Imperial Arena at Atlantis Resort, Nassau",Western Kentucky,NR,91,South Florida,NR,97,South Florida
1404,2025-11-27-Georgetown-vs-Dayton-m,2025-11-27,"State Farm Field House, Lake Buena Vista, Florida",Dayton,NR,84,Georgetown,NR,79,Dayton
1405,2025-11-27-Santa Clara-vs-Saint Louis-m,2025-11-27,"Acrisure Arena, Thousand Palms, California",Saint Louis,NR,71,Santa Clara,NR,70,Saint Louis
1406,2025-11-27-Wichita State-vs-Colorado State-m,2025-11-27,"Imperial Arena at Atlantis Resort, Nassau",Colorado State,NR,76,Wichita State,NR,70,Colorado State
1407,2025-11-27-Stanford-vs-Minnesota-m,2025-11-27,"Acrisure Arena, Thousand Palms, California",Minnesota,NR,68,Stanford,NR,72,Stanford
1408,2025-11-27-Oklahoma State-vs-Northwestern-m,2025-11-27,"United Center, Chicago, Illinois",Northwestern,NR,81,Oklahoma State,NR,86,Oklahoma State
1409,2025-11-28-Eastern Illinois-vs-Purdue-m,2025-11-28,"Mackey Arena, West Lafayette, Indiana",Purdue, 1 ,109,Eastern Illinois,NR,62,Purdue
1410,2025-11-28-Illinois-vs-UConn-m,2025-11-28,"Madison Square Garden (IV), New York, New York",UConn, 5 ,74,Illinois, 13 ,61,UConn
1411,2025-11-28-BYU-vs-Dayton-m,2025-11-28,"State Farm Field House, Lake Buena Vista, Florida",Dayton,NR,79,BYU, 9 ,83,BYU
1412,2025-11-28-Providence-vs-Florida-m,2025-11-28,"Jenny Craig Pavillion, San Diego, California",Florida, 10 ,90,Providence,NR,78,Florida
1413,2025-11-28-Saint Mary's-vs-Vanderbilt-m,2025-11-28,"Imperial Arena at Atlantis Resort, Nassau",Vanderbilt, 24 ,96,Saint Mary's,NR,71,Vanderbilt
1414,2025-11-28-Alabama A&M-vs-Clemson-m,2025-11-28,"Littlejohn Coliseum, Clemson, South Carolina",Clemson,NR,92,Alabama A&M,NR,56,Clemson
1415,2025-11-28-Miami (FL)-vs-Georgetown-m,2025-11-28,"State Farm Field House, Lake Buena Vista, Florida",Georgetown,NR,65,Miami (FL),NR,78,Miami (FL)
1416,2025-11-28-Navy-vs-UNC Wilmington-m,2025-11-28,"Trask Coliseum, Wilmington, North Carolina",UNC Wilmington,NR,87,Navy,NR,57,UNC Wilmington
1417,2025-11-28-Ohio State-vs-Pitt-m,2025-11-28,"Petersen Events Center, Pittsburgh, Pennsylvania",Pitt,NR,67,Ohio State,NR,66,Pitt
1418,2025-11-28-Southern Utah-vs-Robert Morris-m,2025-11-28,"UPMC Events Center, Moon, Pennsylvania",Robert Morris,NR,61,Southern Utah,NR,54,Robert Morris
1419,2025-11-28-Northeastern-vs-Wake Forest-m,2025-11-28,"Lawrence Joel Coliseum, Winston-Salem, North Carolina",Wake Forest,NR,86,Northeastern,NR,73,Wake Forest
1420,2025-11-28-Alcorn State-vs-Indiana State-m,2025-11-28,"Thomas Assembly Center, Ruston, Louisiana",Indiana State,NR,74,Alcorn State,NR,81,Alcorn State
1421,2025-11-28-Missouri Baptist University-vs-SIU-Edwardsville-m,2025-11-28,"Sam Vadalabene Center , Edwardsville, Illinois",SIU-Edwardsville,NR,92,Missouri Baptist University,NR,55,SIU-Edwardsville
1422,2025-11-28-Virginia Tech-vs-VCU-m,2025-11-28,"Imperial Arena at Atlantis Resort, Nassau",VCU,NR,86,Virginia Tech,NR,68,VCU
1423,2025-11-28-Richmond-vs-Charlotte-m,2025-11-28,"State Farm Field House, Lake Buena Vista, Florida",Charlotte,NR,66,Richmond,NR,71,Richmond
1424,2025-11-28-Southeastern Louisiana-vs-Gardner-Webb-m,2025-11-28,"Trask Coliseum, Wilmington, North Carolina",Gardner-Webb,NR,68,Southeastern Louisiana,NR,76,Southeastern Louisiana
1425,2025-11-28-Longwood-vs-Siena-m,2025-11-28,"Bender Arena, Washington, District of Columbia",Siena,NR,70,Longwood,NR,63,Siena
1426,2025-11-28-Ball State-vs-Monmouth-m,2025-11-28,"Kirby Sports Center, Easton, Pennsylvania",Monmouth,NR,80,Ball State,NR,73,Monmouth
1427,2025-11-28-Wright State-vs-Butler-m,2025-11-28,"Hinkle Fieldhouse, Indianapolis, Indiana",Butler,NR,94,Wright State,NR,69,Butler
1428,2025-11-28-Tennessee Wesleyan-vs-Chattanooga-m,2025-11-28,"The McKenzie Arena, Chattanooga, Tennessee",Chattanooga,NR,109,Tennessee Wesleyan,NR,59,Chattanooga
1429,2025-11-28-Hofstra-vs-La Salle-m,2025-11-28,"The Palestra, Philadelphia, Pennsylvania",La Salle,NR,58,Hofstra,NR,63,Hofstra
1430,2025-11-28-Holy Cross (IN)-vs-Purdue Fort Wayne-m,2025-11-28,"Hilliard Gates Sports Center, Fort Wayne, Indiana",Purdue Fort Wayne,NR,92,Holy Cross (IN),NR,59,Purdue Fort Wayne
1431,2025-11-28-Oklahoma-vs-Marquette-m,2025-11-28,"UIC Pavilion, Chicago, Illinois",Marquette,NR,74,Oklahoma,NR,75,Oklahoma
1432,2025-11-28-Cleveland State-vs-Missouri-m,2025-11-28,"Mizzou Arena, Columbia, Missouri",Missouri,NR,86,Cleveland State,NR,59,Missouri
1433,2025-11-28-Nevada-vs-San Francisco-m,2025-11-28,"Acrisure Arena, Thousand Palms, California",San Francisco,NR,65,Nevada,NR,81,Nevada
1434,2025-11-28-Texas State-vs-Seattle-m,2025-11-28,,Seattle,NR,66,Texas State,NR,52,Seattle
1435,2025-11-28-North Dakota State-vs-Arkansas State-m,2025-11-28,"Convocation Center, Jonesboro, Arkansas",Arkansas State,NR,85,North Dakota State,NR,80,Arkansas State
1436,2025-11-28-Furman-vs-Illinois State-m,2025-11-28,"State Farm Field House, Lake Buena Vista, Florida",Illinois State,NR,72,Furman,NR,65,Illinois State
1437,2025-11-28-Nicholls State-vs-Tulane-m,2025-11-28,"Devlin Fieldhouse, New Orleans, Louisiana",Tulane,NR,82,Nicholls State,NR,72,Tulane
1438,2025-11-28-Chicago State-vs-Youngstown State-m,2025-11-28,"Beeghly Center, Youngstown, Ohio",Youngstown State,NR,87,Chicago State,NR,64,Youngstown State
1439,2025-11-28-Jarvis Christian-vs-Abilene Christian-m,2025-11-28,"Moody Coliseum , Abilene, Texas",Abilene Christian,NR,87,Jarvis Christian,NR,55,Abilene Christian
1440,2025-11-28-Maine-vs-American-m,2025-11-28,"Bender Arena, Washington, District of Columbia",American,NR,74,Maine,NR,61,American
1441,2025-11-28-Washington-vs-Colorado-m,2025-11-28,"Acrisure Arena, Thousand Palms, California",Colorado,NR,81,Washington,NR,68,Colorado
1442,2025-11-28-Colorado State-vs-South Florida-m,2025-11-28,"Imperial Arena at Atlantis Resort, Nassau",South Florida,NR,68,Colorado State,NR,83,Colorado State
1443,2025-11-28-North Carolina A&T-vs-Davidson-m,2025-11-28,"Belk Arena, Davidson, North Carolina",Davidson,NR,90,North Carolina A&T,NR,74,Davidson
1444,2025-11-28-NJIT-vs-Eastern Michigan-m,2025-11-28,"Convocation Center, Ypsilanti, Michigan",Eastern Michigan,NR,73,NJIT,NR,55,Eastern Michigan
1445,2025-11-28-Le Moyne-vs-Lafayette-m,2025-11-28,"Kirby Sports Center, Easton, Pennsylvania",Lafayette,NR,63,Le Moyne,NR,76,Le Moyne
1446,2025-11-28-UCSB-vs-Lehigh-m,2025-11-28,,Lehigh,NR,70,UCSB,NR,72,UCSB
1447,2025-11-28-Merrimack-vs-Penn-m,2025-11-28,"The Palestra, Philadelphia, Pennsylvania",Penn,NR,77,Merrimack,NR,65,Penn
1448,2025-11-28-Charleston Southern-vs-South Carolina-m,2025-11-28,"The Colonial Life Arena, Columbia, South Carolina",South Carolina,NR,74,Charleston Southern,NR,62,South Carolina
1449,2025-11-28-Queens (NC)-vs-Virginia-m,2025-11-28,"John Paul Jones Arena, Charlottesville, Virginia",Virginia,NR,94,Queens (NC),NR,69,Virginia
1450,2025-11-28-Texas A&M-vs-Florida State-m,2025-11-28,"Donald L. Tucker Center, Tallahassee, Florida",Florida State,NR,59,Texas A&M,NR,95,Texas A&M
1451,2025-11-28-Franklin Pierce-vs-Fordham-m,2025-11-28,"Place Bell, Laval",Fordham,NR,74,Franklin Pierce,NR,72,Fordham
1452,2025-11-28-Midwestern State-vs-Tarleton State-m,2025-11-28,,Tarleton State,NR,67,Midwestern State,NR,57,Tarleton State
1453,2025-11-28-TCU-vs-Wisconsin-m,2025-11-28,"Jenny Craig Pavillion, San Diego, California",Wisconsin,NR,63,TCU,NR,74,TCU
1454,2025-11-28-Texas A&M-Corpus Christi-vs-Xavier-m,2025-11-28,"Cintas Center, Cincinnati, Ohio",Xavier,NR,88,Texas A&M-Corpus Christi,NR,67,Xavier
1455,2025-11-28-Idaho State-vs-Cal State Northridge-m,2025-11-28,"ExtraMile Arena, Boise, Idaho",Cal State Northridge,NR,50,Idaho State,NR,82,Idaho State
1456,2025-11-28-Colgate-vs-Albany (NY)-m,2025-11-28,"Place Bell, Laval",Albany (NY),NR,67,Colgate,NR,69,Colgate
1457,2025-11-28-DePaul-vs-Georgia Tech-m,2025-11-28,"The Arena at Northwest Florida State College, Niceville, Florida",Georgia Tech,NR,61,DePaul,NR,75,DePaul
1458,2025-11-28-SMU-vs-Mississippi State-m,2025-11-28,"Humphrey Coliseum, Starkville, Mississippi",Mississippi State,NR,81,SMU,NR,87,SMU
1459,2025-11-28-Stanford-vs-Saint Louis-m,2025-11-28,"Acrisure Arena, Thousand Palms, California",Saint Louis,NR,77,Stanford,NR,78,Stanford
1460,2025-11-28-Wichita State-vs-Western Kentucky-m,2025-11-28,"Imperial Arena at Atlantis Resort, Nassau",Western Kentucky,NR,75,Wichita State,NR,70,Western Kentucky
1461,2025-11-28-Jackson State-vs-Louisiana-m,2025-11-28,"Cajundome, Lafayette, Louisiana",Louisiana,NR,45,Jackson State,NR,51,Jackson State
1462,2025-11-28-LSU-vs-Drake-m,2025-11-28,"The Arena at Northwest Florida State College, Niceville, Florida",Drake,NR,62,LSU,NR,71,LSU
1463,2025-11-28-Sam Houston-vs-Idaho-m,2025-11-28,"Idaho Central Arena, Boise, Idaho",Idaho,NR,68,Sam Houston,NR,94,Sam Houston
1464,2025-11-28-Santa Clara-vs-Minnesota-m,2025-11-28,"Acrisure Arena, Thousand Palms, California",Minnesota,NR,75,Santa Clara,NR,86,Santa Clara
1465,2025-11-28-Stony Brook-vs-Loyola Marymount-m,2025-11-28,"Albert Gersten Pavilion, Los Angeles, California",Loyola Marymount,NR,68,Stony Brook,NR,71,Stony Brook
1466,2025-11-29-Norfolk State-vs-Arizona-m,2025-11-29,"McKale Center, Tucson, Arizona",Arizona, 2 ,98,Norfolk State,NR,61,Arizona
1467,2025-11-29-Bethune-Cookman-vs-Indiana-m,2025-11-29,"Assembly Hall, Bloomington, Indiana",Indiana, 25 ,100,Bethune-Cookman,NR,56,Indiana
1468,2025-11-29-Milwaukee-vs-Akron-m,2025-11-29,"James A. Rhodes Arena, Akron, Ohio",Akron,NR,105,Milwaukee,NR,81,Akron
1469,2025-11-29-VMI-vs-UCF-m,2025-11-29,"CFE Arena, Orlando, Florida",UCF,NR,82,VMI,NR,57,UCF
1470,2025-11-29-Central Arkansas-vs-ETSU-m,2025-11-29,"Freedom Hall Civic Center, Johnson City, Tennessee",ETSU,NR,80,Central Arkansas,NR,57,ETSU
1471,2025-11-29-Wofford-vs-Eastern Kentucky-m,2025-11-29,"McBrayer Arena, Richmond, Kentucky",Eastern Kentucky,NR,77,Wofford,NR,83,Wofford
1472,2025-11-29-Mercer-vs-Elon-m,2025-11-29,"Schar Center, Elon, North Carolina",Elon,NR,84,Mercer,NR,91,Mercer
1473,2025-11-29-James Madison-vs-George Mason-m,2025-11-29,"EagleBank Arena, Fairfax, Virginia",George Mason,NR,82,James Madison,NR,66,George Mason
1474,2025-11-29-North Dakota-vs-Hawaii-m,2025-11-29,"Stan Sheriff Center, Honolulu, Hawaii",Hawaii,NR,92,North Dakota,NR,55,Hawaii
1475,2025-11-29-Monmouth-vs-Le Moyne-m,2025-11-29,"Kirby Sports Center, Easton, Pennsylvania",Le Moyne,NR,83,Monmouth,NR,79,Le Moyne
1476,2025-11-29-Maine-vs-Longwood-m,2025-11-29,"Bender Arena, Washington, District of Columbia",Longwood,NR,65,Maine,NR,61,Longwood
1477,2025-11-29-Gwynedd-Mercy-vs-Maryland-Eastern Shore-m,2025-11-29,"Hytche Athletic Center, Princess Anne, Maryland",Maryland-Eastern Shore,NR,84,Gwynedd-Mercy,NR,60,Maryland-Eastern Shore
1478,2025-11-29-Gardner-Webb-vs-UNC Wilmington-m,2025-11-29,"Trask Coliseum, Wilmington, North Carolina",UNC Wilmington,NR,88,Gardner-Webb,NR,62,UNC Wilmington
1479,2025-11-29-Boston University-vs-Northern Kentucky-m,2025-11-29,"Bank of Kentucky Center, Highland Heights, Kentucky",Northern Kentucky,NR,74,Boston University,NR,65,Northern Kentucky
1480,2025-11-29-Sacred Heart-vs-Penn State-m,2025-11-29,"Bryce Jordan Center, University Park, Pennsylvania",Penn State,NR,90,Sacred Heart,NR,59,Penn State
1481,2025-11-29-Southern Utah-vs-Stetson-m,2025-11-29,"UPMC Events Center, Moon, Pennsylvania",Stetson,NR,68,Southern Utah,NR,70,Southern Utah
1482,2025-11-29-Tennessee Wesleyan-vs-Tennessee State-m,2025-11-29,"The McKenzie Arena, Chattanooga, Tennessee",Tennessee State,NR,98,Tennessee Wesleyan,NR,77,Tennessee State
1483,2025-11-29-Lipscomb-vs-Southeast Missouri State-m,2025-11-29,"Show Me Center, Cape Girardeau, Missouri",Southeast Missouri State,NR,77,Lipscomb,NR,88,Lipscomb
1484,2025-11-29-Little Rock-vs-Southern Illinois-m,2025-11-29,"The SIU Arena, Carbondale, Illinois",Southern Illinois,NR,74,Little Rock,NR,65,Southern Illinois
1485,2025-11-29-Franciscan-vs-Saint Francis (PA)-m,2025-11-29,"DeGol Arena, Loretto, Pennsylvania",Saint Francis (PA),NR,85,Franciscan,NR,60,Saint Francis (PA)
1486,2025-11-29-Montana State-vs-Utah State-m,2025-11-29,"Dee Glen Smith Spectrum, Logan, Utah",Utah State,NR,84,Montana State,NR,81,Utah State
1487,2025-11-29-Redlands-vs-Cal Poly-m,2025-11-29,"Robert A. Mott Athletics Center, San Luis Obispo, California",Cal Poly,NR,87,Redlands,NR,81,Cal Poly
1488,2025-11-29-California Baptist-vs-Oregon State-m,2025-11-29,"Gill Coliseum, Corvallis, Oregon",Oregon State,NR,69,California Baptist,NR,75,California Baptist
1489,2025-11-29-Southeastern Louisiana-vs-Navy-m,2025-11-29,"Trask Coliseum, Wilmington, North Carolina",Navy,NR,65,Southeastern Louisiana,NR,69,Southeastern Louisiana
1490,2025-11-29-Manhattan-vs-Army-m,2025-11-29,"Christl Arena, West Point, New York",Army,NR,81,Manhattan,NR,78,Army
1491,2025-11-29-Alcorn State-vs-Louisiana Tech-m,2025-11-29,"Thomas Assembly Center, Ruston, Louisiana",Louisiana Tech,NR,83,Alcorn State,NR,58,Louisiana Tech
1492,2025-11-29-Emerson-vs-UMass-Lowell-m,2025-11-29,"Costello Athletic Center, Lowell, Massachusetts",UMass-Lowell,NR,90,Emerson,NR,67,UMass-Lowell
1493,2025-11-29-Detroit Mercy-vs-Niagara-m,2025-11-29,"Gallagher Center, Niagara University, New York",Niagara,NR,66,Detroit Mercy,NR,70,Detroit Mercy
1494,2025-11-29-Sarah Lawrence-vs-Columbia-m,2025-11-29,"Francis A. Levien Gymnasium, New York, New York",Columbia,NR,92,Sarah Lawrence,NR,44,Columbia
1495,2025-11-29-Tennessee Tech-vs-Georgia-m,2025-11-29,"Stegeman Coliseum, Athens, Georgia",Georgia,NR,123,Tennessee Tech,NR,81,Georgia
1496,2025-11-29-Haskell (KS)-vs-Green Bay-m,2025-11-29,"Kress Events Center, Green Bay, Wisconsin",Green Bay,NR,95,Haskell (KS),NR,55,Green Bay
1497,2025-11-29-Bryant-vs-Harvard-m,2025-11-29,"Lavietes Pavilion, Boston, Massachusetts",Harvard,NR,56,Bryant,NR,53,Harvard
1498,2025-11-29-Western Carolina-vs-High Point-m,2025-11-29,"Qubein Center, High Point, North Carolina",High Point,NR,93,Western Carolina,NR,73,High Point
1499,2025-11-29-Merrimack-vs-Hofstra-m,2025-11-29,"The Palestra, Philadelphia, Pennsylvania",Hofstra,NR,78,Merrimack,NR,58,Hofstra
1500,2025-11-29-Morehead State-vs-IU Indianapolis-m,2025-11-29,"The Jungle, Indianapolis, Indiana",IU Indianapolis,NR,85,Morehead State,NR,80,IU Indianapolis
1501,2025-11-29-Lehigh-vs-Texas State-m,2025-11-29,,Texas State,NR,74,Lehigh,NR,78,Lehigh
1502,2025-11-29-Delaware State-vs-UMBC-m,2025-11-29,"UMBC Event Center, Baltimore, Maryland",UMBC,NR,71,Delaware State,NR,57,UMBC
1503,2025-11-29-USC Upstate-vs-Nebraska-m,2025-11-29,"Pinnacle Bank Arena, Lincoln, Nebraska",Nebraska,NR,72,USC Upstate,NR,63,Nebraska
1504,2025-11-29-Carolina-vs-North Carolina Central-m,2025-11-29,"McLendon-McDougald Gym, Durham, North Carolina",North Carolina Central,NR,109,Carolina,NR,61,North Carolina Central
1505,2025-11-29-Southern-vs-Northwestern State-m,2025-11-29,"Prather Coliseum, Natchitoches, Louisiana",Northwestern State,NR,73,Southern,NR,75,Southern
1506,2025-11-29-Notre Dame (MD)-vs-Radford-m,2025-11-29,"Donald N. Dedmon Center, Radford, Virginia",Radford,NR,102,Notre Dame (MD),NR,75,Radford
1507,2025-11-29-Dartmouth-vs-St. Peter's-m,2025-11-29,"Yanitelli Center, Jersey City, New Jersey",St. Peter's,NR,61,Dartmouth,NR,87,Dartmouth
1508,2025-11-29-Houston Christian-vs-Georgia Southern-m,2025-11-29,"Jack and Ruth Ann Hill Convocation Center, Statesboro, Georgia",Georgia Southern,NR,80,Houston Christian,NR,62,Georgia Southern
1509,2025-11-29-Stephen F. Austin-vs-UT Arlington-m,2025-11-29,"College Park Center, Arlington, Texas",UT Arlington,NR,66,Stephen F. Austin,NR,61,UT Arlington
1510,2025-11-29-Western Michigan-vs-Valparaiso-m,2025-11-29,"AthleticsâRecreation Center, Valparaiso, Indiana",Valparaiso,NR,84,Western Michigan,NR,55,Valparaiso
1511,2025-11-29-Air Force-vs-South Dakota-m,2025-11-29,"Summit Arena, Rapid City, South Dakota",South Dakota,NR,80,Air Force,NR,63,South Dakota
1512,2025-11-29-Siena-vs-American-m,2025-11-29,"Bender Arena, Washington, District of Columbia",American,NR,55,Siena,NR,59,Siena
1513,2025-11-29-Georgia Tech-vs-Drake-m,2025-11-29,"The Arena at Northwest Florida State College, Niceville, Florida",Drake,NR,84,Georgia Tech,NR,74,Drake
1514,2025-11-29-Ball State-vs-Lafayette-m,2025-11-29,"Kirby Sports Center, Easton, Pennsylvania",Lafayette,NR,55,Ball State,NR,37,Lafayette
1515,2025-11-29-Howard-vs-Mount St. Mary's-m,2025-11-29,"Knott Arena, Emmitsburg, Maryland",Mount St. Mary's,NR,79,Howard,NR,75,Mount St. Mary's
1516,2025-11-29-La Salle-vs-Penn-m,2025-11-29,"The Palestra, Philadelphia, Pennsylvania",Penn,NR,73,La Salle,NR,71,Penn
1517,2025-11-29-Seattle-vs-UCSB-m,2025-11-29,,UCSB,NR,74,Seattle,NR,71,UCSB
1518,2025-11-29-Kentucky State-vs-Southern Indiana-m,2025-11-29,"Screaming Eagles Arena, Evansville, Indiana",Southern Indiana,NR,93,Kentucky State,NR,56,Southern Indiana
1519,2025-11-29-Kansas City-vs-Weber State-m,2025-11-29,"Dee Events Center, Ogden, Utah",Weber State,NR,82,Kansas City,NR,61,Weber State
1520,2025-11-29-South Carolina State-vs-Winthrop-m,2025-11-29,"Winthrop Coliseum, Rock Hill, South Carolina",Winthrop,NR,101,South Carolina State,NR,79,Winthrop
1521,2025-11-29-Pepperdine-vs-Cal State Fullerton-m,2025-11-29,"Titan Gym, Fullerton, California",Cal State Fullerton,NR,83,Pepperdine,NR,69,Cal State Fullerton
1522,2025-11-29-SUNY Oneonta-vs-Colgate-m,2025-11-29,"Place Bell, Laval",Colgate,NR,85,SUNY Oneonta,NR,50,Colgate
1523,2025-11-29-UC-Riverside-vs-Utah Tech-m,2025-11-29,"Burns Arena, St. George, Utah",Utah Tech,NR,77,UC-Riverside,NR,69,Utah Tech
1524,2025-11-29-Trinity Baptist-vs-North Florida-m,2025-11-29,"UNF Arena , Jacksonville, Florida",North Florida,NR,111,Trinity Baptist,NR,67,North Florida
1525,2025-11-29-Regis (CO)-vs-Northern Colorado-m,2025-11-29,"Bank of Colorado Arena, Greeley, Colorado",Northern Colorado,NR,104,Regis (CO),NR,63,Northern Colorado
1526,2025-11-29-Buffalo-vs-Canisius-m,2025-11-29,"Koessler Athletic Center, Buffalo, New York",Canisius,NR,53,Buffalo,NR,71,Buffalo
1527,2025-11-29-Albany (NY)-vs-Fordham-m,2025-11-29,"Place Bell, Laval",Fordham,NR,88,Albany (NY),NR,68,Fordham
1528,2025-11-29-DePaul-vs-LSU-m,2025-11-29,"The Arena at Northwest Florida State College, Niceville, Florida",LSU,NR,96,DePaul,NR,63,LSU
1529,2025-11-29-Penn State Shenango-vs-Kent State-m,2025-11-29,"Memorial Athletic & Convocation Center, Kent, Ohio",Kent State,NR,123,Penn State Shenango,NR,59,Kent State
1530,2025-11-29-Our Lady of the Lake-vs-Lamar-m,2025-11-29,"Montagne Center, Beaumont, Texas",Lamar,NR,90,Our Lady of the Lake,NR,46,Lamar
1531,2025-11-29-Mid-America Christian-vs-Omaha-m,2025-11-29,"Baxter Arena, Omaha, Nebraska",Omaha,NR,84,Mid-America Christian,NR,62,Omaha
1532,2025-11-29-Lawrence-vs-St. Thomas-m,2025-11-29,,St. Thomas,NR,87,Lawrence,NR,52,St. Thomas
1533,2025-11-29-Sacramento State-vs-Pacific-m,2025-11-29,"A.G. Spanos Center, Stockton, California",Pacific,NR,68,Sacramento State,NR,54,Pacific
1534,2025-11-30-Wyoming-vs-Texas Tech-m,2025-11-30,"United Supermarkets Arena, Lubbock, Texas",Texas Tech, 20 ,76,Wyoming,NR,72,Texas Tech
1535,2025-11-30-SUNY Oneonta-vs-Albany (NY)-m,2025-11-30,"Place Bell, Laval",Albany (NY),NR,90,SUNY Oneonta,NR,62,Albany (NY)
1536,2025-11-30-Cornell-vs-Bucknell-m,2025-11-30,"Sojka Pavilion, Lewisburg, Pennsylvania",Bucknell,NR,72,Cornell,NR,101,Cornell
1537,2025-11-30-Alabama A&M-vs-Coastal Carolina-m,2025-11-30,"The HTC Center, Conway, South Carolina",Coastal Carolina,NR,67,Alabama A&M,NR,60,Coastal Carolina
1538,2025-11-30-The Citadel-vs-Presbyterian-m,2025-11-30,"Harrah's Cherokee Center, Asheville, North Carolina",Presbyterian,NR,69,The Citadel,NR,41,Presbyterian
1539,2025-11-30-Princeton-vs-St. Joseph's-m,2025-11-30,"CURE Insurance Arena, Trenton, New Jersey",St. Joseph's,NR,60,Princeton,NR,58,St. Joseph's
1540,2025-11-30-Stonehill-vs-Quinnipiac-m,2025-11-30,"M&T Bank Arena, Hamden, Connecticut",Quinnipiac,NR,76,Stonehill,NR,62,Quinnipiac
1541,2025-11-30-Yale-vs-Vermont-m,2025-11-30,"Roy L. Patrick Gymnasium, Burlington, Vermont",Vermont,NR,74,Yale,NR,77,Yale
1542,2025-11-30-Mercyhurst-vs-West Virginia-m,2025-11-30,"WVU Coliseum, Morgantown, West Virginia",West Virginia,NR,70,Mercyhurst,NR,38,West Virginia
1543,2025-11-30-Le Moyne-vs-Ball State-m,2025-11-30,"Kirby Sports Center, Easton, Pennsylvania",Ball State,NR,96,Le Moyne,NR,85,Ball State
1544,2025-11-30-Merrimack-vs-La Salle-m,2025-11-30,"The Palestra, Philadelphia, Pennsylvania",La Salle,NR,60,Merrimack,NR,66,Merrimack
1545,2025-11-30-Appalachian State-vs-UNC Asheville-m,2025-11-30,"Harrah's Cherokee Center, Asheville, North Carolina",UNC Asheville,NR,67,Appalachian State,NR,55,UNC Asheville
1546,2025-11-30-Johnson & Wales (RI)-vs-Central Connecticut-m,2025-11-30,"Detrick Gymnasium, New Britain, Connecticut",Central Connecticut,NR,122,Johnson & Wales (RI),NR,57,Central Connecticut
1547,2025-11-30-Siena-vs-Maine-m,2025-11-30,"Bender Arena, Washington, District of Columbia",Maine,NR,60,Siena,NR,64,Siena
1548,2025-11-30-Mitchell-vs-New Haven-m,2025-11-30,"Charger Gymnasium, West Haven, Connecticut",New Haven,NR,92,Mitchell,NR,69,New Haven
1549,2025-11-30-Tennessee State-vs-Chattanooga-m,2025-11-30,"The McKenzie Arena, Chattanooga, Tennessee",Chattanooga,NR,64,Tennessee State,NR,70,Tennessee State
1550,2025-11-30-New Hampshire-vs-Fairfield-m,2025-11-30,"Leo D. Mahoney Arena, Fairfield, Connecticut",Fairfield,NR,72,New Hampshire,NR,68,Fairfield
1551,2025-11-30-Monmouth-vs-Lafayette-m,2025-11-30,"Kirby Sports Center, Easton, Pennsylvania",Lafayette,NR,74,Monmouth,NR,88,Monmouth
1552,2025-11-30-Hofstra-vs-Penn-m,2025-11-30,"The Palestra, Philadelphia, Pennsylvania",Penn,NR,60,Hofstra,NR,77,Hofstra
1553,2025-11-30-Stetson-vs-Robert Morris-m,2025-11-30,"UPMC Events Center, Moon, Pennsylvania",Robert Morris,NR,80,Stetson,NR,62,Robert Morris
1554,2025-11-30-South Alabama-vs-UTSA-m,2025-11-30,"Convocation Center, San Antonio, Texas",UTSA,NR,58,South Alabama,NR,82,South Alabama
1555,2025-11-30-Old Dominion-vs-William & Mary-m,2025-11-30,"Kaplan Arena at William and Mary Hall, Williamsburg, Virginia",William & Mary,NR,88,Old Dominion,NR,75,William & Mary
1556,2025-11-30-Fordham-vs-Colgate-m,2025-11-30,"Place Bell, Laval",Colgate,NR,72,Fordham,NR,62,Colgate
1557,2025-11-30-Belmont-vs-College of Charleston-m,2025-11-30,"TD Arena, Charleston, South Carolina",College of Charleston,NR,73,Belmont,NR,96,Belmont
1558,2025-11-30-St. Bonaventure-vs-Florida Atlantic-m,2025-11-30,"FAU Arena, Boca Raton, Florida",Florida Atlantic,NR,65,St. Bonaventure,NR,70,St. Bonaventure
1559,2025-11-30-Northeastern State-vs-Missouri State-m,2025-11-30,"JQH Arena, Springfield, Missouri",Missouri State,NR,92,Northeastern State,NR,71,Missouri State
1560,2025-11-30-Longwood-vs-American-m,2025-11-30,"Bender Arena, Washington, District of Columbia",American,NR,92,Longwood,NR,66,American
1561,2025-11-30-Prairie View-vs-North Texas-m,2025-11-30,"Super Pit, Denton, Texas",North Texas,NR,72,Prairie View,NR,69,North Texas
1562,2025-11-30-St. Ambrose-vs-Western Illinois-m,2025-11-30,"Western Hall, Macomb, Illinois",Western Illinois,NR,89,St. Ambrose,NR,73,Western Illinois
1563,2025-11-30-San Diego-vs-Long Beach State-m,2025-11-30,"The Walter Pyramid, Long Beach, California",Long Beach State,NR,76,San Diego,NR,72,Long Beach State
1564,2025-11-30-UC-Irvine-vs-San Jose State-m,2025-11-30,"San Jose State Event Center, San Jose, California",San Jose State,NR,63,UC-Irvine,NR,72,UC-Irvine
1565,2025-11-30-Cal State Bakersfield-vs-Fresno State-m,2025-11-30,"Save Mart Center, Fresno, California",Fresno State,NR,71,Cal State Bakersfield,NR,76,Cal State Bakersfield
1566,2025-11-30-Coppin State-vs-Loyola (MD)-m,2025-11-30,"Reitz Arena, Baltimore, Maryland",Loyola (MD),NR,95,Coppin State,NR,84,Loyola (MD)
1567,2025-12-01-Iona-vs-Delaware-m,2025-12-01,"Bob Carpenter Center, Newark, Delaware",Delaware,NR,66,Iona,NR,89,Iona
1568,2025-12-01-Newport News-Apprentice-vs-Hampton-m,2025-12-01,"Hampton University Convocation Center, Hampton, Virginia",Hampton,NR,94,Newport News-Apprentice,NR,58,Hampton
1569,2025-12-01-Temple-vs-Villanova-m,2025-12-01,"Finneran Pavilion, Villanova, Pennsylvania",Villanova,NR,74,Temple,NR,56,Villanova
1570,2025-12-01-Tarleton State-vs-Cincinnati-m,2025-12-01,"Fifth Third Arena, Cincinnati, Ohio",Cincinnati,NR,76,Tarleton State,NR,58,Cincinnati
1571,2025-12-01-UAB-vs-Middle Tennessee-m,2025-12-01,"Murphy Athletic Center, Murfreesboro, Tennessee",Middle Tennessee,NR,76,UAB,NR,61,Middle Tennessee
1572,2025-12-01-West Georgia-vs-Troy-m,2025-12-01,"Trojan Arena, Troy, Alabama",Troy,NR,89,West Georgia,NR,93,West Georgia
1573,2025-12-01-California Baptist-vs-Colorado-m,2025-12-01,"Coors Events/Conference Center, Boulder, Colorado",Colorado,NR,78,California Baptist,NR,70,Colorado
1574,2025-12-01-New Mexico Highlands-vs-New Mexico-m,2025-12-01,"The Pit, Albuquerque, New Mexico",New Mexico,NR,97,New Mexico Highlands,NR,47,New Mexico
1575,2025-12-01-Saint Xavier (IL)-vs-Chicago State-m,2025-12-01,"Emil and Patricia Jones Convocation Center, Chicago, Illinois",Chicago State,NR,85,Saint Xavier (IL),NR,62,Chicago State
1576,2025-12-01-Louisiana Christian-vs-Southern-m,2025-12-01,"F. G. Clark Activity Center, Baton Rouge, Louisiana",Southern,NR,101,Louisiana Christian,NR,48,Southern
1577,2025-12-01-McNeese State-vs-Incarnate Word-m,2025-12-01,"McDermott Center, San Antonio, Texas",Incarnate Word,NR,71,McNeese State,NR,67,Incarnate Word
1578,2025-12-01-Central State (OH)-vs-Toledo-m,2025-12-01,"John F. Savage Hall, Toledo, Ohio",Toledo,NR,102,Central State (OH),NR,58,Toledo
1579,2025-12-01-North Alabama-vs-Jacksonville State-m,2025-12-01,"Pete Mathews Coliseum, Jacksonville, Alabama",Jacksonville State,NR,66,North Alabama,NR,73,North Alabama
1580,2025-12-01-Saint Francis (PA)-vs-Xavier-m,2025-12-01,"Cintas Center, Cincinnati, Ohio",Xavier,NR,96,Saint Francis (PA),NR,74,Xavier
1581,2025-12-01-Bowling Green-vs-Kansas State-m,2025-12-01,"Bramlage Coliseum, Manhattan, Kansas",Kansas State,NR,66,Bowling Green,NR,82,Bowling Green
1582,2025-12-01-Coe-vs-Northern Iowa-m,2025-12-01,"McLeod Center, Cedar Falls, Iowa",Northern Iowa,NR,99,Coe,NR,34,Northern Iowa
1583,2025-12-01-West Coast Baptist-vs-Southern Utah-m,2025-12-01,"Centrum, Cedar City, Utah",Southern Utah,NR,124,West Coast Baptist,NR,59,Southern Utah
1584,2025-12-01-Portland-vs-Stanford-m,2025-12-01,"Maples Pavilion, Stanford, California",Stanford,NR,94,Portland,NR,72,Stanford
1585,2025-12-02-Purdue-vs-Rutgers-m,2025-12-02,"Rutgers Athletic Center, New Brunswick, New Jersey",Rutgers,NR,65,Purdue, 1 ,81,Purdue
1586,2025-12-02-Florida-vs-Duke-m,2025-12-02,"Cameron Indoor Stadium, Durham, North Carolina",Duke, 4 ,67,Florida, 15 ,66,Duke
1587,2025-12-02-UConn-vs-Kansas-m,2025-12-02,"Allen Fieldhouse, Lawrence, Kansas",Kansas, 21 ,56,UConn, 5 ,61,UConn
1588,2025-12-02-Iowa-vs-Michigan State-m,2025-12-02,"Breslin Events Center, East Lansing, Michigan",Michigan State, 7 ,71,Iowa,NR,52,Michigan State
1589,2025-12-02-Tennessee-vs-Syracuse-m,2025-12-02,"JMA Wireless Dome, Syracuse, New York",Syracuse,NR,62,Tennessee, 13 ,60,Syracuse
1590,2025-12-02-UNC-vs-Kentucky-m,2025-12-02,"Rupp Arena, Lexington, Kentucky",Kentucky, 18 ,64,UNC, 16 ,67,UNC
1591,2025-12-02-USC-vs-Oregon-m,2025-12-02,"Matthew Knight Arena, Eugene, Oregon",Oregon,NR,77,USC, 24 ,82,USC
1592,2025-12-02-Stonehill-vs-Bryant-m,2025-12-02,"Chace Athletic Center , Smithfield, Rhode Island",Bryant,NR,77,Stonehill,NR,65,Bryant
1593,2025-12-02-ETSU-vs-Dayton-m,2025-12-02,"University of Dayton Arena, Dayton, Ohio",Dayton,NR,88,ETSU,NR,71,Dayton
1594,2025-12-02-Cornell-vs-George Mason-m,2025-12-02,"EagleBank Arena, Fairfax, Virginia",George Mason,NR,99,Cornell,NR,81,George Mason
1595,2025-12-02-Eureka-vs-Indiana State-m,2025-12-02,"Hulman Center, Terre Haute, Indiana",Indiana State,NR,99,Eureka,NR,57,Indiana State
1596,2025-12-02-Florida A&M-vs-Jacksonville-m,2025-12-02,"Swisher Gymnasium, Jacksonville, Florida",Jacksonville,NR,85,Florida A&M,NR,82,Jacksonville
1597,2025-12-02-Jackson State-vs-Kennesaw State-m,2025-12-02,"KSU Convocation Center , Kennesaw, Georgia",Kennesaw State,NR,88,Jackson State,NR,73,Kennesaw State
1598,2025-12-02-Winthrop-vs-LIU-m,2025-12-02,"Steinberg Wellness Center, Brooklyn, New York",LIU,NR,92,Winthrop,NR,94,Winthrop
1599,2025-12-02-Wagner-vs-Maryland-m,2025-12-02,"Xfinity Center, College Park, Maryland",Maryland,NR,89,Wagner,NR,63,Maryland
1600,2025-12-02-Campbell-vs-Penn State-m,2025-12-02,"Bryce Jordan Center, University Park, Pennsylvania",Penn State,NR,87,Campbell,NR,76,Penn State
1601,2025-12-02-FDU-vs-Providence-m,2025-12-02,"Dunkin' Donuts Center, Providence, Rhode Island",Providence,NR,94,FDU,NR,64,Providence
1602,2025-12-02-Virginia University of Lynchburg-vs-Western Carolina-m,2025-12-02,"Ramsey Center, Cullowhee, North Carolina",Western Carolina,NR,124,Virginia University of Lynchburg,NR,62,Western Carolina
1603,2025-12-02-Sacramento State-vs-Baylor-m,2025-12-02,"Foster Pavilion, Waco, Texas",Baylor,NR,110,Sacramento State,NR,88,Baylor
1604,2025-12-02-Western Illinois-vs-Drake-m,2025-12-02,"Knapp Center, Des Moines, Iowa",Drake,NR,108,Western Illinois,NR,57,Drake
1605,2025-12-02-Central Michigan-vs-Loyola (IL)-m,2025-12-02,"Joseph J. Gentile Center, Chicago, Illinois",Loyola (IL),NR,83,Central Michigan,NR,72,Loyola (IL)
1606,2025-12-02-Morehead State-vs-Murray State-m,2025-12-02,"CFSB Center, Murray, Kentucky",Murray State,NR,84,Morehead State,NR,52,Murray State
1607,2025-12-02-Houston Christian-vs-North Texas-m,2025-12-02,"Super Pit, Denton, Texas",North Texas,NR,77,Houston Christian,NR,75,North Texas
1608,2025-12-02-Lindenwood-vs-Northern Illinois-m,2025-12-02,"Convocation Center, DeKalb, Illinois",Northern Illinois,NR,64,Lindenwood,NR,99,Lindenwood
1609,2025-12-02-Mount Marty-vs-Wichita State-m,2025-12-02,"Charles Koch Arena, Wichita, Kansas",Wichita State,NR,95,Mount Marty,NR,69,Wichita State
1610,2025-12-02-New Mexico State-vs-South Alabama-m,2025-12-02,"Leonard E. Merrell Center, Katy, Texas",South Alabama,NR,77,New Mexico State,NR,75,South Alabama
1611,2025-12-02-Utah-vs-California-m,2025-12-02,"Haas Pavilion, Berkeley, California",California,NR,79,Utah,NR,72,California
1612,2025-12-02-George Washington-vs-Army-m,2025-12-02,"Christl Arena, West Point, New York",Army,NR,70,George Washington,NR,84,George Washington
1613,2025-12-02-Charleston Southern-vs-UT-Martin-m,2025-12-02,"Skyhawk Arena, Martin, Tennessee",UT-Martin,NR,73,Charleston Southern,NR,56,UT-Martin
1614,2025-12-02-Lehigh-vs-Binghamton-m,2025-12-02,"Events Center, Binghamton, New York",Binghamton,NR,80,Lehigh,NR,71,Binghamton
1615,2025-12-02-Eastern Michigan-vs-Butler-m,2025-12-02,"Hinkle Fieldhouse, Indianapolis, Indiana",Butler,NR,84,Eastern Michigan,NR,68,Butler
1616,2025-12-02-North Carolina A&T-vs-Charlotte-m,2025-12-02,"Dale F. Halton Arena, Charlotte, North Carolina",Charlotte,NR,74,North Carolina A&T,NR,57,Charlotte
1617,2025-12-02-William & Mary-vs-Duquesne-m,2025-12-02,"A.J. Palumbo Center, Pittsburgh, Pennsylvania",Duquesne,NR,79,William & Mary,NR,83,William & Mary
1618,2025-12-02-Maryland-Eastern Shore-vs-East Carolina-m,2025-12-02,"Williams Arena at Minges Coliseum, Greenville, North Carolina",East Carolina,NR,68,Maryland-Eastern Shore,NR,56,East Carolina
1619,2025-12-02-Georgia State-vs-Mercer-m,2025-12-02,"University Center, Hammond, Louisiana",Mercer,NR,78,Georgia State,NR,67,Mercer
1620,2025-12-02-Indiana University East-vs-Miami (OH)-m,2025-12-02,"Millett Hall, Oxford, Ohio",Miami (OH),NR,109,Indiana University East,NR,65,Miami (OH)
1621,2025-12-02-UNC Greensboro-vs-UNC Asheville-m,2025-12-02,"Harrah's Cherokee Center, Asheville, North Carolina",UNC Asheville,NR,82,UNC Greensboro,NR,77,UNC Asheville
1622,2025-12-02-SIU-Edwardsville-vs-North Florida-m,2025-12-02,"UNF Arena , Jacksonville, Florida",North Florida,NR,63,SIU-Edwardsville,NR,72,SIU-Edwardsville
1623,2025-12-02-Texas A&M-vs-Pitt-m,2025-12-02,"Petersen Events Center, Pittsburgh, Pennsylvania",Pitt,NR,73,Texas A&M,NR,81,Texas A&M
1624,2025-12-02-Brown-vs-Rhode Island-m,2025-12-02,"Thomas M. Ryan Center, Kingston, Rhode Island",Rhode Island,NR,66,Brown,NR,56,Rhode Island
1625,2025-12-02-Virginia Tech-vs-South Carolina-m,2025-12-02,"The Colonial Life Arena, Columbia, South Carolina",South Carolina,NR,83,Virginia Tech,NR,86,Virginia Tech
1626,2025-12-02-Saint Mary-of-the-Woods College-vs-Southeast Missouri State-m,2025-12-02,"Show Me Center, Cape Girardeau, Missouri",Southeast Missouri State,NR,88,Saint Mary-of-the-Woods College,NR,57,Southeast Missouri State
1627,2025-12-02-Grambling-vs-Tulane-m,2025-12-02,"Devlin Fieldhouse, New Orleans, Louisiana",Tulane,NR,65,Grambling,NR,63,Tulane
1628,2025-12-02-Oklahoma-vs-Wake Forest-m,2025-12-02,"Lawrence Joel Coliseum, Winston-Salem, North Carolina",Wake Forest,NR,68,Oklahoma,NR,86,Oklahoma
1629,2025-12-02-SUNY Maritime-vs-Yale-m,2025-12-02,"John J. Lee Ampitheater, New Haven, Connecticut",Yale,NR,117,SUNY Maritime,NR,53,Yale
1630,2025-12-02-UT Arlington-vs-Arkansas State-m,2025-12-02,"Convocation Center, Jonesboro, Arkansas",Arkansas State,NR,83,UT Arlington,NR,63,Arkansas State
1631,2025-12-02-Washington State-vs-Bradley-m,2025-12-02,"Carver Arena, Peoria, Illinois",Bradley,NR,64,Washington State,NR,60,Bradley
1632,2025-12-02-Valparaiso-vs-Marquette-m,2025-12-02,"Fiserv Forum, Milwaukee, Wisconsin",Marquette,NR,75,Valparaiso,NR,72,Marquette
1633,2025-12-02-Sam Houston-vs-Oklahoma State-m,2025-12-02,"Gallagher-Iba Arena, Stillwater, Oklahoma",Oklahoma State,NR,93,Sam Houston,NR,83,Oklahoma State
1634,2025-12-02-Manhattan Christian-vs-Tulsa-m,2025-12-02,"Donald W. Reynolds Center, Tulsa, Oklahoma",Tulsa,NR,111,Manhattan Christian,NR,60,Tulsa
1635,2025-12-02-Nicholls State-vs-Creighton-m,2025-12-02,"CHI Health Center Omaha, Omaha, Nebraska",Creighton,NR,96,Nicholls State,NR,76,Creighton
1636,2025-12-02-Georgia-vs-Florida State-m,2025-12-02,"Donald L. Tucker Center, Tallahassee, Florida",Florida State,NR,73,Georgia,NR,107,Georgia
1637,2025-12-02-Stetson-vs-Grand Canyon-m,2025-12-02,"GCU Arena, Phoenix, Arizona",Grand Canyon,NR,67,Stetson,NR,45,Grand Canyon
1638,2025-12-02-Miami (FL)-vs-Ole Miss-m,2025-12-02,"The Sandy and John Black Pavilion at Ole Miss, University, Mississippi",Ole Miss,NR,66,Miami (FL),NR,75,Miami (FL)
1639,2025-12-02-Missouri-vs-Notre Dame-m,2025-12-02,"Purcell Pavilion at the Joyce Center, South Bend, Indiana",Notre Dame,NR,76,Missouri,NR,71,Notre Dame
1640,2025-12-02-Abilene Christian-vs-Pepperdine-m,2025-12-02,"Firestone Fieldhouse, Malibu, California",Pepperdine,NR,63,Abilene Christian,NR,71,Abilene Christian
1641,2025-12-02-Saint Louis-vs-Loyola Marymount-m,2025-12-02,"Albert Gersten Pavilion, Los Angeles, California",Loyola Marymount,NR,70,Saint Louis,NR,91,Saint Louis
1642,2025-12-02-UC-San Diego-vs-Nevada-m,2025-12-02,"Lawlor Events Center, Reno, Nevada",Nevada,NR,76,UC-San Diego,NR,70,Nevada
1643,2025-12-03-Louisville-vs-Arkansas-m,2025-12-03,"Bud Walton Arena, Fayetteville, Arkansas",Arkansas, 25 ,89,Louisville, 6 ,80,Arkansas
1644,2025-12-03-California Baptist-vs-BYU-m,2025-12-03,"Vivint Arena, Salt Lake City, Utah",BYU, 9 ,91,California Baptist,NR,60,BYU
1645,2025-12-03-Alcorn State-vs-Iowa State-m,2025-12-03,"James H. Hilton Coliseum , Ames, Iowa",Iowa State, 10 ,132,Alcorn State,NR,68,Iowa State
1646,2025-12-03-Clemson-vs-Alabama-m,2025-12-03,"Coleman Coliseum , Tuscaloosa, Alabama",Alabama, 12 ,90,Clemson,NR,84,Alabama
1647,2025-12-03-SMU-vs-Vanderbilt-m,2025-12-03,"Memorial Gymnasium, Nashville, Tennessee",Vanderbilt, 17 ,88,SMU,NR,69,Vanderbilt
1648,2025-12-03-NC State-vs-Auburn-m,2025-12-03,"Auburn Arena, Auburn, Alabama",Auburn, 20 ,83,NC State,NR,73,Auburn
1649,2025-12-03-Indiana-vs-Minnesota-m,2025-12-03,"Williams Arena, Minneapolis, Minnesota",Minnesota,NR,73,Indiana, 22 ,64,Minnesota
1650,2025-12-03-Bucknell-vs-Akron-m,2025-12-03,"James A. Rhodes Arena, Akron, Ohio",Akron,NR,97,Bucknell,NR,77,Akron
1651,2025-12-03-Midway-vs-Bellarmine-m,2025-12-03,"Knights Hall, Louisville, Kentucky",Bellarmine,NR,99,Midway,NR,60,Bellarmine
1652,2025-12-03-VTSU Johnson-vs-Boston University-m,2025-12-03,"Case Gym, Boston, Massachusetts",Boston University,NR,104,VTSU Johnson,NR,57,Boston University
1653,2025-12-03-Navy-vs-Delaware State-m,2025-12-03,"Memorial Hall, Dover, Delaware",Delaware State,NR,59,Navy,NR,66,Navy
1654,2025-12-03-Furman-vs-Elon-m,2025-12-03,"Schar Center, Elon, North Carolina",Elon,NR,88,Furman,NR,97,Furman
1655,2025-12-03-Loyola (MD)-vs-Hampton-m,2025-12-03,"Hampton University Convocation Center, Hampton, Virginia",Hampton,NR,93,Loyola (MD),NR,71,Hampton
1656,2025-12-03-Northeastern-vs-Holy Cross-m,2025-12-03,"Hart Center Arena, Worcester, Massachusetts",Holy Cross,NR,76,Northeastern,NR,59,Holy Cross
1657,2025-12-03-North Carolina Central-vs-James Madison-m,2025-12-03,"Atlantic Union Bank Center, Harrisonburg, Virginia",James Madison,NR,67,North Carolina Central,NR,62,James Madison
1658,2025-12-03-Harvard-vs-UMass-m,2025-12-03,"Mullins Center, Amherst, Massachusetts",UMass,NR,78,Harvard,NR,71,UMass
1659,2025-12-03-Maine-vs-Ohio-m,2025-12-03,"Convocation Center, Athens, Ohio",Ohio,NR,79,Maine,NR,57,Ohio
1660,2025-12-03-Cornell-vs-Towson-m,2025-12-03,"SECU Arena, Towson, Maryland",Towson,NR,93,Cornell,NR,80,Towson
1661,2025-12-03-Coppin State-vs-West Virginia-m,2025-12-03,"WVU Coliseum, Morgantown, West Virginia",West Virginia,NR,91,Coppin State,NR,49,West Virginia
1662,2025-12-03-Presbyterian-vs-Wofford-m,2025-12-03,"Richardson Indoor Stadium, Spartanburg, South Carolina",Wofford,NR,63,Presbyterian,NR,56,Wofford
1663,2025-12-03-Little Rock-vs-Central Arkansas-m,2025-12-03,"Jeff Farris Center, Conway, Arkansas",Central Arkansas,NR,85,Little Rock,NR,47,Central Arkansas
1664,2025-12-03-Ball State-vs-Evansville-m,2025-12-03,"Ford Center, Evansville, Indiana",Evansville,NR,64,Ball State,NR,52,Evansville
1665,2025-12-03-Louisiana-vs-Lamar-m,2025-12-03,"Montagne Center, Beaumont, Texas",Lamar,NR,65,Louisiana,NR,55,Lamar
1666,2025-12-03-New Orleans-vs-Memphis-m,2025-12-03,"FedExForum, Memphis, Tennessee",Memphis,NR,86,New Orleans,NR,70,Memphis
1667,2025-12-03-Idaho State-vs-Kansas City-m,2025-12-03,"Swinney Recreation Center, Kansas City, Missouri",Kansas City,NR,59,Idaho State,NR,68,Idaho State
1668,2025-12-03-Northern Colorado-vs-Omaha-m,2025-12-03,"Baxter Arena, Omaha, Nebraska",Omaha,NR,70,Northern Colorado,NR,75,Northern Colorado
1669,2025-12-03-Northwestern-vs-Wisconsin-m,2025-12-03,"Kohl Center, Madison, Wisconsin",Wisconsin,NR,85,Northwestern,NR,73,Wisconsin
1670,2025-12-03-Vermont-vs-Oregon State-m,2025-12-03,"Gill Coliseum, Corvallis, Oregon",Oregon State,NR,80,Vermont,NR,58,Oregon State
1671,2025-12-03-Utah Valley-vs-San Diego State-m,2025-12-03,"Viejas Arena, San Diego, California",San Diego State,NR,77,Utah Valley,NR,66,San Diego State
1672,2025-12-03-North Alabama-vs-San Francisco-m,2025-12-03,"War Memorial at The Sobrato Center, San Francisco, California",San Francisco,NR,63,North Alabama,NR,65,North Alabama
1673,2025-12-03-UCLA-vs-Washington-m,2025-12-03,"Alaska Airlines Arena, Seattle, Washington",Washington,NR,80,UCLA,NR,82,UCLA
1674,2025-12-03-Penn State Shenango-vs-Saint Francis (PA)-m,2025-12-03,"DeGol Arena, Loretto, Pennsylvania",Saint Francis (PA),NR,100,Penn State Shenango,NR,41,Saint Francis (PA)
1675,2025-12-03-Arkansas-Pine Bluff-vs-UIC-m,2025-12-03,"UIC Pavilion, Chicago, Illinois",UIC,NR,62,Arkansas-Pine Bluff,NR,63,Arkansas-Pine Bluff
1676,2025-12-03-Tennessee Tech-vs-Lipscomb-m,2025-12-03,"Allen Arena, Nashville, Tennessee",Lipscomb,NR,83,Tennessee Tech,NR,80,Lipscomb
1677,2025-12-03-Virginia University of Lynchburg-vs-Appalachian State-m,2025-12-03,"Holmes Convocation Center, Boone, North Carolina",Appalachian State,NR,133,Virginia University of Lynchburg,NR,45,Appalachian State
1678,2025-12-03-Drexel-vs-American-m,2025-12-03,"Bender Arena, Washington, District of Columbia",American,NR,75,Drexel,NR,73,American
1679,2025-12-03-Richmond-vs-Belmont-m,2025-12-03,"Curb Event Center, Nashville, Tennessee",Belmont,NR,76,Richmond,NR,84,Richmond
1680,2025-12-03-LSU-vs-Boston College-m,2025-12-03,"Silvio O. Conte Forum, Boston, Massachusetts",Boston College,NR,69,LSU,NR,78,LSU
1681,2025-12-03-Hofstra-vs-Columbia-m,2025-12-03,"Francis A. Levien Gymnasium, New York, New York",Columbia,NR,72,Hofstra,NR,70,Columbia
1682,2025-12-03-New Hampshire-vs-Dartmouth-m,2025-12-03,"Leede Arena, Hanover, New Hampshire",Dartmouth,NR,69,New Hampshire,NR,68,Dartmouth
1683,2025-12-03-IU Indianapolis-vs-Detroit Mercy-m,2025-12-03,"Calihan Hall, Detroit, Michigan",Detroit Mercy,NR,92,IU Indianapolis,NR,78,Detroit Mercy
1684,2025-12-03-Florida Gulf Coast-vs-Florida International-m,2025-12-03,"FIU Arena, Miami, Florida",Florida International,NR,89,Florida Gulf Coast,NR,83,Florida International
1685,2025-12-03-Louisiana Tech-vs-Georgia Southern-m,2025-12-03,"Jack and Ruth Ann Hill Convocation Center, Statesboro, Georgia",Georgia Southern,NR,77,Louisiana Tech,NR,69,Georgia Southern
1686,2025-12-03-Southern Illinois-vs-High Point-m,2025-12-03,"Qubein Center, High Point, North Carolina",High Point,NR,84,Southern Illinois,NR,86,Southern Illinois
1687,2025-12-03-Austin Peay-vs-Kent State-m,2025-12-03,"Memorial Athletic & Convocation Center, Kent, Ohio",Kent State,NR,96,Austin Peay,NR,84,Kent State
1688,2025-12-03-Pfeiffer-vs-Longwood-m,2025-12-03,"Joan Perry Brock Center, Farmville, Virginia",Longwood,NR,101,Pfeiffer,NR,55,Longwood
1689,2025-12-03-Mississippi Valley State-vs-Louisiana-Monroe-m,2025-12-03,"Fant-Ewing Coliseum, Monroe, Louisiana",Louisiana-Monroe,NR,66,Mississippi Valley State,NR,52,Louisiana-Monroe
1690,2025-12-03-Sacred Heart-vs-Mount St. Mary's-m,2025-12-03,"Knott Arena, Emmitsburg, Maryland",Mount St. Mary's,NR,80,Sacred Heart,NR,87,Sacred Heart
1691,2025-12-03-Marshall-vs-UNC Wilmington-m,2025-12-03,"Trask Coliseum, Wilmington, North Carolina",UNC Wilmington,NR,70,Marshall,NR,69,UNC Wilmington
1692,2025-12-03-Cleveland State-vs-Northern Kentucky-m,2025-12-03,"Bank of Kentucky Center, Highland Heights, Kentucky",Northern Kentucky,NR,95,Cleveland State,NR,80,Northern Kentucky
1693,2025-12-03-Purdue Fort Wayne-vs-Oakland-m,2025-12-03,"Athletics Center O'rena, Rochester, Michigan",Oakland,NR,101,Purdue Fort Wayne,NR,92,Oakland
1694,2025-12-03-Gardner-Webb-vs-Queens (NC)-m,2025-12-03,"Curry Arena, Charlotte, North Carolina",Queens (NC),NR,107,Gardner-Webb,NR,74,Queens (NC)
1695,2025-12-03-Southern Miss-vs-Radford-m,2025-12-03,"Donald N. Dedmon Center, Radford, Virginia",Radford,NR,75,Southern Miss,NR,82,Southern Miss
1696,2025-12-03-Central Connecticut-vs-Seton Hall-m,2025-12-03,"Walsh Gymnasium, South Orange, New Jersey",Seton Hall,NR,77,Central Connecticut,NR,61,Seton Hall
1697,2025-12-03-Coastal Carolina-vs-USC Upstate-m,2025-12-03,"G.B. Hodge Center, Spartanburg, South Carolina",USC Upstate,NR,85,Coastal Carolina,NR,78,USC Upstate
1698,2025-12-03-Bloomsburg-vs-St. Bonaventure-m,2025-12-03,"Reilly Center, St. Bonaventure, New York",St. Bonaventure,NR,83,Bloomsburg,NR,43,St. Bonaventure
1699,2025-12-03-Texas-Rio Grande Valley-vs-Stephen F. Austin-m,2025-12-03,"William Johnson Coliseum, Nacogdoches, Texas",Stephen F. Austin,NR,73,Texas-Rio Grande Valley,NR,60,Stephen F. Austin
1700,2025-12-03-Southern Indiana-vs-Western Michigan-m,2025-12-03,"University Arena, Kalamazoo, Michigan",Western Michigan,NR,88,Southern Indiana,NR,74,Western Michigan
1701,2025-12-03-Brandeis-vs-Yale-m,2025-12-03,"John J. Lee Ampitheater, New Haven, Connecticut",Yale,NR,79,Brandeis,NR,61,Yale
1702,2025-12-03-Wright State-vs-Youngstown State-m,2025-12-03,"Beeghly Center, Youngstown, Ohio",Youngstown State,NR,69,Wright State,NR,68,Youngstown State
1703,2025-12-03-Tennessee State-vs-Alabama A&M-m,2025-12-03,"Alabama A&M Events Center, Huntsville, Alabama",Alabama A&M,NR,80,Tennessee State,NR,53,Alabama A&M
1704,2025-12-03-UMBC-vs-Georgetown-m,2025-12-03,"Capital One Arena, Washington, District of Columbia",Georgetown,NR,90,UMBC,NR,81,Georgetown
1705,2025-12-03-Eastern Kentucky-vs-Illinois State-m,2025-12-03,"Redbird Arena, Normal, Illinois",Illinois State,NR,89,Eastern Kentucky,NR,78,Illinois State
1706,2025-12-03-Princeton-vs-Monmouth-m,2025-12-03,"Multipurpose Activity Center, West Long Branch, New Jersey",Monmouth,NR,63,Princeton,NR,58,Monmouth
1707,2025-12-03-South Dakota State-vs-Northern Arizona-m,2025-12-03,"Rolle Activity Center, Flagstaff, Arizona",Northern Arizona,NR,62,South Dakota State,NR,75,South Dakota State
1708,2025-12-03-Portland State-vs-South Dakota-m,2025-12-03,"Sanford Coyote Sports Center, Vermillon, South Dakota",South Dakota,NR,71,Portland State,NR,77,Portland State
1709,2025-12-03-Howard Payne-vs-Tarleton State-m,2025-12-03,,Tarleton State,NR,119,Howard Payne,NR,54,Tarleton State
1710,2025-12-03-Pacific-vs-Air Force-m,2025-12-03,"Clune Arena , Colorado Springs, Colorado",Air Force,NR,65,Pacific,NR,80,Pacific
1711,2025-12-03-Eastern Washington-vs-Denver-m,2025-12-03,"Hamilton Gymnasium, Denver, Colorado",Denver,NR,93,Eastern Washington,NR,89,Denver
1712,2025-12-03-Mississippi State-vs-Georgia Tech-m,2025-12-03,"McCamish Pavilion, Atlanta, Georgia",Georgia Tech,NR,73,Mississippi State,NR,85,Mississippi State
1713,2025-12-03-North Dakota-vs-Idaho-m,2025-12-03,"ICCU Arena, Moscow, Idaho",Idaho,NR,90,North Dakota,NR,58,Idaho
1714,2025-12-03-North Dakota State-vs-Montana-m,2025-12-03,"Adams Center/Dahlberg Arena, Missoula, Montana",Montana,NR,72,North Dakota State,NR,81,North Dakota State
1715,2025-12-03-St. Thomas-vs-Montana State-m,2025-12-03,"Worthington Arena, Bozeman, Montana",Montana State,NR,82,St. Thomas,NR,74,Montana State
1716,2025-12-03-Texas State-vs-Rice-m,2025-12-03,"Tudor Fieldhouse, Houston, Texas",Rice,NR,77,Texas State,NR,72,Rice
1717,2025-12-03-Virginia-vs-Texas-m,2025-12-03,"Moody Center, Austin, Texas",Texas,NR,69,Virginia,NR,88,Virginia
1718,2025-12-03-Oral Roberts-vs-Weber State-m,2025-12-03,"Dee Events Center, Ogden, Utah",Weber State,NR,92,Oral Roberts,NR,66,Weber State
1719,2025-12-03-Utah Tech-vs-Santa Clara-m,2025-12-03,"Leavey Center, Santa Clara, California",Santa Clara,NR,90,Utah Tech,NR,80,Santa Clara
1720,2025-12-03-Puget Sound-vs-Seattle-m,2025-12-03,"Redhawk Center, Seattle, Washington",Seattle,NR,97,Puget Sound,NR,43,Seattle
1721,2025-12-04-Warren Wilson-vs-Charleston Southern-m,2025-12-04,"Buccaneer Fieldhouse, Charleston, South Carolina",Charleston Southern,NR,124,Warren Wilson,NR,63,Charleston Southern
1722,2025-12-04-Manor-vs-FDU-m,2025-12-04,"Bogota Savings Bank Center, Teaneck, New Jersey",FDU,NR,86,Manor,NR,38,FDU
1723,2025-12-04-The Citadel-vs-Davidson-m,2025-12-04,"Belk Arena, Davidson, North Carolina",Davidson,NR,79,The Citadel,NR,63,Davidson
1724,2025-12-04-Robert Morris-vs-Green Bay-m,2025-12-04,"Kress Events Center, Green Bay, Wisconsin",Green Bay,NR,78,Robert Morris,NR,80,Robert Morris
1725,2025-12-04-Rider-vs-Merrimack-m,2025-12-04,"Hammel Court, North Andover, Massachusetts",Merrimack,NR,68,Rider,NR,66,Merrimack
1726,2025-12-04-Utah State-vs-South Florida-m,2025-12-04,"Yuengling Center, Tampa, Florida",South Florida,NR,74,Utah State,NR,61,South Florida
1727,2025-12-04-Long Beach State-vs-UCSB-m,2025-12-04,"The Thunderdome, Santa Barbara, California",UCSB,NR,84,Long Beach State,NR,77,UCSB
1728,2025-12-04-Cal Poly-vs-Cal State Fullerton-m,2025-12-04,"Titan Gym, Fullerton, California",Cal State Fullerton,NR,91,Cal Poly,NR,94,Cal Poly
1729,2025-12-04-Cal State Bakersfield-vs-Cal State Northridge-m,2025-12-04,"The Matadome, Northridge, California",Cal State Northridge,NR,87,Cal State Bakersfield,NR,66,Cal State Northridge
1730,2025-12-04-UC-Riverside-vs-UC-Irvine-m,2025-12-04,"Bren Events Center, Irvine, California",UC-Irvine,NR,73,UC-Riverside,NR,60,UC-Irvine
1731,2025-12-05-East Texas A&M-vs-UConn-m,2025-12-05,"Harry A. Gampel Pavilion, Storrs, Connecticut",UConn, 5 ,83,East Texas A&M,NR,59,UConn
1732,2025-12-05-Gonzaga-vs-Kentucky-m,2025-12-05,"Bridgestone Arena, Nashville, Tennessee",Kentucky, 18 ,59,Gonzaga, 11 ,94,Gonzaga
1733,2025-12-05-South Carolina State-vs-Bethune-Cookman-m,2025-12-05,"Moore Gymnasium, Daytona Beach, Florida",Bethune-Cookman,NR,80,South Carolina State,NR,59,Bethune-Cookman
1734,2025-12-05-South Alabama-vs-ETSU-m,2025-12-05,"Freedom Hall Civic Center, Johnson City, Tennessee",ETSU,NR,91,South Alabama,NR,65,ETSU
1735,2025-12-05-UC-Davis-vs-Hawaii-m,2025-12-05,"Stan Sheriff Center, Honolulu, Hawaii",Hawaii,NR,75,UC-Davis,NR,69,Hawaii
1736,2025-12-05-Samford-vs-VCU-m,2025-12-05,"E.J. Wade Arena at Stuart C. Siegel Center, Richmond, Virginia",VCU,NR,83,Samford,NR,57,VCU
1737,2025-12-05-UAB-vs-Drake-m,2025-12-05,"Knapp Center, Des Moines, Iowa",Drake,NR,69,UAB,NR,74,UAB
1738,2025-12-05-San Diego-vs-San Jose State-m,2025-12-05,"San Jose State Event Center, San Jose, California",San Jose State,NR,86,San Diego,NR,69,San Jose State
1739,2025-12-05-Cleary University-vs-Eastern Michigan-m,2025-12-05,"Convocation Center, Ypsilanti, Michigan",Eastern Michigan,NR,86,Cleary University,NR,48,Eastern Michigan
1740,2025-12-05-Bryant-vs-Brown-m,2025-12-05,"Pizzitola Sports Center, Providence, Rhode Island",Brown,NR,75,Bryant,NR,56,Brown
1741,2025-12-05-NJIT-vs-High Point-m,2025-12-05,"Qubein Center, High Point, North Carolina",High Point,NR,89,NJIT,NR,72,High Point
1742,2025-12-05-Quinnipiac-vs-Iona-m,2025-12-05,"Hynes Athletics Center, New Rochelle, New York",Iona,NR,68,Quinnipiac,NR,89,Quinnipiac
1743,2025-12-05-Mercyhurst-vs-Lafayette-m,2025-12-05,"Kirby Sports Center, Easton, Pennsylvania",Lafayette,NR,79,Mercyhurst,NR,71,Lafayette
1744,2025-12-05-Fairfield-vs-Manhattan-m,2025-12-05,"Draddy Gymnasium, Riverdale, New York",Manhattan,NR,70,Fairfield,NR,66,Manhattan
1745,2025-12-05-Mount St. Mary's-vs-Marist-m,2025-12-05,"McCann Recreation Center, Poughkeepsie, New York",Marist,NR,64,Mount St. Mary's,NR,56,Marist
1746,2025-12-05-Northwestern State-vs-McNeese State-m,2025-12-05,"The Legacy Center, Lake Charles, Louisiana",McNeese State,NR,92,Northwestern State,NR,54,McNeese State
1747,2025-12-05-Canisius-vs-St. Peter's-m,2025-12-05,"Yanitelli Center, Jersey City, New Jersey",St. Peter's,NR,69,Canisius,NR,57,St. Peter's
1748,2025-12-05-Niagara-vs-Siena-m,2025-12-05,"MVP Arena, Albany, New York",Siena,NR,83,Niagara,NR,54,Siena
1749,2025-12-05-Christendom-vs-VMI-m,2025-12-05,"Cameron Hall, Lexington, Virginia",VMI,NR,89,Christendom,NR,36,VMI
1750,2025-12-05-Cincinnati-vs-Xavier-m,2025-12-05,"Cintas Center, Cincinnati, Ohio",Xavier,NR,79,Cincinnati,NR,74,Xavier
1751,2025-12-05-Notre Dame-vs-TCU-m,2025-12-05,"Ed & Rae Schollmaier Arena, Fort Worth, Texas",TCU,NR,85,Notre Dame,NR,87,Notre Dame
1752,2025-12-05-Lewis & Clark-vs-Portland-m,2025-12-05,"Chiles Center, Portland, Oregon",Portland,NR,104,Lewis & Clark,NR,87,Portland
1753,2025-12-06-Iowa State-vs-Purdue-m,2025-12-06,"Mackey Arena, West Lafayette, Indiana",Purdue, 1 ,58,Iowa State, 10 ,81,Iowa State
1754,2025-12-06-Auburn-vs-Arizona-m,2025-12-06,"McKale Center, Tucson, Arizona",Arizona, 2 ,97,Auburn, 20 ,68,Arizona
1755,2025-12-06-Rutgers-vs-Michigan-m,2025-12-06,"Crisler Arena, Ann Arbor, Michigan",Michigan, 3 ,101,Rutgers,NR,60,Michigan
1756,2025-12-06-Duke-vs-Michigan State-m,2025-12-06,"Breslin Events Center, East Lansing, Michigan",Michigan State, 7 ,60,Duke, 4 ,66,Duke
1757,2025-12-06-Indiana-vs-Louisville-m,2025-12-06,"Gainbridge Fieldhouse, Indianapolis, Indiana",Louisville, 6 ,87,Indiana, 22 ,78,Louisville
1758,2025-12-06-Florida State-vs-Houston-m,2025-12-06,"Toyota Center, Houston, Texas",Houston, 8 ,82,Florida State,NR,67,Houston
1759,2025-12-06-Illinois-vs-Tennessee-m,2025-12-06,"Bridgestone Arena, Nashville, Tennessee",Tennessee, 13 ,62,Illinois, 14 ,75,Illinois
1760,2025-12-06-Ole Miss-vs-St. John's (NY)-m,2025-12-06,"Madison Square Garden (IV), New York, New York",St. John's (NY), 23 ,63,Ole Miss,NR,58,St. John's (NY)
1761,2025-12-06-Washington-vs-USC-m,2025-12-06,"Galen Center, Los Angeles, California",USC, 24 ,76,Washington,NR,84,Washington
1762,2025-12-06-Fresno State-vs-Arkansas-m,2025-12-06,"Simmons Bank Arena, North Little Rock, Arkansas",Arkansas, 25 ,82,Fresno State,NR,58,Arkansas
1763,2025-12-06-New Haven-vs-Boston College-m,2025-12-06,"Silvio O. Conte Forum, Boston, Massachusetts",Boston College,NR,67,New Haven,NR,63,Boston College
1764,2025-12-06-Albany (NY)-vs-Columbia-m,2025-12-06,"Francis A. Levien Gymnasium, New York, New York",Columbia,NR,93,Albany (NY),NR,65,Columbia
1765,2025-12-06-Delaware-vs-Delaware State-m,2025-12-06,"Memorial Hall, Dover, Delaware",Delaware State,NR,75,Delaware,NR,72,Delaware State
1766,2025-12-06-Stony Brook-vs-Duquesne-m,2025-12-06,"A.J. Palumbo Center, Pittsburgh, Pennsylvania",Duquesne,NR,84,Stony Brook,NR,75,Duquesne
1767,2025-12-06-Indiana University East-vs-Eastern Kentucky-m,2025-12-06,"McBrayer Arena, Richmond, Kentucky",Eastern Kentucky,NR,122,Indiana University East,NR,67,Eastern Kentucky
1768,2025-12-06-Jacksonville-vs-Florida International-m,2025-12-06,"FIU Arena, Miami, Florida",Florida International,NR,88,Jacksonville,NR,65,Florida International
1769,2025-12-06-Harvard-vs-Furman-m,2025-12-06,"Timmons Arena, Greenville, South Carolina",Furman,NR,79,Harvard,NR,69,Furman
1770,2025-12-06-Norfolk State-vs-James Madison-m,2025-12-06,"Atlantic Union Bank Center, Harrisonburg, Virginia",James Madison,NR,68,Norfolk State,NR,67,James Madison
1771,2025-12-06-Coppin State-vs-Liberty-m,2025-12-06,"Liberty Arena, Lynchburg, Virginia",Liberty,NR,92,Coppin State,NR,50,Liberty
1772,2025-12-06-Marshall-vs-Ohio-m,2025-12-06,"Convocation Center, Athens, Ohio",Ohio,NR,88,Marshall,NR,81,Ohio
1773,2025-12-06-Morehead State-vs-Presbyterian-m,2025-12-06,"Templeton Center, Clinton, South Carolina",Presbyterian,NR,80,Morehead State,NR,72,Presbyterian
1774,2025-12-06-Rhode Island-vs-Providence-m,2025-12-06,"Dunkin' Donuts Center, Providence, Rhode Island",Providence,NR,90,Rhode Island,NR,71,Providence
1775,2025-12-06-Old Dominion-vs-Richmond-m,2025-12-06,"Robins Center, Richmond, Virginia",Richmond,NR,86,Old Dominion,NR,77,Richmond
1776,2025-12-06-George Mason-vs-Virginia Tech-m,2025-12-06,"Cassell Coliseum, Blacksburg, Virginia",Virginia Tech,NR,73,George Mason,NR,62,Virginia Tech
1777,2025-12-06-Wake Forest-vs-West Virginia-m,2025-12-06,,West Virginia,NR,66,Wake Forest,NR,75,Wake Forest
1778,2025-12-06-Coastal Carolina-vs-Winthrop-m,2025-12-06,"Winthrop Coliseum, Rock Hill, South Carolina",Winthrop,NR,84,Coastal Carolina,NR,88,Coastal Carolina
1779,2025-12-06-Elon-vs-Wofford-m,2025-12-06,"Richardson Indoor Stadium, Spartanburg, South Carolina",Wofford,NR,52,Elon,NR,73,Elon
1780,2025-12-06-Chicago State-vs-Illinois State-m,2025-12-06,"Redbird Arena, Normal, Illinois",Illinois State,NR,95,Chicago State,NR,53,Illinois State
1781,2025-12-06-Princeton-vs-Loyola (IL)-m,2025-12-06,"Joseph J. Gentile Center, Chicago, Illinois",Loyola (IL),NR,73,Princeton,NR,68,Loyola (IL)
1782,2025-12-06-Bellarmine-vs-Murray State-m,2025-12-06,"CFSB Center, Murray, Kentucky",Murray State,NR,81,Bellarmine,NR,68,Murray State
1783,2025-12-06-Idaho-vs-South Dakota State-m,2025-12-06,"First Bank & Trust Arena, Brookings, South Dakota",South Dakota State,NR,81,Idaho,NR,84,Idaho
1784,2025-12-06-Western Michigan-vs-SIU-Edwardsville-m,2025-12-06,"Sam Vadalabene Center , Edwardsville, Illinois",SIU-Edwardsville,NR,73,Western Michigan,NR,83,Western Michigan
1785,2025-12-06-Sam Houston-vs-Texas Southern-m,2025-12-06,"Health & Physical Education Arena, Houston, Texas",Texas Southern,NR,70,Sam Houston,NR,82,Sam Houston
1786,2025-12-06-LaGrange-vs-Troy-m,2025-12-06,"Trojan Arena, Troy, Alabama",Troy,NR,101,LaGrange,NR,47,Troy
1787,2025-12-06-Marquette-vs-Wisconsin-m,2025-12-06,"Kohl Center, Madison, Wisconsin",Wisconsin,NR,96,Marquette,NR,76,Wisconsin
1788,2025-12-06-Oklahoma-vs-Arizona State-m,2025-12-06,"Mortgage Matchup Center, Phoenix, Arizona",Arizona State,NR,86,Oklahoma,NR,70,Arizona State
1789,2025-12-06-Colorado-vs-Colorado State-m,2025-12-06,"Moby Arena, Fort Collins, Colorado",Colorado State,NR,91,Colorado,NR,86,Colorado State
1790,2025-12-06-Santa Clara-vs-New Mexico-m,2025-12-06,"The Pit, Albuquerque, New Mexico",New Mexico,NR,98,Santa Clara,NR,71,New Mexico
1791,2025-12-06-California Baptist-vs-Utah-m,2025-12-06,"Jon M. Huntsman Center, Salt Lake City, Utah",Utah,NR,91,California Baptist,NR,85,Utah
1792,2025-12-06-Dartmouth-vs-Wyoming-m,2025-12-06,"Arena-Auditorium, Laramie, Wyoming",Wyoming,NR,93,Dartmouth,NR,80,Wyoming
1793,2025-12-06-UC-Riverside-vs-Cal Poly-m,2025-12-06,"Robert A. Mott Athletics Center, San Luis Obispo, California",Cal Poly,NR,84,UC-Riverside,NR,88,UC-Riverside
1794,2025-12-06-Pacific-vs-California-m,2025-12-06,"Haas Pavilion, Berkeley, California",California,NR,67,Pacific,NR,61,California
1795,2025-12-06-Southern Utah-vs-Oregon State-m,2025-12-06,"Gill Coliseum, Corvallis, Oregon",Oregon State,NR,81,Southern Utah,NR,70,Oregon State
1796,2025-12-06-Oregon-vs-UCLA-m,2025-12-06,"Pauley Pavilion, Los Angeles, California",UCLA,NR,74,Oregon,NR,63,UCLA
1797,2025-12-06-UMBC-vs-Bucknell-m,2025-12-06,"Sojka Pavilion, Lewisburg, Pennsylvania",Bucknell,NR,66,UMBC,NR,73,UMBC
1798,2025-12-06-Dayton-vs-Virginia-m,2025-12-06,"Spectrum Center, Charlotte, North Carolina",Virginia,NR,86,Dayton,NR,73,Virginia
1799,2025-12-06-Monmouth-vs-Georgia Tech-m,2025-12-06,"McCamish Pavilion, Atlanta, Georgia",Georgia Tech,NR,79,Monmouth,NR,67,Georgia Tech
1800,2025-12-06-Southern Miss-vs-Miami (FL)-m,2025-12-06,"Watsco Center, Coral Gables, Florida",Miami (FL),NR,88,Southern Miss,NR,64,Miami (FL)
1801,2025-12-06-Utah Valley-vs-Bowling Green-m,2025-12-06,"Stroh Center, Bowling Green, Ohio",Bowling Green,NR,71,Utah Valley,NR,82,Utah Valley
1802,2025-12-06-Bowie State-vs-Howard-m,2025-12-06,"Burr Gymnasium, Washington, District of Columbia",Howard,NR,85,Bowie State,NR,69,Howard
1803,2025-12-06-UNC Asheville-vs-NC State-m,2025-12-06,"Lenovo Center, Raleigh, North Carolina",NC State,NR,75,UNC Asheville,NR,63,NC State
1804,2025-12-06-Bryant & Stratton Albany-vs-Wagner-m,2025-12-06,"Spiro Sports Center, Staten Island, New York",Wagner,NR,92,Bryant & Stratton Albany,NR,36,Wagner
1805,2025-12-06-Maryland-Eastern Shore-vs-American-m,2025-12-06,"Bender Arena, Washington, District of Columbia",American,NR,78,Maryland-Eastern Shore,NR,60,American
1806,2025-12-06-St. Bonaventure-vs-Buffalo-m,2025-12-06,"Alumni Arena, Buffalo, New York",Buffalo,NR,69,St. Bonaventure,NR,77,St. Bonaventure
1807,2025-12-06-Boise State-vs-Butler-m,2025-12-06,"Hinkle Fieldhouse, Indianapolis, Indiana",Butler,NR,68,Boise State,NR,77,Boise State
1808,2025-12-06-Southeast Missouri State-vs-Chattanooga-m,2025-12-06,"The McKenzie Arena, Chattanooga, Tennessee",Chattanooga,NR,70,Southeast Missouri State,NR,74,Southeast Missouri State
1809,2025-12-06-Detroit Mercy-vs-Cleveland State-m,2025-12-06,"Henry J. Goodman Arena, Cleveland, Ohio",Cleveland State,NR,59,Detroit Mercy,NR,71,Detroit Mercy
1810,2025-12-06-St. John Fisher-vs-Colgate-m,2025-12-06,"Cotterell Court, Hamilton, New York",Colgate,NR,94,St. John Fisher,NR,50,Colgate
1811,2025-12-06-Drexel-vs-La Salle-m,2025-12-06,"Xfinity Mobile Arena, Philadelphia, Pennsylvania",La Salle,NR,69,Drexel,NR,64,La Salle
1812,2025-12-06-Holy Cross-vs-Fordham-m,2025-12-06,"Rose Hill Gym, Bronx, New York",Fordham,NR,69,Holy Cross,NR,70,Holy Cross
1813,2025-12-06-Georgia Southern-vs-Gardner-Webb-m,2025-12-06,"Paul Porter Arena, Boiling Springs, North Carolina",Gardner-Webb,NR,84,Georgia Southern,NR,88,Georgia Southern
1814,2025-12-06-Northern Kentucky-vs-Purdue Fort Wayne-m,2025-12-06,"Hilliard Gates Sports Center, Fort Wayne, Indiana",Purdue Fort Wayne,NR,79,Northern Kentucky,NR,77,Purdue Fort Wayne
1815,2025-12-06-Youngstown State-vs-IU Indianapolis-m,2025-12-06,"The Jungle, Indianapolis, Indiana",IU Indianapolis,NR,55,Youngstown State,NR,78,Youngstown State
1816,2025-12-06-LIU-vs-Lehigh-m,2025-12-06,"Stabler Arena, Bethlehem, Pennsylvania",Lehigh,NR,82,LIU,NR,87,LIU
1817,2025-12-06-Ohio State-vs-Northwestern-m,2025-12-06,"Welsh-Ryan Arena, Evanston, Illinois",Northwestern,NR,82,Ohio State,NR,86,Ohio State
1818,2025-12-06-Stetson-vs-South Carolina-m,2025-12-06,"The Colonial Life Arena, Columbia, South Carolina",South Carolina,NR,82,Stetson,NR,51,South Carolina
1819,2025-12-06-Western Carolina-vs-USC Upstate-m,2025-12-06,"G.B. Hodge Center, Spartanburg, South Carolina",USC Upstate,NR,78,Western Carolina,NR,67,USC Upstate
1820,2025-12-06-Tennessee Tech-vs-West Georgia-m,2025-12-06,"The Coliseum, Carrollton, Georgia",West Georgia,NR,59,Tennessee Tech,NR,87,Tennessee Tech
1821,2025-12-06-Hannibal-LaGrange-vs-Western Illinois-m,2025-12-06,"Western Hall, Macomb, Illinois",Western Illinois,NR,78,Hannibal-LaGrange,NR,47,Western Illinois
1822,2025-12-06-Florida Memorial-vs-Florida A&M-m,2025-12-06,"State Farm Field House, Lake Buena Vista, Florida",Florida A&M,NR,60,Florida Memorial,NR,58,Florida A&M
1823,2025-12-06-Georgia State-vs-Kennesaw State-m,2025-12-06,"KSU Convocation Center , Kennesaw, Georgia",Kennesaw State,NR,92,Georgia State,NR,69,Kennesaw State
1824,2025-12-06-Maine-vs-Miami (OH)-m,2025-12-06,"Millett Hall, Oxford, Ohio",Miami (OH),NR,93,Maine,NR,61,Miami (OH)
1825,2025-12-06-Toledo-vs-Oakland-m,2025-12-06,"Athletics Center O'rena, Rochester, Michigan",Oakland,NR,98,Toledo,NR,97,Oakland
1826,2025-12-06-Missouri State-vs-Tulsa-m,2025-12-06,"Donald W. Reynolds Center, Tulsa, Oklahoma",Tulsa,NR,98,Missouri State,NR,74,Tulsa
1827,2025-12-06-Calumet College-vs-Valparaiso-m,2025-12-06,"AthleticsâRecreation Center, Valparaiso, Indiana",Valparaiso,NR,98,Calumet College,NR,58,Valparaiso
1828,2025-12-06-New Mexico State-vs-Abilene Christian-m,2025-12-06,"Moody Coliseum , Abilene, Texas",Abilene Christian,NR,77,New Mexico State,NR,69,Abilene Christian
1829,2025-12-06-Le Moyne-vs-Binghamton-m,2025-12-06,"Events Center, Binghamton, New York",Binghamton,NR,63,Le Moyne,NR,78,Le Moyne
1830,2025-12-06-UNC Greensboro-vs-East Carolina-m,2025-12-06,"Williams Arena at Minges Coliseum, Greenville, North Carolina",East Carolina,NR,78,UNC Greensboro,NR,82,UNC Greensboro
1831,2025-12-06-Maryland-vs-Iowa-m,2025-12-06,"Carver-Hawkeye Arena, Iowa City, Iowa",Iowa,NR,83,Maryland,NR,64,Iowa
1832,2025-12-06-Seton Hall-vs-Kansas State-m,2025-12-06,"Bramlage Coliseum, Manhattan, Kansas",Kansas State,NR,67,Seton Hall,NR,78,Seton Hall
1833,2025-12-06-Roberts Wesleyan-vs-Kent State-m,2025-12-06,"Memorial Athletic & Convocation Center, Kent, Ohio",Kent State,NR,111,Roberts Wesleyan,NR,68,Kent State
1834,2025-12-06-UNC Wilmington-vs-Louisiana-m,2025-12-06,"Cajundome, Lafayette, Louisiana",Louisiana,NR,63,UNC Wilmington,NR,70,UNC Wilmington
1835,2025-12-06-UMass-Lowell-vs-UMass-m,2025-12-06,"Mullins Center, Amherst, Massachusetts",UMass,NR,80,UMass-Lowell,NR,60,UMass
1836,2025-12-06-Baylor-vs-Memphis-m,2025-12-06,"FedExForum, Memphis, Tennessee",Memphis,NR,78,Baylor,NR,71,Memphis
1837,2025-12-06-Longwood-vs-Morgan State-m,2025-12-06,"Hill Field House, Baltimore, Maryland",Morgan State,NR,80,Longwood,NR,84,Longwood
1838,2025-12-06-Incarnate Word-vs-Nicholls State-m,2025-12-06,"David Stopher Gymnasium, Thibodaux, Louisiana",Nicholls State,NR,74,Incarnate Word,NR,67,Nicholls State
1839,2025-12-06-North Carolina A&T-vs-North Carolina Central-m,2025-12-06,"McLendon-McDougald Gym, Durham, North Carolina",North Carolina Central,NR,54,North Carolina A&T,NR,69,North Carolina A&T
1840,2025-12-06-Champion Christian-vs-Prairie View-m,2025-12-06,"William J. Nicks Building, Prairie View, Texas",Prairie View,NR,124,Champion Christian,NR,62,Prairie View
1841,2025-12-06-St. Joseph's-vs-Temple-m,2025-12-06,"Xfinity Mobile Arena, Philadelphia, Pennsylvania",Temple,NR,69,St. Joseph's,NR,70,St. Joseph's
1842,2025-12-06-Akron-vs-Tulane-m,2025-12-06,"Devlin Fieldhouse, New Orleans, Louisiana",Tulane,NR,71,Akron,NR,88,Akron
1843,2025-12-06-Evansville-vs-Western Kentucky-m,2025-12-06,"E.A. Diddle Arena, Bowling Green, Kentucky",Western Kentucky,NR,80,Evansville,NR,79,Western Kentucky
1844,2025-12-06-Elms-vs-Brown-m,2025-12-06,"Pizzitola Sports Center, Providence, Rhode Island",Brown,NR,115,Elms,NR,34,Brown
1845,2025-12-06-Kansas City-vs-Eastern Washington-m,2025-12-06,"Reese Court, Cheney, Washington",Eastern Washington,NR,90,Kansas City,NR,66,Eastern Washington
1846,2025-12-06-Vermont-vs-Pepperdine-m,2025-12-06,"Firestone Fieldhouse, Malibu, California",Pepperdine,NR,56,Vermont,NR,65,Vermont
1847,2025-12-06-William & Mary-vs-George Washington-m,2025-12-06,"Charles E. Smith Center, Washington, District of Columbia",George Washington,NR,99,William & Mary,NR,86,George Washington
1848,2025-12-06-Denver-vs-Idaho State-m,2025-12-06,"Reed Gym, Pocatello, Idaho",Idaho State,NR,93,Denver,NR,79,Idaho State
1849,2025-12-06-Houston Christian-vs-New Orleans-m,2025-12-06,"Kiefer Lakefront Arena, New Orleans , Louisiana",New Orleans,NR,76,Houston Christian,NR,85,Houston Christian
1850,2025-12-06-Oklahoma State-vs-Grand Canyon-m,2025-12-06,"Mortgage Matchup Center, Phoenix, Arizona",Grand Canyon,NR,78,Oklahoma State,NR,84,Oklahoma State
1851,2025-12-06-Texas A&M-Corpus Christi-vs-Lamar-m,2025-12-06,"Montagne Center, Beaumont, Texas",Lamar,NR,49,Texas A&M-Corpus Christi,NR,57,Texas A&M-Corpus Christi
1852,2025-12-06-Boston University-vs-New Hampshire-m,2025-12-06,"Lundholm Gymnasium, Durham, New Hampshire",New Hampshire,NR,88,Boston University,NR,82,New Hampshire
1853,2025-12-06-Penn-vs-Villanova-m,2025-12-06,"Xfinity Mobile Arena, Philadelphia, Pennsylvania",Villanova,NR,90,Penn,NR,63,Villanova
1854,2025-12-06-Northern Illinois-vs-Bradley-m,2025-12-06,"Carver Arena, Peoria, Illinois",Bradley,NR,84,Northern Illinois,NR,55,Bradley
1855,2025-12-06-Lindenwood-vs-Eastern Illinois-m,2025-12-06,"Lantz Arena, Charleston, Illinois",Eastern Illinois,NR,74,Lindenwood,NR,82,Lindenwood
1856,2025-12-06-Robert Morris-vs-Milwaukee-m,2025-12-06,"UW-Milwaukee Panther Arena, Milwaukee, Wisconsin",Milwaukee,NR,74,Robert Morris,NR,72,Milwaukee
1857,2025-12-06-Montana-vs-North Dakota-m,2025-12-06,"Betty Engelstad Sioux Center , Grand Forks, North Dakota",North Dakota,NR,75,Montana,NR,79,Montana
1858,2025-12-06-Northern Arizona-vs-North Dakota State-m,2025-12-06,"Scheels Center, Fargo, North Dakota",North Dakota State,NR,69,Northern Arizona,NR,68,North Dakota State
1859,2025-12-06-South Dakota-vs-Northern Colorado-m,2025-12-06,"Bank of Colorado Arena, Greeley, Colorado",Northern Colorado,NR,89,South Dakota,NR,87,Northern Colorado
1860,2025-12-06-Wichita State-vs-Northern Iowa-m,2025-12-06,"McLeod Center, Cedar Falls, Iowa",Northern Iowa,NR,69,Wichita State,NR,74,Wichita State
1861,2025-12-06-Montana State-vs-Oral Roberts-m,2025-12-06,"Mabee Center, Tulsa, Oklahoma",Oral Roberts,NR,72,Montana State,NR,68,Oral Roberts
1862,2025-12-06-Arkansas State-vs-Little Rock-m,2025-12-06,"Jack Stephens Center, Little Rock, Arkansas",Little Rock,NR,78,Arkansas State,NR,90,Arkansas State
1863,2025-12-06-Cal State Bakersfield-vs-UCSB-m,2025-12-06,"The Thunderdome, Santa Barbara, California",UCSB,NR,109,Cal State Bakersfield,NR,84,UCSB
1864,2025-12-06-Arkansas-Pine Bluff-vs-DePaul-m,2025-12-06,"Wintrust Arena, Chicago, Illinois",DePaul,NR,76,Arkansas-Pine Bluff,NR,72,DePaul
1865,2025-12-06-UC-San Diego-vs-Long Beach State-m,2025-12-06,"The Walter Pyramid, Long Beach, California",Long Beach State,NR,74,UC-San Diego,NR,80,UC-San Diego
1866,2025-12-06-Cal State Northridge-vs-UC-Irvine-m,2025-12-06,"Bren Events Center, Irvine, California",UC-Irvine,NR,85,Cal State Northridge,NR,71,UC-Irvine
1867,2025-12-06-Omaha-vs-Portland State-m,2025-12-06,"Peter W. Stott Center, Portland, Oregon",Portland State,NR,55,Omaha,NR,60,Omaha
1868,2025-12-07-North Florida-vs-Gonzaga-m,2025-12-07,"McCarthey Athletic Center, Spokane, Washington",Gonzaga, 11 ,109,North Florida,NR,58,Gonzaga
1869,2025-12-07-UTSA-vs-Alabama-m,2025-12-07,"Coleman Coliseum , Tuscaloosa, Alabama",Alabama, 12 ,97,UTSA,NR,55,Alabama
1870,2025-12-07-Georgetown-vs-UNC-m,2025-12-07,"Dean Smith Center, Chapel Hill, North Carolina",UNC, 16 ,81,Georgetown,NR,61,UNC
1871,2025-12-07-LSU-vs-Texas Tech-m,2025-12-07,"Dickies Arena, Fort Worth, Texas",Texas Tech, 19 ,82,LSU,NR,58,Texas Tech
1872,2025-12-07-Missouri-vs-Kansas-m,2025-12-07,,Kansas, 21 ,80,Missouri,NR,60,Kansas
1873,2025-12-07-Towson-vs-UCF-m,2025-12-07,"CFE Arena, Orlando, Florida",UCF,NR,86,Towson,NR,61,UCF
1874,2025-12-07-Tusculum-vs-ETSU-m,2025-12-07,"Freedom Hall Civic Center, Johnson City, Tennessee",ETSU,NR,78,Tusculum,NR,62,ETSU
1875,2025-12-07-Cal State Fullerton-vs-Hawaii-m,2025-12-07,"Stan Sheriff Center, Honolulu, Hawaii",Hawaii,NR,69,Cal State Fullerton,NR,59,Hawaii
1876,2025-12-07-Hofstra-vs-Pitt-m,2025-12-07,"Petersen Events Center, Pittsburgh, Pennsylvania",Pitt,NR,73,Hofstra,NR,80,Hofstra
1877,2025-12-07-Iona-vs-Sacred Heart-m,2025-12-07,"William H. Pitt Center, Fairfield, Connecticut",Sacred Heart,NR,69,Iona,NR,81,Iona
1878,2025-12-07-Green Bay-vs-Wright State-m,2025-12-07,"Ervin J. Nutter Center, Dayton, Ohio",Wright State,NR,86,Green Bay,NR,58,Wright State
1879,2025-12-07-Alabama A&M-vs-Lipscomb-m,2025-12-07,"Allen Arena, Nashville, Tennessee",Lipscomb,NR,92,Alabama A&M,NR,58,Lipscomb
1880,2025-12-07-Belmont-vs-Middle Tennessee-m,2025-12-07,"Murphy Athletic Center, Murfreesboro, Tennessee",Middle Tennessee,NR,62,Belmont,NR,83,Belmont
1881,2025-12-07-Austin Peay-vs-Texas-Rio Grande Valley-m,2025-12-07,"UTRGV Fieldhouse, Edinburg, Texas",Texas-Rio Grande Valley,NR,63,Austin Peay,NR,50,Texas-Rio Grande Valley
1882,2025-12-07-Gallaudet-vs-Army-m,2025-12-07,"Christl Arena, West Point, New York",Army,NR,111,Gallaudet,NR,53,Army
1883,2025-12-07-Fairfield-vs-Merrimack-m,2025-12-07,"Hammel Court, North Andover, Massachusetts",Merrimack,NR,74,Fairfield,NR,63,Merrimack
1884,2025-12-07-Air Force-vs-Navy-m,2025-12-07,"Alumni Hall, Annapolis, Maryland",Navy,NR,61,Air Force,NR,56,Navy
1885,2025-12-07-Southern Indiana-vs-Indiana State-m,2025-12-07,"Hulman Center, Terre Haute, Indiana",Indiana State,NR,77,Southern Indiana,NR,55,Indiana State
1886,2025-12-07-Central Connecticut-vs-Northeastern-m,2025-12-07,,Northeastern,NR,73,Central Connecticut,NR,56,Northeastern
1887,2025-12-07-Weber State-vs-St. Thomas-m,2025-12-07,,St. Thomas,NR,88,Weber State,NR,65,St. Thomas
1888,2025-12-07-Utah State-vs-Charlotte-m,2025-12-07,"Dale F. Halton Arena, Charlotte, North Carolina",Charlotte,NR,53,Utah State,NR,79,Utah State
1889,2025-12-07-Saint Mary's-vs-Davidson-m,2025-12-07,"Belk Arena, Davidson, North Carolina",Davidson,NR,61,Saint Mary's,NR,70,Saint Mary's
1890,2025-12-07-Florida Atlantic-vs-Florida Gulf Coast-m,2025-12-07,"Alico Arena, Fort Myers, Florida",Florida Gulf Coast,NR,76,Florida Atlantic,NR,81,Florida Atlantic
1891,2025-12-07-Manhattan-vs-Marist-m,2025-12-07,"McCann Recreation Center, Poughkeepsie, New York",Marist,NR,80,Manhattan,NR,68,Marist
1892,2025-12-07-Oglethorpe-vs-Mercer-m,2025-12-07,"University Center, Hammond, Louisiana",Mercer,NR,100,Oglethorpe,NR,50,Mercer
1893,2025-12-07-Bethany (WV)-vs-Mercyhurst-m,2025-12-07,"Mercyhurst Athletic Center, Erie, Pennsylvania",Mercyhurst,NR,80,Bethany (WV),NR,51,Mercyhurst
1894,2025-12-07-Rider-vs-Quinnipiac-m,2025-12-07,"M&T Bank Arena, Hamden, Connecticut",Quinnipiac,NR,72,Rider,NR,58,Quinnipiac
1895,2025-12-07-Saint Francis (PA)-vs-Radford-m,2025-12-07,"Donald N. Dedmon Center, Radford, Virginia",Radford,NR,89,Saint Francis (PA),NR,56,Radford
1896,2025-12-07-Niagara-vs-St. Peter's-m,2025-12-07,"Yanitelli Center, Jersey City, New Jersey",St. Peter's,NR,71,Niagara,NR,43,St. Peter's
1897,2025-12-07-Canisius-vs-Siena-m,2025-12-07,"MVP Arena, Albany, New York",Siena,NR,74,Canisius,NR,52,Siena
1898,2025-12-07-UIC-vs-Yale-m,2025-12-07,"John J. Lee Ampitheater, New Haven, Connecticut",Yale,NR,80,UIC,NR,66,Yale
1899,2025-12-07-Ecclesia-vs-Louisiana Tech-m,2025-12-07,"Thomas Assembly Center, Ruston, Louisiana",Louisiana Tech,NR,89,Ecclesia,NR,37,Louisiana Tech
1900,2025-12-07-Central Michigan-vs-Saint Louis-m,2025-12-07,"Chaifetz Arena, St. Louis, Missouri",Saint Louis,NR,107,Central Michigan,NR,65,Saint Louis
1901,2025-12-07-Louisiana-Monroe-vs-Stephen F. Austin-m,2025-12-07,"William Johnson Coliseum, Nacogdoches, Texas",Stephen F. Austin,NR,96,Louisiana-Monroe,NR,76,Stephen F. Austin
1902,2025-12-07-Alabama State-vs-UT-Martin-m,2025-12-07,"Skyhawk Arena, Martin, Tennessee",UT-Martin,NR,74,Alabama State,NR,64,UT-Martin
1903,2025-12-07-Aquinas-vs-Bowling Green-m,2025-12-07,"Stroh Center, Bowling Green, Ohio",Bowling Green,NR,131,Aquinas,NR,50,Bowling Green
1904,2025-12-07-Virginia University of Lynchburg-vs-Campbell-m,2025-12-07,"John W. Pope Jr. Convocation Center, Buies Creek, North Carolina",Campbell,NR,149,Virginia University of Lynchburg,NR,62,Campbell
1905,2025-12-07-San Francisco-vs-Mississippi State-m,2025-12-07,"Cadence Bank Arena, Tupelo, Mississippi",Mississippi State,NR,62,San Francisco,NR,65,San Francisco
1906,2025-12-07-Northwestern State-vs-Southeastern Louisiana-m,2025-12-07,"University Center, Hammond, Louisiana",Southeastern Louisiana,NR,68,Northwestern State,NR,76,Northwestern State
1907,2025-12-07-UNLV-vs-Stanford-m,2025-12-07,"Maples Pavilion, Stanford, California",Stanford,NR,74,UNLV,NR,75,UNLV
1908,2025-12-07-Auburn Montgomery-vs-Jacksonville State-m,2025-12-07,"Pete Mathews Coliseum, Jacksonville, Alabama",Jacksonville State,NR,66,Auburn Montgomery,NR,39,Jacksonville State
1909,2025-12-07-Creighton-vs-Nebraska-m,2025-12-07,"Pinnacle Bank Arena, Lincoln, Nebraska",Nebraska,NR,71,Creighton,NR,50,Nebraska
1910,2025-12-07-TCU-vs-North Texas-m,2025-12-07,"Dickies Arena, Fort Worth, Texas",North Texas,NR,55,TCU,NR,65,TCU
1911,2025-12-07-Texas A&M-vs-SMU-m,2025-12-07,"College Park Center, Arlington, Texas",SMU,NR,93,Texas A&M,NR,80,SMU
1912,2025-12-07-Cameron-vs-Tarleton State-m,2025-12-07,,Tarleton State,NR,93,Cameron,NR,63,Tarleton State
1913,2025-12-07-Nevada-vs-Washington State-m,2025-12-07,"Friel Court at Beasley Coliseum, Pullman, Washington",Washington State,NR,64,Nevada,NR,78,Nevada
1914,2025-12-07-Central Arkansas-vs-East Texas A&M-m,2025-12-07,"Texas A&MâCommerce Field House, Commerce, Texas",East Texas A&M,NR,75,Central Arkansas,NR,68,East Texas A&M
1915,2025-12-07-Cornell-vs-Samford-m,2025-12-07,"Pete Hanna Center, Birmingham, Alabama",Samford,NR,93,Cornell,NR,90,Samford
1916,2025-12-07-UTEP-vs-Seattle-m,2025-12-07,"Climate Pledge Arena, Seattle, Washington",Seattle,NR,75,UTEP,NR,68,Seattle
1917,2025-12-08-Southern Wesleyan-vs-Kennesaw State-m,2025-12-08,"KSU Convocation Center , Kennesaw, Georgia",Kennesaw State,NR,121,Southern Wesleyan,NR,66,Kennesaw State
1918,2025-12-08-Lafayette-vs-Penn-m,2025-12-08,"The Palestra, Philadelphia, Pennsylvania",Penn,NR,74,Lafayette,NR,72,Penn
1919,2025-12-08-South Carolina State-vs-Charleston Southern-m,2025-12-08,"Buccaneer Fieldhouse, Charleston, South Carolina",Charleston Southern,NR,84,South Carolina State,NR,44,Charleston Southern
1920,2025-12-08-Mississippi Valley State-vs-Kansas State-m,2025-12-08,"Bramlage Coliseum, Manhattan, Kansas",Kansas State,NR,108,Mississippi Valley State,NR,49,Kansas State
1921,2025-12-08-Incarnate Word-vs-New Orleans-m,2025-12-08,"Kiefer Lakefront Arena, New Orleans , Louisiana",New Orleans,NR,84,Incarnate Word,NR,83,New Orleans
1922,2025-12-08-Grambling-vs-Southern Miss-m,2025-12-08,"Reed Green Coliseum, Hattiesburg, Mississippi",Southern Miss,NR,68,Grambling,NR,60,Southern Miss
1923,2025-12-08-Southern-vs-Texas-m,2025-12-08,"Moody Center, Austin, Texas",Texas,NR,95,Southern,NR,69,Texas
1924,2025-12-09-Villanova-vs-Michigan-m,2025-12-09,"Crisler Arena, Ann Arbor, Michigan",Michigan, 2 ,89,Villanova,NR,61,Michigan
1925,2025-12-09-Florida-vs-UConn-m,2025-12-09,"Madison Square Garden (IV), New York, New York",UConn, 5 ,77,Florida, 18 ,73,UConn
1926,2025-12-09-Clemson-vs-BYU-m,2025-12-09,"Madison Square Garden (IV), New York, New York",BYU, 10 ,67,Clemson,NR,64,BYU
1927,2025-12-09-Illinois-vs-Ohio State-m,2025-12-09,"Value City Arena, Columbus, Ohio",Ohio State,NR,80,Illinois, 13 ,88,Illinois
1928,2025-12-09-Maryland-Eastern Shore-vs-Virginia-m,2025-12-09,"John Paul Jones Arena, Charlottesville, Virginia",Virginia, 24 ,84,Maryland-Eastern Shore,NR,60,Virginia
1929,2025-12-09-Bob Jones University-vs-Furman-m,2025-12-09,"Timmons Arena, Greenville, South Carolina",Furman,NR,105,Bob Jones University,NR,57,Furman
1930,2025-12-09-Regis (MA)-vs-Holy Cross-m,2025-12-09,"Hart Center Arena, Worcester, Massachusetts",Holy Cross,NR,69,Regis (MA),NR,47,Holy Cross
1931,2025-12-09-North Carolina A&T-vs-Howard-m,2025-12-09,"Cameron Indoor Stadium, Durham, North Carolina",Howard,NR,73,North Carolina A&T,NR,69,Howard
1932,2025-12-09-Penn State-vs-Indiana-m,2025-12-09,"Assembly Hall, Bloomington, Indiana",Indiana,NR,113,Penn State,NR,72,Indiana
1933,2025-12-09-Brown-vs-Providence-m,2025-12-09,"Dunkin' Donuts Center, Providence, Rhode Island",Providence,NR,86,Brown,NR,79,Providence
1934,2025-12-09-Georgian Court-vs-Temple-m,2025-12-09,"Liacouras Center, Philadelphia, Pennsylvania",Temple,NR,103,Georgian Court,NR,57,Temple
1935,2025-12-09-Little Rock-vs-West Virginia-m,2025-12-09,"WVU Coliseum, Morgantown, West Virginia",West Virginia,NR,90,Little Rock,NR,58,West Virginia
1936,2025-12-09-Dartmouth-vs-Colorado State-m,2025-12-09,"Moby Arena, Fort Collins, Colorado",Colorado State,NR,76,Dartmouth,NR,55,Colorado State
1937,2025-12-09-South Dakota-vs-Wyoming-m,2025-12-09,"Arena-Auditorium, Laramie, Wyoming",Wyoming,NR,106,South Dakota,NR,79,Wyoming
1938,2025-12-09-Dominican (CA)-vs-California-m,2025-12-09,"Haas Pavilion, Berkeley, California",California,NR,93,Dominican (CA),NR,71,California
1939,2025-12-09-USC-vs-San Diego-m,2025-12-09,"Jenny Craig Pavillion, San Diego, California",San Diego,NR,81,USC,NR,94,USC
1940,2025-12-09-Long Beach State-vs-San Jose State-m,2025-12-09,"San Jose State Event Center, San Jose, California",San Jose State,NR,89,Long Beach State,NR,83,San Jose State
1941,2025-12-09-Arkansas Baptist-vs-Louisiana-Monroe-m,2025-12-09,"Fant-Ewing Coliseum, Monroe, Louisiana",Louisiana-Monroe,NR,79,Arkansas Baptist,NR,69,Louisiana-Monroe
1942,2025-12-09-Buffalo-vs-UMBC-m,2025-12-09,"UMBC Event Center, Baltimore, Maryland",UMBC,NR,79,Buffalo,NR,83,Buffalo
1943,2025-12-09-Loyola (MD)-vs-VMI-m,2025-12-09,"Cameron Hall, Lexington, Virginia",VMI,NR,86,Loyola (MD),NR,70,VMI
1944,2025-12-09-Toccoa Falls-vs-Winthrop-m,2025-12-09,"Winthrop Coliseum, Rock Hill, South Carolina",Winthrop,NR,111,Toccoa Falls,NR,62,Winthrop
1945,2025-12-09-South Dakota State-vs-Ball State-m,2025-12-09,"Worthen Arena, Muncie, Indiana",Ball State,NR,64,South Dakota State,NR,68,South Dakota State
1946,2025-12-09-Oakwood-vs-Chattanooga-m,2025-12-09,"The McKenzie Arena, Chattanooga, Tennessee",Chattanooga,NR,103,Oakwood,NR,46,Chattanooga
1947,2025-12-09-Southern Wesleyan-vs-The Citadel-m,2025-12-09,"McAlister Field House, Charleston, South Carolina",The Citadel,NR,98,Southern Wesleyan,NR,73,The Citadel
1948,2025-12-09-North Carolina Central-vs-Kentucky-m,2025-12-09,"Rupp Arena, Lexington, Kentucky",Kentucky,NR,103,North Carolina Central,NR,67,Kentucky
1949,2025-12-09-Culver-Stockton-vs-Lindenwood-m,2025-12-09,"Hyland Performance Arena, Saint Charles, Missouri",Lindenwood,NR,110,Culver-Stockton,NR,44,Lindenwood
1950,2025-12-09-Brescia-vs-Northern Kentucky-m,2025-12-09,"Bank of Kentucky Center, Highland Heights, Kentucky",Northern Kentucky,NR,92,Brescia,NR,53,Northern Kentucky
1951,2025-12-09-McNeese State-vs-Rhode Island-m,2025-12-09,"Thomas M. Ryan Center, Kingston, Rhode Island",Rhode Island,NR,64,McNeese State,NR,66,McNeese State
1952,2025-12-09-Bucknell-vs-Rider-m,2025-12-09,"Alumni Gymnasium, Lawrenceville, New Jersey",Rider,NR,38,Bucknell,NR,51,Bucknell
1953,2025-12-09-Coppin State-vs-St. Joseph's-m,2025-12-09,"Hagan Arena, Philadelphia, Pennsylvania",St. Joseph's,NR,87,Coppin State,NR,65,St. Joseph's
1954,2025-12-09-Columbia-vs-Stony Brook-m,2025-12-09,"Island Federal Credit Union, Stony Brook, New York",Stony Brook,NR,77,Columbia,NR,73,Stony Brook
1955,2025-12-09-Morgan State-vs-DePaul-m,2025-12-09,"Wintrust Arena, Chicago, Illinois",DePaul,NR,92,Morgan State,NR,49,DePaul
1956,2025-12-09-Doane College-vs-Omaha-m,2025-12-09,"Baxter Arena, Omaha, Nebraska",Omaha,NR,79,Doane College,NR,70,Omaha
1957,2025-12-09-Northern Arizona-vs-Arizona State-m,2025-12-09,"Desert Financial Arena, Tempe, Arizona",Arizona State,NR,73,Northern Arizona,NR,48,Arizona State
1958,2025-12-09-Colorado Christian-vs-Denver-m,2025-12-09,"Hamilton Gymnasium, Denver, Colorado",Denver,NR,95,Colorado Christian,NR,59,Denver
1959,2025-12-10-Minnesota-vs-Purdue-m,2025-12-10,"Mackey Arena, West Lafayette, Indiana",Purdue, 6 ,85,Minnesota,NR,57,Purdue
1960,2025-12-10-Jackson State-vs-Houston-m,2025-12-10,"Hofheinz Pavilion, Houston, Texas",Houston, 7 ,80,Jackson State,NR,38,Houston
1961,2025-12-10-Wisconsin-vs-Nebraska-m,2025-12-10,"Pinnacle Bank Arena, Lincoln, Nebraska",Nebraska, 23 ,90,Wisconsin,NR,60,Nebraska
1962,2025-12-10-Maine-vs-Boston University-m,2025-12-10,"Case Gym, Boston, Massachusetts",Boston University,NR,59,Maine,NR,69,Maine
1963,2025-12-10-Colgate-vs-St. Bonaventure-m,2025-12-10,"Reilly Center, St. Bonaventure, New York",St. Bonaventure,NR,85,Colgate,NR,77,St. Bonaventure
1964,2025-12-10-New Mexico-vs-VCU-m,2025-12-10,"E.J. Wade Arena at Stuart C. Siegel Center, Richmond, Virginia",VCU,NR,78,New Mexico,NR,81,New Mexico
1965,2025-12-10-Weber State-vs-Kansas City-m,2025-12-10,"Swinney Recreation Center, Kansas City, Missouri",Kansas City,NR,60,Weber State,NR,64,Weber State
1966,2025-12-10-UT-Martin-vs-Southern Illinois-m,2025-12-10,"The SIU Arena, Carbondale, Illinois",Southern Illinois,NR,83,UT-Martin,NR,54,Southern Illinois
1967,2025-12-10-Duquesne-vs-Boise State-m,2025-12-10,"ExtraMile Arena, Boise, Idaho",Boise State,NR,86,Duquesne,NR,64,Boise State
1968,2025-12-10-Lamar-vs-San Diego State-m,2025-12-10,"Viejas Arena, San Diego, California",San Diego State,NR,89,Lamar,NR,71,San Diego State
1969,2025-12-10-Norfolk State-vs-Baylor-m,2025-12-10,"Foster Pavilion, Waco, Texas",Baylor,NR,97,Norfolk State,NR,67,Baylor
1970,2025-12-10-Albany (NY)-vs-Yale-m,2025-12-10,"MassMutual Center, Springfield, Massachusetts",Yale,NR,93,Albany (NY),NR,82,Yale
1971,2025-12-10-Merrimack-vs-Princeton-m,2025-12-10,"Jadwin Gymnasium, Princeton, New Jersey",Princeton,NR,56,Merrimack,NR,59,Merrimack
1972,2025-12-10-Fisher College-vs-UMass-Lowell-m,2025-12-10,"Costello Athletic Center, Lowell, Massachusetts",UMass-Lowell,NR,122,Fisher College,NR,73,UMass-Lowell
1973,2025-12-10-Miami (OH)-vs-UNC Asheville-m,2025-12-10,"Kimmel Arena, Asheville, North Carolina",UNC Asheville,NR,87,Miami (OH),NR,90,Miami (OH)
1974,2025-12-10-Saint Leo-vs-Florida Atlantic-m,2025-12-10,"FAU Arena, Boca Raton, Florida",Florida Atlantic,NR,112,Saint Leo,NR,55,Florida Atlantic
1975,2025-12-10-FDU-vs-Fordham-m,2025-12-10,"Rose Hill Gym, Bronx, New York",Fordham,NR,75,FDU,NR,54,Fordham
1976,2025-12-10-Delaware-vs-George Washington-m,2025-12-10,"Charles E. Smith Center, Washington, District of Columbia",George Washington,NR,58,Delaware,NR,70,Delaware
1977,2025-12-10-Old Westbury-vs-Hofstra-m,2025-12-10,"Mack Sports Complex, Hempstead, New York",Hofstra,NR,92,Old Westbury,NR,23,Hofstra
1978,2025-12-10-Bryant-vs-Iona-m,2025-12-10,"Hynes Athletics Center, New Rochelle, New York",Iona,NR,69,Bryant,NR,63,Iona
1979,2025-12-10-Western Kentucky-vs-Marshall-m,2025-12-10,"Henderson Center, Huntington, West Virginia",Marshall,NR,77,Western Kentucky,NR,61,Marshall
1980,2025-12-10-Boston College-vs-UMass-m,2025-12-10,"MassMutual Center, Springfield, Massachusetts",UMass,NR,76,Boston College,NR,74,UMass
1981,2025-12-10-College of Biblical Studies-vs-Nicholls State-m,2025-12-10,"David Stopher Gymnasium, Thibodaux, Louisiana",Nicholls State,NR,117,College of Biblical Studies,NR,49,Nicholls State
1982,2025-12-10-New Haven-vs-NJIT-m,2025-12-10,"Joel and Diane Bloom Wellness and Events Center, Newark, New Jersey",NJIT,NR,70,New Haven,NR,64,NJIT
1983,2025-12-10-Liberty-vs-NC State-m,2025-12-10,"Lenovo Center, Raleigh, North Carolina",NC State,NR,85,Liberty,NR,45,NC State
1984,2025-12-10-Idaho-vs-Notre Dame-m,2025-12-10,"Purcell Pavilion at the Joyce Center, South Bend, Indiana",Notre Dame,NR,80,Idaho,NR,65,Notre Dame
1985,2025-12-10-College of Charleston-vs-South Florida-m,2025-12-10,"Yuengling Center, Tampa, Florida",South Florida,NR,81,College of Charleston,NR,75,South Florida
1986,2025-12-10-Tougaloo-vs-Tulane-m,2025-12-10,"Devlin Fieldhouse, New Orleans, Louisiana",Tulane,NR,84,Tougaloo,NR,72,Tulane
1987,2025-12-10-Eastern Kentucky-vs-Eastern Illinois-m,2025-12-10,"Lantz Arena, Charleston, Illinois",Eastern Illinois,NR,59,Eastern Kentucky,NR,68,Eastern Kentucky
1988,2025-12-10-Eastern Michigan-vs-Purdue Fort Wayne-m,2025-12-10,"Allen County War Memorial Coliseum, Fort Wayne, Indiana",Purdue Fort Wayne,NR,80,Eastern Michigan,NR,65,Purdue Fort Wayne
1989,2025-12-10-Crown (MN)-vs-North Dakota-m,2025-12-10,"Betty Engelstad Sioux Center , Grand Forks, North Dakota",North Dakota,NR,89,Crown (MN),NR,43,North Dakota
1990,2025-12-10-Southern-vs-Texas State-m,2025-12-10,"Strahan Coliseum, San Marcos, Texas",Texas State,NR,86,Southern,NR,83,Texas State
1991,2025-12-10-Arkansas-Pine Bluff-vs-Tulsa-m,2025-12-10,"Donald W. Reynolds Center, Tulsa, Oklahoma",Tulsa,NR,117,Arkansas-Pine Bluff,NR,84,Tulsa
1992,2025-12-10-Idaho State-vs-Utah Valley-m,2025-12-10,"UCCU Center, Orem, Utah",Utah Valley,NR,73,Idaho State,NR,69,Utah Valley
1993,2025-12-10-Salish Kootenai-vs-Montana-m,2025-12-10,"Adams Center/Dahlberg Arena, Missoula, Montana",Montana,NR,102,Salish Kootenai,NR,46,Montana
1994,2025-12-10-Bethesda University (CA)-vs-Cal State Fullerton-m,2025-12-10,"Titan Gym, Fullerton, California",Cal State Fullerton,NR,116,Bethesda University (CA),NR,66,Cal State Fullerton
1995,2025-12-10-Fresno State-vs-Cal State Northridge-m,2025-12-10,"The Matadome, Northridge, California",Cal State Northridge,NR,89,Fresno State,NR,87,Cal State Northridge
1996,2025-12-11-Iowa-vs-Iowa State-m,2025-12-11,"James H. Hilton Coliseum , Ames, Iowa",Iowa State, 4 ,66,Iowa,NR,62,Iowa State
1997,2025-12-11-Hawaii-Hilo-vs-Hawaii-m,2025-12-11,"Stan Sheriff Center, Honolulu, Hawaii",Hawaii,NR,98,Hawaii-Hilo,NR,46,Hawaii
1998,2025-12-11-Trinity Christian-vs-Jacksonville-m,2025-12-11,"Swisher Gymnasium, Jacksonville, Florida",Jacksonville,NR,122,Trinity Christian,NR,49,Jacksonville
1999,2025-12-11-St. Joseph's-vs-Syracuse-m,2025-12-11,"JMA Wireless Dome, Syracuse, New York",Syracuse,NR,71,St. Joseph's,NR,63,Syracuse
2000,2025-12-11-Western Carolina-vs-Virginia Tech-m,2025-12-11,"Cassell Coliseum, Blacksburg, Virginia",Virginia Tech,NR,96,Western Carolina,NR,74,Virginia Tech
2001,2025-12-11-Green Bay-vs-IU Indianapolis-m,2025-12-11,"The Jungle, Indianapolis, Indiana",IU Indianapolis,NR,75,Green Bay,NR,85,Green Bay
2002,2025-12-11-Appalachian State-vs-East Carolina-m,2025-12-11,"Williams Arena at Minges Coliseum, Greenville, North Carolina",East Carolina,NR,54,Appalachian State,NR,67,Appalachian State
2003,2025-12-11-Coastal Georgia-vs-Georgia Southern-m,2025-12-11,"Jack and Ruth Ann Hill Convocation Center, Statesboro, Georgia",Georgia Southern,NR,100,Coastal Georgia,NR,58,Georgia Southern
2004,2025-12-11-UT Arlington-vs-Texas-Rio Grande Valley-m,2025-12-11,"UTRGV Fieldhouse, Edinburg, Texas",Texas-Rio Grande Valley,NR,50,UT Arlington,NR,58,UT Arlington
2005,2025-12-11-Bloomfield-vs-Wagner-m,2025-12-11,"Spiro Sports Center, Staten Island, New York",Wagner,NR,95,Bloomfield,NR,93,Wagner
2006,2025-12-11-Alabama State-vs-Missouri-m,2025-12-11,"Mizzou Arena, Columbia, Missouri",Missouri,NR,85,Alabama State,NR,77,Missouri
2007,2025-12-11-Saint John's (MN)-vs-St. Thomas-m,2025-12-11,,St. Thomas,NR,80,Saint John's (MN),NR,56,St. Thomas
2008,2025-12-11-North Dakota State-vs-Cal State Bakersfield-m,2025-12-11,"Icardo Center, Bakersfield, California",Cal State Bakersfield,NR,69,North Dakota State,NR,80,North Dakota State
2009,2025-12-11-Alaska-Anchorage-vs-Denver-m,2025-12-11,"Hamilton Gymnasium, Denver, Colorado",Denver,NR,97,Alaska-Anchorage,NR,61,Denver
2010,2025-12-12-Texas-vs-UConn-m,2025-12-12,"PeoplesBank Arena, Hartford, Connecticut",UConn, 5 ,71,Texas,NR,63,UConn
2011,2025-12-12-Brevard-vs-Gardner-Webb-m,2025-12-12,"Paul Porter Arena, Boiling Springs, North Carolina",Gardner-Webb,NR,77,Brevard,NR,63,Gardner-Webb
2012,2025-12-12-William Peace-vs-UNC Greensboro-m,2025-12-12,"Fleming Gymnasium, Greensboro, North Carolina",UNC Greensboro,NR,90,William Peace,NR,62,UNC Greensboro
2013,2025-12-12-VTSU Johnson-vs-Stonehill-m,2025-12-12,"Merkert Gymnasium, Easton, Massachusetts",Stonehill,NR,101,VTSU Johnson,NR,60,Stonehill
2014,2025-12-12-ETSU-vs-Austin Peay-m,2025-12-12,"F&M Bank Arena, Clarksville, Tennessee",Austin Peay,NR,76,ETSU,NR,75,Austin Peay
2015,2025-12-12-East Texas A&M-vs-McNeese State-m,2025-12-12,"The Legacy Center, Lake Charles, Louisiana",McNeese State,NR,102,East Texas A&M,NR,66,McNeese State
2016,2025-12-12-Army-vs-UMBC-m,2025-12-12,"UMBC Event Center, Baltimore, Maryland",UMBC,NR,60,Army,NR,63,Army
2017,2025-12-12-Maryland-Eastern Shore-vs-North Carolina A&T-m,2025-12-12,"Corbett Sports Center, Greensboro, North Carolina",North Carolina A&T,NR,82,Maryland-Eastern Shore,NR,79,North Carolina A&T
2018,2025-12-12-South Carolina State-vs-Queens (NC)-m,2025-12-12,"Curry Arena, Charlotte, North Carolina",Queens (NC),NR,102,South Carolina State,NR,78,Queens (NC)
2019,2025-12-12-Missouri State-vs-Xavier-m,2025-12-12,"Cintas Center, Cincinnati, Ohio",Xavier,NR,75,Missouri State,NR,57,Xavier
2020,2025-12-12-Dakota Wesleyan-vs-South Dakota State-m,2025-12-12,"First Bank & Trust Arena, Brookings, South Dakota",South Dakota State,NR,94,Dakota Wesleyan,NR,62,South Dakota State
2021,2025-12-12-Dallas Christian-vs-Texas A&M-Corpus Christi-m,2025-12-12,"Dugan Wellness Center, Corpus Christi, Texas",Texas A&M-Corpus Christi,NR,108,Dallas Christian,NR,55,Texas A&M-Corpus Christi
2022,2025-12-12-California Baptist-vs-Eastern Washington-m,2025-12-12,"Reese Court, Cheney, Washington",Eastern Washington,NR,83,California Baptist,NR,88,California Baptist
2023,2025-12-13-Arizona-vs-Alabama-m,2025-12-13,"Legacy Arena, Birmingham, Alabama",Alabama, 12 ,75,Arizona, 1 ,96,Arizona
2024,2025-12-13-Michigan-vs-Maryland-m,2025-12-13,"Xfinity Center, College Park, Maryland",Maryland,NR,83,Michigan, 2 ,101,Michigan
2025,2025-12-13-Marquette-vs-Purdue-m,2025-12-13,"Mackey Arena, West Lafayette, Indiana",Purdue, 6 ,79,Marquette,NR,59,Purdue
2026,2025-12-13-New Orleans-vs-Houston-m,2025-12-13,"Hofheinz Pavilion, Houston, Texas",Houston, 7 ,99,New Orleans,NR,57,Houston
2027,2025-12-13-UCLA-vs-Gonzaga-m,2025-12-13,"Climate Pledge Arena, Seattle, Washington",Gonzaga, 8 ,82,UCLA, 25 ,72,Gonzaga
2028,2025-12-13-Michigan State-vs-Penn State-m,2025-12-13,"Bryce Jordan Center, University Park, Pennsylvania",Penn State,NR,72,Michigan State, 9 ,76,Michigan State
2029,2025-12-13-UC-Riverside-vs-BYU-m,2025-12-13,"Marriott Center, Provo, Utah",BYU, 10 ,100,UC-Riverside,NR,53,BYU
2030,2025-12-13-Memphis-vs-Louisville-m,2025-12-13,"KFC Yum! Center, Louisville, Kentucky",Louisville, 11 ,99,Memphis,NR,73,Louisville
2031,2025-12-13-Nebraska-vs-Illinois-m,2025-12-13,"State Farm Center, Champaign, Illinois",Illinois, 13 ,80,Nebraska, 23 ,83,Nebraska
2032,2025-12-13-USC Upstate-vs-UNC-m,2025-12-13,"Dean Smith Center, Chapel Hill, North Carolina",UNC, 14 ,80,USC Upstate,NR,62,UNC
2033,2025-12-13-Central Arkansas-vs-Vanderbilt-m,2025-12-13,"Memorial Gymnasium, Nashville, Tennessee",Vanderbilt, 15 ,83,Central Arkansas,NR,72,Vanderbilt
2034,2025-12-13-Texas Tech-vs-Arkansas-m,2025-12-13,"American Airlines Center, Dallas, Texas",Arkansas, 17 ,93,Texas Tech, 16 ,86,Arkansas
2035,2025-12-13-George Washington-vs-Florida-m,2025-12-13,"FLA Live Arena, Sunrise, Florida",Florida, 18 ,80,George Washington,NR,70,Florida
2036,2025-12-13-Kansas-vs-NC State-m,2025-12-13,"Lenovo Center, Raleigh, North Carolina",NC State,NR,76,Kansas, 19 ,77,Kansas
2037,2025-12-13-Chattanooga-vs-Auburn-m,2025-12-13,"State Farm Arena, Atlanta, Georgia",Auburn, 21 ,92,Chattanooga,NR,78,Auburn
2038,2025-12-13-Iona-vs-St. John's (NY)-m,2025-12-13,"Madison Square Garden (IV), New York, New York",St. John's (NY), 22 ,91,Iona,NR,64,St. John's (NY)
2039,2025-12-13-Marist-vs-Bryant-m,2025-12-13,"Chace Athletic Center , Smithfield, Rhode Island",Bryant,NR,74,Marist,NR,82,Marist
2040,2025-12-13-Mercer-vs-Clemson-m,2025-12-13,"Littlejohn Coliseum, Clemson, South Carolina",Clemson,NR,70,Mercer,NR,63,Clemson
2041,2025-12-13-North Florida-vs-Dayton-m,2025-12-13,"University of Dayton Arena, Dayton, Ohio",Dayton,NR,84,North Florida,NR,61,Dayton
2042,2025-12-13-Miami (OH)-vs-Eastern Kentucky-m,2025-12-13,"McBrayer Arena, Richmond, Kentucky",Eastern Kentucky,NR,69,Miami (OH),NR,79,Miami (OH)
2043,2025-12-13-Northern Illinois-vs-Elon-m,2025-12-13,"Schar Center, Elon, North Carolina",Elon,NR,85,Northern Illinois,NR,79,Elon
2044,2025-12-13-Albany (NY)-vs-Florida Atlantic-m,2025-12-13,"FAU Arena, Boca Raton, Florida",Florida Atlantic,NR,105,Albany (NY),NR,79,Florida Atlantic
2045,2025-12-13-Old Dominion-vs-George Mason-m,2025-12-13,"EagleBank Arena, Fairfax, Virginia",George Mason,NR,73,Old Dominion,NR,61,George Mason
2046,2025-12-13-La Salle-vs-LIU-m,2025-12-13,"Steinberg Wellness Center, Brooklyn, New York",LIU,NR,70,La Salle,NR,60,LIU
2047,2025-12-13-Northern Kentucky-vs-Bellarmine-m,2025-12-13,"Knights Hall, Louisville, Kentucky",Bellarmine,NR,76,Northern Kentucky,NR,80,Northern Kentucky
2048,2025-12-13-St. Bonaventure-vs-Ohio-m,2025-12-13,"Rocket Arena, Cleveland, Ohio",Ohio,NR,88,St. Bonaventure,NR,83,Ohio
2049,2025-12-13-West Virginia-vs-Ohio State-m,2025-12-13,"Rocket Arena, Cleveland, Ohio",Ohio State,NR,89,West Virginia,NR,88,Ohio State
2050,2025-12-13-Southern Illinois-vs-Richmond-m,2025-12-13,"Robins Center, Richmond, Virginia",Richmond,NR,93,Southern Illinois,NR,84,Richmond
2051,2025-12-13-Hofstra-vs-Syracuse-m,2025-12-13,"JMA Wireless Dome, Syracuse, New York",Syracuse,NR,69,Hofstra,NR,70,Hofstra
2052,2025-12-13-Pitt-vs-Villanova-m,2025-12-13,"Finneran Pavilion, Villanova, Pennsylvania",Villanova,NR,79,Pitt,NR,61,Villanova
2053,2025-12-13-Georgia Southern-vs-West Georgia-m,2025-12-13,"The Coliseum, Carrollton, Georgia",West Georgia,NR,85,Georgia Southern,NR,91,Georgia Southern
2054,2025-12-13-North Dakota State-vs-Drake-m,2025-12-13,"Knapp Center, Des Moines, Iowa",Drake,NR,94,North Dakota State,NR,99,North Dakota State
2055,2025-12-13-DePaul-vs-Wichita State-m,2025-12-13,"Charles Koch Arena, Wichita, Kansas",Wichita State,NR,58,DePaul,NR,61,DePaul
2056,2025-12-13-UCSB-vs-Utah Valley-m,2025-12-13,"Delta Center, Salt Lake City, Utah",Utah Valley,NR,68,UCSB,NR,53,Utah Valley
2057,2025-12-13-UTSA-vs-Colorado-m,2025-12-13,"Coors Events/Conference Center, Boulder, Colorado",Colorado,NR,88,UTSA,NR,64,Colorado
2058,2025-12-13-Illinois State-vs-Utah State-m,2025-12-13,"Delta Center, Salt Lake City, Utah",Utah State,NR,83,Illinois State,NR,78,Utah State
2059,2025-12-13-Mississippi State-vs-Utah-m,2025-12-13,"Delta Center, Salt Lake City, Utah",Utah,NR,74,Mississippi State,NR,82,Mississippi State
2060,2025-12-13-Northwestern State-vs-California-m,2025-12-13,"Haas Pavilion, Berkeley, California",California,NR,79,Northwestern State,NR,70,California
2061,2025-12-13-UC-Davis-vs-Oregon-m,2025-12-13,"Matthew Knight Arena, Eugene, Oregon",Oregon,NR,104,UC-Davis,NR,62,Oregon
2062,2025-12-13-Montana State-vs-Oregon State-m,2025-12-13,"Gill Coliseum, Corvallis, Oregon",Oregon State,NR,67,Montana State,NR,57,Oregon State
2063,2025-12-13-Stanford-vs-San Jose State-m,2025-12-13,"San Jose State Event Center, San Jose, California",San Jose State,NR,82,Stanford,NR,86,Stanford
2064,2025-12-13-Southern Utah-vs-Washington-m,2025-12-13,"Alaska Airlines Arena, Seattle, Washington",Washington,NR,105,Southern Utah,NR,69,Washington
2065,2025-12-13-UMass-vs-Florida State-m,2025-12-13,"Donald L. Tucker Center, Tallahassee, Florida",Florida State,NR,95,UMass,NR,103,UMass
2066,2025-12-13-Louisiana-Monroe-vs-Miami (FL)-m,2025-12-13,"Watsco Center, Coral Gables, Florida",Miami (FL),NR,104,Louisiana-Monroe,NR,79,Miami (FL)
2067,2025-12-13-Central Michigan-vs-Stony Brook-m,2025-12-13,"Island Federal Credit Union, Stony Brook, New York",Stony Brook,NR,78,Central Michigan,NR,55,Stony Brook
2068,2025-12-13-Cal State Northridge-vs-Delaware-m,2025-12-13,"Bob Carpenter Center, Newark, Delaware",Delaware,NR,66,Cal State Northridge,NR,88,Cal State Northridge
2069,2025-12-13-Oklahoma-vs-Oklahoma State-m,2025-12-13,"Ford Center, Oklahoma City, Oklahoma",Oklahoma State,NR,76,Oklahoma,NR,85,Oklahoma
2070,2025-12-13-Toledo-vs-Robert Morris-m,2025-12-13,"UPMC Events Center, Moon, Pennsylvania",Robert Morris,NR,75,Toledo,NR,70,Robert Morris
2071,2025-12-13-Providence-vs-Butler-m,2025-12-13,"Hinkle Fieldhouse, Indianapolis, Indiana",Butler,NR,113,Providence,NR,110,Butler
2072,2025-12-13-Cincinnati-vs-Georgia-m,2025-12-13,"State Farm Arena, Atlanta, Georgia",Georgia,NR,84,Cincinnati,NR,65,Georgia
2073,2025-12-13-Boston University-vs-Dartmouth-m,2025-12-13,"Leede Arena, Hanover, New Hampshire",Dartmouth,NR,77,Boston University,NR,64,Dartmouth
2074,2025-12-13-Mercyhurst-vs-Davidson-m,2025-12-13,"Belk Arena, Davidson, North Carolina",Davidson,NR,80,Mercyhurst,NR,47,Davidson
2075,2025-12-13-Manhattan-vs-Fordham-m,2025-12-13,"Rose Hill Gym, Bronx, New York",Fordham,NR,82,Manhattan,NR,53,Fordham
2076,2025-12-13-St. Peter's-vs-Georgetown-m,2025-12-13,"McDonough Gymnasium, Washington, District of Columbia",Georgetown,NR,76,St. Peter's,NR,68,Georgetown
2077,2025-12-13-Canisius-vs-Maine-m,2025-12-13,"Memorial Gymnasium, Orono, Maine",Maine,NR,43,Canisius,NR,70,Canisius
2078,2025-12-13-Sacred Heart-vs-NJIT-m,2025-12-13,"Joel and Diane Bloom Wellness and Events Center, Newark, New Jersey",NJIT,NR,49,Sacred Heart,NR,65,Sacred Heart
2079,2025-12-13-St. Thomas-vs-UNC Asheville-m,2025-12-13,"Kimmel Arena, Asheville, North Carolina",UNC Asheville,NR,59,St. Thomas,NR,80,St. Thomas
2080,2025-12-13-Western Illinois-vs-North Dakota-m,2025-12-13,"Betty Engelstad Sioux Center , Grand Forks, North Dakota",North Dakota,NR,66,Western Illinois,NR,69,Western Illinois
2081,2025-12-13-Jackson State-vs-Northwestern-m,2025-12-13,"Welsh-Ryan Arena, Evanston, Illinois",Northwestern,NR,93,Jackson State,NR,53,Northwestern
2082,2025-12-13-Evansville-vs-Notre Dame-m,2025-12-13,"Purcell Pavilion at the Joyce Center, South Bend, Indiana",Notre Dame,NR,82,Evansville,NR,58,Notre Dame
2083,2025-12-13-UMass-Lowell-vs-Quinnipiac-m,2025-12-13,"M&T Bank Arena, Hamden, Connecticut",Quinnipiac,NR,75,UMass-Lowell,NR,71,Quinnipiac
2084,2025-12-13-Prairie View-vs-South Dakota-m,2025-12-13,"Sanford Coyote Sports Center, Vermillon, South Dakota",South Dakota,NR,97,Prairie View,NR,85,South Dakota
2085,2025-12-13-Kansas State-vs-Creighton-m,2025-12-13,"CHI Health Center Omaha, Omaha, Nebraska",Creighton,NR,76,Kansas State,NR,83,Kansas State
2086,2025-12-13-Hampton-vs-Howard-m,2025-12-13,"CareFirst Arena, Washington, District of Columbia",Howard,NR,61,Hampton,NR,57,Howard
2087,2025-12-13-Delaware State-vs-Longwood-m,2025-12-13,"Joan Perry Brock Center, Farmville, Virginia",Longwood,NR,76,Delaware State,NR,81,Delaware State
2088,2025-12-13-Louisiana-vs-Louisiana Tech-m,2025-12-13,"Thomas Assembly Center, Ruston, Louisiana",Louisiana Tech,NR,65,Louisiana,NR,44,Louisiana Tech
2089,2025-12-13-Southern Miss-vs-Ole Miss-m,2025-12-13,"Mississippi Coast Coliseum, Biloxi, Mississippi",Ole Miss,NR,71,Southern Miss,NR,67,Ole Miss
2090,2025-12-13-New Mexico State-vs-Tulsa-m,2025-12-13,"Comerica Center, Frisco, Texas",Tulsa,NR,83,New Mexico State,NR,70,Tulsa
2091,2025-12-13-Arkansas State-vs-Rice-m,2025-12-13,"Tudor Fieldhouse, Houston, Texas",Rice,NR,77,Arkansas State,NR,76,Rice
2092,2025-12-13-UNC Wilmington-vs-Valparaiso-m,2025-12-13,"AthleticsâRecreation Center, Valparaiso, Indiana",Valparaiso,NR,70,UNC Wilmington,NR,73,UNC Wilmington
2093,2025-12-13-Murray State-vs-Akron-m,2025-12-13,"Dollar Loan Center, Henderson, Nevada",Akron,NR,100,Murray State,NR,115,Murray State
2094,2025-12-13-UIC-vs-Belmont-m,2025-12-13,"Curb Event Center, Nashville, Tennessee",Belmont,NR,87,UIC,NR,84,Belmont
2095,2025-12-13-Central Connecticut-vs-Binghamton-m,2025-12-13,"Events Center, Binghamton, New York",Binghamton,NR,67,Central Connecticut,NR,84,Central Connecticut
2096,2025-12-13-Cal State Fullerton-vs-Denver-m,2025-12-13,"Hamilton Gymnasium, Denver, Colorado",Denver,NR,86,Cal State Fullerton,NR,105,Cal State Fullerton
2097,2025-12-13-Southeastern Louisiana-vs-Houston Christian-m,2025-12-13,"Frank and Lucille Sharp Gymnasium, Houston, Texas",Houston Christian,NR,71,Southeastern Louisiana,NR,74,Southeastern Louisiana
2098,2025-12-13-Niagara-vs-Morgan State-m,2025-12-13,"Hill Field House, Baltimore, Maryland",Morgan State,NR,81,Niagara,NR,73,Morgan State
2099,2025-12-13-Bethel (TN)-vs-Tennessee Tech-m,2025-12-13,"Eblen Center, Cookeville, Tennessee",Tennessee Tech,NR,101,Bethel (TN),NR,69,Tennessee Tech
2100,2025-12-13-Arkansas Baptist-vs-Alabama A&M-m,2025-12-13,"Alabama A&M Events Center, Huntsville, Alabama",Alabama A&M,NR,67,Arkansas Baptist,NR,59,Alabama A&M
2101,2025-12-13-George Fox-vs-Portland State-m,2025-12-13,"Peter W. Stott Center, Portland, Oregon",Portland State,NR,94,George Fox,NR,50,Portland State
2102,2025-12-13-Arizona State-vs-Santa Clara-m,2025-12-13,"Dollar Loan Center, Henderson, Nevada",Santa Clara,NR,79,Arizona State,NR,82,Arizona State
2103,2025-12-13-Mount St. Mary's-vs-Loyola (MD)-m,2025-12-13,"Reitz Arena, Baltimore, Maryland",Loyola (MD),NR,73,Mount St. Mary's,NR,81,Mount St. Mary's
2104,2025-12-13-Oakland-vs-Northern Iowa-m,2025-12-13,"McLeod Center, Cedar Falls, Iowa",Northern Iowa,NR,75,Oakland,NR,63,Northern Iowa
2105,2025-12-13-Northern Arizona-vs-San Diego-m,2025-12-13,"Jenny Craig Pavillion, San Diego, California",San Diego,NR,78,Northern Arizona,NR,69,San Diego
2106,2025-12-13-Bob Jones University-vs-Winthrop-m,2025-12-13,"Winthrop Coliseum, Rock Hill, South Carolina",Winthrop,NR,101,Bob Jones University,NR,55,Winthrop
2107,2025-12-13-Jacksonville State-vs-Georgia State-m,2025-12-13,"GSU Convocation Center, Atlanta, Georgia",Georgia State,NR,77,Jacksonville State,NR,73,Georgia State
2108,2025-12-13-Indiana-vs-Kentucky-m,2025-12-13,"Rupp Arena, Lexington, Kentucky",Kentucky,NR,72,Indiana,NR,60,Kentucky
2109,2025-12-13-Wright State-vs-Marshall-m,2025-12-13,"Henderson Center, Huntington, West Virginia",Marshall,NR,76,Wright State,NR,74,Marshall
2110,2025-12-13-Simpson (CA)-vs-Pacific-m,2025-12-13,"A.G. Spanos Center, Stockton, California",Pacific,NR,104,Simpson (CA),NR,50,Pacific
2111,2025-12-13-The Citadel-vs-South Carolina-m,2025-12-13,"The Colonial Life Arena, Columbia, South Carolina",South Carolina,NR,71,The Citadel,NR,55,South Carolina
2112,2025-12-13-Coastal Carolina-vs-Grand Canyon-m,2025-12-13,"GCU Arena, Phoenix, Arizona",Grand Canyon,NR,82,Coastal Carolina,NR,61,Grand Canyon
2113,2025-12-13-SMU-vs-LSU-m,2025-12-13,"Smoothie King Center, New Orleans, Louisiana",LSU,NR,89,SMU,NR,77,LSU
2114,2025-12-13-Spurgeon College-vs-Kansas City-m,2025-12-13,"Swinney Recreation Center, Kansas City, Missouri",Kansas City,NR,102,Spurgeon College,NR,75,Kansas City
2115,2025-12-13-Ecclesia-vs-Oral Roberts-m,2025-12-13,"Mabee Center, Tulsa, Oklahoma",Oral Roberts,NR,97,Ecclesia,NR,52,Oral Roberts
2116,2025-12-13-San Francisco-vs-Saint Louis-m,2025-12-13,"Chaifetz Arena, St. Louis, Missouri",Saint Louis,NR,85,San Francisco,NR,75,Saint Louis
2117,2025-12-13-Warner Pacific-vs-Seattle-m,2025-12-13,"Redhawk Center, Seattle, Washington",Seattle,NR,115,Warner Pacific,NR,60,Seattle
2118,2025-12-13-Rutgers-vs-Seton Hall-m,2025-12-13,"Prudential Center, Newark, New Jersey",Seton Hall,NR,81,Rutgers,NR,59,Seton Hall
2119,2025-12-13-Pepperdine-vs-Cal State Bakersfield-m,2025-12-13,"Icardo Center, Bakersfield, California",Cal State Bakersfield,NR,62,Pepperdine,NR,70,Pepperdine
2120,2025-12-13-Justice College-vs-Utah Tech-m,2025-12-13,"Burns Arena, St. George, Utah",Utah Tech,NR,89,Justice College,NR,48,Utah Tech
2121,2025-12-13-Tennessee State-vs-UNLV-m,2025-12-13,"Dollar Loan Center, Henderson, Nevada",UNLV,NR,60,Tennessee State,NR,63,Tennessee State
2122,2025-12-13-Duquesne-vs-Nevada-m,2025-12-13,"Lawlor Events Center, Reno, Nevada",Nevada,NR,78,Duquesne,NR,75,Nevada
2123,2025-12-14-Eastern Illinois-vs-Iowa State-m,2025-12-14,"James H. Hilton Coliseum , Ames, Iowa",Iowa State, 4 ,78,Eastern Illinois,NR,53,Iowa State
2124,2025-12-14-High Point-vs-Appalachian State-m,2025-12-14,,Appalachian State,NR,86,High Point,NR,78,Appalachian State
2125,2025-12-14-Ball State-vs-Campbell-m,2025-12-14,"John W. Pope Jr. Convocation Center, Buies Creek, North Carolina",Campbell,NR,69,Ball State,NR,64,Campbell
2126,2025-12-14-UTEP-vs-Hawaii-m,2025-12-14,"Stan Sheriff Center, Honolulu, Hawaii",Hawaii,NR,66,UTEP,NR,61,Hawaii
2127,2025-12-14-Saint Francis (PA)-vs-Temple-m,2025-12-14,"Liacouras Center, Philadelphia, Pennsylvania",Temple,NR,95,Saint Francis (PA),NR,67,Temple
2128,2025-12-14-Tulane-vs-UC-San Diego-m,2025-12-14,"Dollar Loan Center, Henderson, Nevada",UC-San Diego,NR,93,Tulane,NR,67,UC-San Diego
2129,2025-12-14-Maryland-Eastern Shore-vs-Virginia Tech-m,2025-12-14,"Cassell Coliseum, Blacksburg, Virginia",Virginia Tech,NR,82,Maryland-Eastern Shore,NR,53,Virginia Tech
2130,2025-12-14-Queens (NC)-vs-Wake Forest-m,2025-12-14,"Lawrence Joel Coliseum, Winston-Salem, North Carolina",Wake Forest,NR,111,Queens (NC),NR,73,Wake Forest
2131,2025-12-14-Troy-vs-UAB-m,2025-12-14,"Bartow Arena, Birmingham, Alabama",UAB,NR,85,Troy,NR,86,Troy
2132,2025-12-14-Eureka-vs-SIU-Edwardsville-m,2025-12-14,"Sam Vadalabene Center , Edwardsville, Illinois",SIU-Edwardsville,NR,97,Eureka,NR,54,SIU-Edwardsville
2133,2025-12-14-Saint Mary's-vs-Boise State-m,2025-12-14,"ExtraMile Arena, Boise, Idaho",Boise State,NR,68,Saint Mary's,NR,67,Boise State
2134,2025-12-14-Northern New Mexico-vs-Colorado State-m,2025-12-14,"Moby Arena, Fort Collins, Colorado",Colorado State,NR,104,Northern New Mexico,NR,54,Colorado State
2135,2025-12-14-Florida Gulf Coast-vs-New Mexico-m,2025-12-14,"The Pit, Albuquerque, New Mexico",New Mexico,NR,75,Florida Gulf Coast,NR,59,New Mexico
2136,2025-12-14-Washington State-vs-USC-m,2025-12-14,"Galen Center, Los Angeles, California",USC,NR,68,Washington State,NR,61,USC
2137,2025-12-14-Buffalo-vs-East Carolina-m,2025-12-14,"Williams Arena at Minges Coliseum, Greenville, North Carolina",East Carolina,NR,73,Buffalo,NR,70,East Carolina
2138,2025-12-14-Texas Southern-vs-Minnesota-m,2025-12-14,"Williams Arena, Minneapolis, Minnesota",Minnesota,NR,89,Texas Southern,NR,53,Minnesota
2139,2025-12-14-North Central (IL)-vs-Bradley-m,2025-12-14,"Renaissance Coliseum, Peoria, Illinois",Bradley,NR,86,North Central (IL),NR,53,Bradley
2140,2025-12-14-Oakland City-vs-Cleveland State-m,2025-12-14,"Henry J. Goodman Arena, Cleveland, Ohio",Cleveland State,NR,96,Oakland City,NR,52,Cleveland State
2141,2025-12-14-Monmouth-vs-Fairfield-m,2025-12-14,"Leo D. Mahoney Arena, Fairfield, Connecticut",Fairfield,NR,73,Monmouth,NR,65,Fairfield
2142,2025-12-14-Indiana State-vs-Milwaukee-m,2025-12-14,"UW-Milwaukee Panther Arena, Milwaukee, Wisconsin",Milwaukee,NR,68,Indiana State,NR,70,Indiana State
2143,2025-12-14-Bethune-Cookman-vs-Missouri-m,2025-12-14,"Mizzou Arena, Columbia, Missouri",Missouri,NR,82,Bethune-Cookman,NR,60,Missouri
2144,2025-12-14-Coppin State-vs-Radford-m,2025-12-14,"Donald N. Dedmon Center, Radford, Virginia",Radford,NR,107,Coppin State,NR,77,Radford
2145,2025-12-14-Merrimack-vs-Vermont-m,2025-12-14,"Roy L. Patrick Gymnasium, Burlington, Vermont",Vermont,NR,66,Merrimack,NR,59,Vermont
2146,2025-12-14-Thiel-vs-Youngstown State-m,2025-12-14,"Beeghly Center, Youngstown, Ohio",Youngstown State,NR,103,Thiel,NR,52,Youngstown State
2147,2025-12-14-Western Michigan-vs-Iowa-m,2025-12-14,"Carver-Hawkeye Arena, Iowa City, Iowa",Iowa,NR,91,Western Michigan,NR,51,Iowa
2148,2025-12-14-Saint Xavier (IL)-vs-Southeast Missouri State-m,2025-12-14,"Show Me Center, Cape Girardeau, Missouri",Southeast Missouri State,NR,88,Saint Xavier (IL),NR,65,Southeast Missouri State
2149,2025-12-14-Charlotte-vs-College of Charleston-m,2025-12-14,"TD Arena, Charleston, South Carolina",College of Charleston,NR,74,Charlotte,NR,67,College of Charleston
2150,2025-12-14-Evergreen State College-vs-Idaho-m,2025-12-14,"ICCU Arena, Moscow, Idaho",Idaho,NR,109,Evergreen State College,NR,55,Idaho
2151,2025-12-14-Detroit Mercy-vs-Purdue Fort Wayne-m,2025-12-14,"Allen County War Memorial Coliseum, Fort Wayne, Indiana",Purdue Fort Wayne,NR,81,Detroit Mercy,NR,77,Purdue Fort Wayne
2152,2025-12-14-Chicago State-vs-Loyola (IL)-m,2025-12-14,"Joseph J. Gentile Center, Chicago, Illinois",Loyola (IL),NR,75,Chicago State,NR,84,Chicago State
2153,2025-12-14-Kent State-vs-Portland-m,2025-12-14,"Chiles Center, Portland, Oregon",Portland,NR,88,Kent State,NR,78,Portland
2154,2025-12-14-North Texas-vs-South Alabama-m,2025-12-14,"Mitchell Center, Mobile, Alabama",South Alabama,NR,57,North Texas,NR,58,North Texas
2155,2025-12-14-Champion Christian-vs-UT-Martin-m,2025-12-14,"Skyhawk Arena, Martin, Tennessee",UT-Martin,NR,96,Champion Christian,NR,52,UT-Martin
2156,2025-12-14-Jacksonville-vs-Texas A&M-m,2025-12-14,"Reed Arena, College Station, Texas",Texas A&M,NR,112,Jacksonville,NR,75,Texas A&M
2157,2025-12-15-Wofford-vs-Gardner-Webb-m,2025-12-15,"Paul Porter Arena, Boiling Springs, North Carolina",Gardner-Webb,NR,57,Wofford,NR,83,Wofford
2158,2025-12-15-Niagara-vs-VCU-m,2025-12-15,"E.J. Wade Arena at Stuart C. Siegel Center, Richmond, Virginia",VCU,NR,84,Niagara,NR,58,VCU
2159,2025-12-15-Ecclesia-vs-Arkansas-Pine Bluff-m,2025-12-15,"H.O. Clemmons Arena, Pine Bluff, Arkansas",Arkansas-Pine Bluff,NR,114,Ecclesia,NR,64,Arkansas-Pine Bluff
2160,2025-12-15-Bryan-vs-Samford-m,2025-12-15,"Pete Hanna Center, Birmingham, Alabama",Samford,NR,106,Bryan,NR,51,Samford
2161,2025-12-15-Albany State (GA)-vs-Florida A&M-m,2025-12-15,"Al Lawson Center, Tallahassee, Florida",Florida A&M,NR,93,Albany State (GA),NR,77,Florida A&M
2162,2025-12-15-East Texas A&M-vs-Southeastern Louisiana-m,2025-12-15,"University Center, Hammond, Louisiana",Southeastern Louisiana,NR,69,East Texas A&M,NR,70,East Texas A&M
2163,2025-12-15-Rhodes-vs-Stetson-m,2025-12-15,"Edmunds Center, DeLand, Florida",Stetson,NR,95,Rhodes,NR,76,Stetson
2164,2025-12-15-Campbellsville-vs-Western Kentucky-m,2025-12-15,"E.A. Diddle Arena, Bowling Green, Kentucky",Western Kentucky,NR,102,Campbellsville,NR,59,Western Kentucky
2165,2025-12-15-North Alabama-vs-Alabama A&M-m,2025-12-15,"Alabama A&M Events Center, Huntsville, Alabama",Alabama A&M,NR,68,North Alabama,NR,60,Alabama A&M
2166,2025-12-15-McNeese State-vs-Houston Christian-m,2025-12-15,"Frank and Lucille Sharp Gymnasium, Houston, Texas",Houston Christian,NR,68,McNeese State,NR,78,McNeese State
2167,2025-12-15-Minnesota-Crookston-vs-North Dakota State-m,2025-12-15,"Scheels Center, Fargo, North Dakota",North Dakota State,NR,101,Minnesota-Crookston,NR,67,North Dakota State
2168,2025-12-15-Wyoming-vs-South Dakota State-m,2025-12-15,"Sanford Pentagon, Sioux Falls, South Dakota",South Dakota State,NR,72,Wyoming,NR,87,Wyoming
2169,2025-12-15-Incarnate Word-vs-TCU-m,2025-12-15,"Ed & Rae Schollmaier Arena, Fort Worth, Texas",TCU,NR,69,Incarnate Word,NR,65,TCU
2170,2025-12-16-Abilene Christian-vs-Arizona-m,2025-12-16,"McKale Center, Tucson, Arizona",Arizona, 1 ,96,Abilene Christian,NR,62,Arizona
2171,2025-12-16-Lipscomb-vs-Duke-m,2025-12-16,"Cameron Indoor Stadium, Durham, North Carolina",Duke, 3 ,97,Lipscomb,NR,73,Duke
2172,2025-12-16-Butler-vs-UConn-m,2025-12-16,"PeoplesBank Arena, Hartford, Connecticut",UConn, 5 ,79,Butler,NR,60,UConn
2173,2025-12-16-Toledo-vs-Michigan State-m,2025-12-16,"Breslin Events Center, East Lansing, Michigan",Michigan State, 9 ,92,Toledo,NR,69,Michigan State
2174,2025-12-16-Pacific-vs-BYU-m,2025-12-16,"Marriott Center, Provo, Utah",BYU, 10 ,93,Pacific,NR,57,BYU
2175,2025-12-16-Louisville-vs-Tennessee-m,2025-12-16,"Thompson-Boling Arena, Knoxville, Tennessee",Tennessee, 20 ,83,Louisville, 11 ,62,Tennessee
2176,2025-12-16-ETSU-vs-UNC-m,2025-12-16,"Dean Smith Center, Chapel Hill, North Carolina",UNC, 12 ,77,ETSU,NR,58,UNC
2177,2025-12-16-Queens (NC)-vs-Arkansas-m,2025-12-16,"Bud Walton Arena, Fayetteville, Arkansas",Arkansas, 14 ,108,Queens (NC),NR,80,Arkansas
2178,2025-12-16-Towson-vs-Kansas-m,2025-12-16,"Allen Fieldhouse, Lawrence, Kansas",Kansas, 17 ,73,Towson,NR,49,Kansas
2179,2025-12-16-Northern Colorado-vs-Texas Tech-m,2025-12-16,"United Supermarkets Arena, Lubbock, Texas",Texas Tech, 19 ,101,Northern Colorado,NR,90,Texas Tech
2180,2025-12-16-DePaul-vs-St. John's (NY)-m,2025-12-16,"Carnesecca Arena, Jamaica, New York",St. John's (NY), 22 ,79,DePaul,NR,66,St. John's (NY)
2181,2025-12-16-South Carolina-vs-Clemson-m,2025-12-16,"Littlejohn Coliseum, Clemson, South Carolina",Clemson,NR,68,South Carolina,NR,61,Clemson
2182,2025-12-16-Florida State-vs-Dayton-m,2025-12-16,"University of Dayton Arena, Dayton, Ohio",Dayton,NR,97,Florida State,NR,69,Dayton
2183,2025-12-16-Rider-vs-Delaware-m,2025-12-16,"Bob Carpenter Center, Newark, Delaware",Delaware,NR,65,Rider,NR,57,Delaware
2184,2025-12-16-Marist-vs-Georgia Tech-m,2025-12-16,"McCamish Pavilion, Atlanta, Georgia",Georgia Tech,NR,87,Marist,NR,76,Georgia Tech
2185,2025-12-16-Dartmouth-vs-Holy Cross-m,2025-12-16,"Hart Center Arena, Worcester, Massachusetts",Holy Cross,NR,64,Dartmouth,NR,89,Dartmouth
2186,2025-12-16-Midway-vs-Liberty-m,2025-12-16,"Liberty Arena, Lynchburg, Virginia",Liberty,NR,95,Midway,NR,57,Liberty
2187,2025-12-16-Florida International-vs-Miami (FL)-m,2025-12-16,"Watsco Center, Coral Gables, Florida",Miami (FL),NR,98,Florida International,NR,81,Miami (FL)
2188,2025-12-16-North Carolina A&T-vs-UNC Greensboro-m,2025-12-16,"First Horizon Coliseum, Greensboro, North Carolina",UNC Greensboro,NR,65,North Carolina A&T,NR,71,North Carolina A&T
2189,2025-12-16-Ohio Wesleyan-vs-Ohio-m,2025-12-16,"Convocation Center, Athens, Ohio",Ohio,NR,89,Ohio Wesleyan,NR,56,Ohio
2190,2025-12-16-Canisius-vs-Rhode Island-m,2025-12-16,"Thomas M. Ryan Center, Kingston, Rhode Island",Rhode Island,NR,62,Canisius,NR,45,Rhode Island
2191,2025-12-16-Tarleton State-vs-Mississippi Valley State-m,2025-12-16,"Harrison HPER Complex, Itta Bena, Mississippi",Mississippi Valley State,NR,64,Tarleton State,NR,88,Tarleton State
2192,2025-12-16-East-West-vs-Northern Illinois-m,2025-12-16,"Convocation Center, DeKalb, Illinois",Northern Illinois,NR,112,East-West,NR,64,Northern Illinois
2193,2025-12-16-Montana State-vs-Cal Poly-m,2025-12-16,"Robert A. Mott Athletics Center, San Luis Obispo, California",Cal Poly,NR,80,Montana State,NR,83,Montana State
2194,2025-12-16-Howard-vs-Drexel-m,2025-12-16,"Daskalakis Athletic Center, Philadelphia, Pennsylvania",Drexel,NR,66,Howard,NR,74,Howard
2195,2025-12-16-USC Upstate-vs-South Carolina State-m,2025-12-16,"SHM Memorial Center, Orangeburg, South Carolina",South Carolina State,NR,72,USC Upstate,NR,78,USC Upstate
2196,2025-12-16-Miami Middletown-vs-IU Indianapolis-m,2025-12-16,"The Jungle, Indianapolis, Indiana",IU Indianapolis,NR,126,Miami Middletown,NR,73,IU Indianapolis
2197,2025-12-16-Sacred Heart-vs-UMass-Lowell-m,2025-12-16,"Costello Athletic Center, Lowell, Massachusetts",UMass-Lowell,NR,87,Sacred Heart,NR,82,UMass-Lowell
2198,2025-12-16-Kentucky Christian-vs-UNC Asheville-m,2025-12-16,"Kimmel Arena, Asheville, North Carolina",UNC Asheville,NR,83,Kentucky Christian,NR,73,UNC Asheville
2199,2025-12-16-Chicago State-vs-Bowling Green-m,2025-12-16,"Stroh Center, Bowling Green, Ohio",Bowling Green,NR,76,Chicago State,NR,55,Bowling Green
2200,2025-12-16-Mary Baldwin-vs-High Point-m,2025-12-16,"Qubein Center, High Point, North Carolina",High Point,NR,129,Mary Baldwin,NR,47,High Point
2201,2025-12-16-Texas-Rio Grande Valley-vs-Lamar-m,2025-12-16,"Montagne Center, Beaumont, Texas",Lamar,NR,72,Texas-Rio Grande Valley,NR,83,Texas-Rio Grande Valley
2202,2025-12-16-LIU-vs-Mississippi State-m,2025-12-16,"Humphrey Coliseum, Starkville, Mississippi",Mississippi State,NR,87,LIU,NR,83,Mississippi State
2203,2025-12-16-Little Rock-vs-Morehead State-m,2025-12-16,"Ellis T. Johnson Arena, Morehead, Kentucky",Morehead State,NR,78,Little Rock,NR,64,Morehead State
2204,2025-12-16-Miami (OH)-vs-Wright State-m,2025-12-16,"Ervin J. Nutter Center, Dayton, Ohio",Wright State,NR,76,Miami (OH),NR,83,Miami (OH)
2205,2025-12-16-Belmont-vs-Evansville-m,2025-12-16,"Ford Center, Evansville, Indiana",Evansville,NR,78,Belmont,NR,83,Belmont
2206,2025-12-16-Oral Roberts-vs-Missouri State-m,2025-12-16,"JQH Arena, Springfield, Missouri",Missouri State,NR,63,Oral Roberts,NR,62,Missouri State
2207,2025-12-16-York (NE)-vs-Omaha-m,2025-12-16,"Baxter Arena, Omaha, Nebraska",Omaha,NR,105,York (NE),NR,58,Omaha
2208,2025-12-16-Valparaiso-vs-Northwestern-m,2025-12-16,"Welsh-Ryan Arena, Evanston, Illinois",Northwestern,NR,86,Valparaiso,NR,70,Northwestern
2209,2025-12-16-Kansas City-vs-Oklahoma-m,2025-12-16,"Lloyd Noble Center, Norman, Oklahoma",Oklahoma,NR,89,Kansas City,NR,67,Oklahoma
2210,2025-12-16-Le Moyne-vs-Texas-m,2025-12-16,"Moody Center, Austin, Texas",Texas,NR,95,Le Moyne,NR,53,Texas
2211,2025-12-16-Colorado-Colorado Springs-vs-Denver-m,2025-12-16,"Hamilton Gymnasium, Denver, Colorado",Denver,NR,129,Colorado-Colorado Springs,NR,93,Denver
2212,2025-12-16-Southern-vs-California Baptist-m,2025-12-16,"CBU Events Center, Riverside, California",California Baptist,NR,75,Southern,NR,67,California Baptist
2213,2025-12-16-Stanton University-vs-UC-Riverside-m,2025-12-16,"UC Riverside Student Recreation Center, Riverside, California",UC-Riverside,NR,95,Stanton University,NR,70,UC-Riverside
2214,2025-12-16-UC-San Diego-vs-Loyola Marymount-m,2025-12-16,"Albert Gersten Pavilion, Los Angeles, California",Loyola Marymount,NR,57,UC-San Diego,NR,67,UC-San Diego
2215,2025-12-17-Campbell-vs-Gonzaga-m,2025-12-17,"McCarthey Athletic Center, Spokane, Washington",Gonzaga, 7 ,98,Campbell,NR,70,Gonzaga
2216,2025-12-17-Vanderbilt-vs-Memphis-m,2025-12-17,"FedExForum, Memphis, Tennessee",Memphis,NR,70,Vanderbilt, 13 ,77,Vanderbilt
2217,2025-12-17-South Florida-vs-Alabama-m,2025-12-17,"Coleman Coliseum , Tuscaloosa, Alabama",Alabama, 16 ,104,South Florida,NR,93,Alabama
2218,2025-12-17-Saint Francis (PA)-vs-Florida-m,2025-12-17,"Stephen C. O'Connell Center, Gainesville, Florida",Florida, 23 ,102,Saint Francis (PA),NR,61,Florida
2219,2025-12-17-Chattanooga-vs-Bellarmine-m,2025-12-17,"Knights Hall, Louisville, Kentucky",Bellarmine,NR,79,Chattanooga,NR,64,Bellarmine
2220,2025-12-17-Mercer-vs-UCF-m,2025-12-17,"CFE Arena, Orlando, Florida",UCF,NR,81,Mercer,NR,63,UCF
2221,2025-12-17-Olivet-vs-Central Michigan-m,2025-12-17,"McGuirk Arena, Mt. Pleasant, Michigan",Central Michigan,NR,85,Olivet,NR,65,Central Michigan
2222,2025-12-17-Alabama State-vs-Cincinnati-m,2025-12-17,"Fifth Third Arena, Cincinnati, Ohio",Cincinnati,NR,88,Alabama State,NR,51,Cincinnati
2223,2025-12-17-Richmond-vs-Elon-m,2025-12-17,"Schar Center, Elon, North Carolina",Elon,NR,73,Richmond,NR,70,Elon
2224,2025-12-17-Jacksonville-vs-Florida A&M-m,2025-12-17,"Al Lawson Center, Tallahassee, Florida",Florida A&M,NR,72,Jacksonville,NR,65,Florida A&M
2225,2025-12-17-Oakland-vs-Northern Kentucky-m,2025-12-17,"Bank of Kentucky Center, Highland Heights, Kentucky",Northern Kentucky,NR,77,Oakland,NR,82,Oakland
2226,2025-12-17-Binghamton-vs-Pitt-m,2025-12-17,"Petersen Events Center, Pittsburgh, Pennsylvania",Pitt,NR,103,Binghamton,NR,63,Pitt
2227,2025-12-17-Youngstown State-vs-Robert Morris-m,2025-12-17,"UPMC Events Center, Moon, Pennsylvania",Robert Morris,NR,80,Youngstown State,NR,77,Robert Morris
2228,2025-12-17-Mercyhurst-vs-Syracuse-m,2025-12-17,"JMA Wireless Dome, Syracuse, New York",Syracuse,NR,76,Mercyhurst,NR,62,Syracuse
2229,2025-12-17-Siena-vs-Vermont-m,2025-12-17,"Roy L. Patrick Gymnasium, Burlington, Vermont",Vermont,NR,83,Siena,NR,69,Vermont
2230,2025-12-17-Longwood-vs-Wake Forest-m,2025-12-17,"Lawrence Joel Coliseum, Winston-Salem, North Carolina",Wake Forest,NR,71,Longwood,NR,68,Wake Forest
2231,2025-12-17-Cleveland State-vs-UAB-m,2025-12-17,"Bartow Arena, Birmingham, Alabama",UAB,NR,101,Cleveland State,NR,77,UAB
2232,2025-12-17-Champion Christian-vs-Arkansas-Pine Bluff-m,2025-12-17,"H.O. Clemmons Arena, Pine Bluff, Arkansas",Arkansas-Pine Bluff,NR,138,Champion Christian,NR,73,Arkansas-Pine Bluff
2233,2025-12-17-Northern Iowa-vs-UIC-m,2025-12-17,"UIC Pavilion, Chicago, Illinois",UIC,NR,54,Northern Iowa,NR,60,Northern Iowa
2234,2025-12-17-Kennesaw State-vs-Middle Tennessee-m,2025-12-17,"Murphy Athletic Center, Murfreesboro, Tennessee",Middle Tennessee,NR,68,Kennesaw State,NR,67,Middle Tennessee
2235,2025-12-17-Wofford-vs-Wichita State-m,2025-12-17,"Charles Koch Arena, Wichita, Kansas",Wichita State,NR,84,Wofford,NR,73,Wichita State
2236,2025-12-17-Portland State-vs-Colorado-m,2025-12-17,"Coors Events/Conference Center, Boulder, Colorado",Colorado,NR,84,Portland State,NR,73,Colorado
2237,2025-12-17-Seattle-vs-UC-Davis-m,2025-12-17,"The Pavilion, Davis, California",UC-Davis,NR,78,Seattle,NR,79,Seattle
2238,2025-12-17-Portland-vs-Oregon-m,2025-12-17,"Matthew Knight Arena, Eugene, Oregon",Oregon,NR,94,Portland,NR,69,Oregon
2239,2025-12-17-Air Force-vs-San Diego State-m,2025-12-17,"Viejas Arena, San Diego, California",San Diego State,NR,81,Air Force,NR,58,San Diego State
2240,2025-12-17-Loyola (IL)-vs-San Francisco-m,2025-12-17,"Chase Center, San Francisco, California",San Francisco,NR,85,Loyola (IL),NR,71,San Francisco
2241,2025-12-17-UTSA-vs-USC-m,2025-12-17,"Galen Center, Los Angeles, California",USC,NR,97,UTSA,NR,70,USC
2242,2025-12-17-Arizona State-vs-UCLA-m,2025-12-17,"Pauley Pavilion, Los Angeles, California",UCLA,NR,90,Arizona State,NR,77,UCLA
2243,2025-12-17-Washington State-vs-Eastern Washington-m,2025-12-17,"Spokane Veterans Memorial Arena, Spokane, Washington",Eastern Washington,NR,63,Washington State,NR,78,Washington State
2244,2025-12-17-Kansas Christian-vs-Central Arkansas-m,2025-12-17,"Jeff Farris Center, Conway, Arkansas",Central Arkansas,NR,102,Kansas Christian,NR,47,Central Arkansas
2245,2025-12-17-Southwestern Christian-vs-Rice-m,2025-12-17,"Tudor Fieldhouse, Houston, Texas",Rice,NR,94,Southwestern Christian,NR,47,Rice
2246,2025-12-17-Stonehill-vs-New Hampshire-m,2025-12-17,"Lundholm Gymnasium, Durham, New Hampshire",New Hampshire,NR,59,Stonehill,NR,58,New Hampshire
2247,2025-12-17-Creighton-vs-Xavier-m,2025-12-17,"Cintas Center, Cincinnati, Ohio",Xavier,NR,57,Creighton,NR,98,Creighton
2248,2025-12-17-The Citadel-vs-College of Charleston-m,2025-12-17,"TD Arena, Charleston, South Carolina",College of Charleston,NR,82,The Citadel,NR,78,College of Charleston
2249,2025-12-17-Presbyterian-vs-East Carolina-m,2025-12-17,"Williams Arena at Minges Coliseum, Greenville, North Carolina",East Carolina,NR,74,Presbyterian,NR,53,East Carolina
2250,2025-12-17-Eastern Kentucky-vs-Jacksonville State-m,2025-12-17,"Pete Mathews Coliseum, Jacksonville, Alabama",Jacksonville State,NR,59,Eastern Kentucky,NR,62,Eastern Kentucky
2251,2025-12-17-South Alabama-vs-Louisiana-Monroe-m,2025-12-17,"Fant-Ewing Coliseum, Monroe, Louisiana",Louisiana-Monroe,NR,92,South Alabama,NR,96,South Alabama
2252,2025-12-17-Quinnipiac-vs-Monmouth-m,2025-12-17,"Multipurpose Activity Center, West Long Branch, New Jersey",Monmouth,NR,75,Quinnipiac,NR,85,Quinnipiac
2253,2025-12-17-Houston Christian-vs-Nicholls State-m,2025-12-17,"David Stopher Gymnasium, Thibodaux, Louisiana",Nicholls State,NR,79,Houston Christian,NR,64,Nicholls State
2254,2025-12-17-Mid-Atlantic Christian-vs-North Carolina Central-m,2025-12-17,"McLendon-McDougald Gym, Durham, North Carolina",North Carolina Central,NR,96,Mid-Atlantic Christian,NR,62,North Carolina Central
2255,2025-12-17-Texas Southern-vs-NC State-m,2025-12-17,"Lenovo Center, Raleigh, North Carolina",NC State,NR,108,Texas Southern,NR,72,NC State
2256,2025-12-17-James Madison-vs-Old Dominion-m,2025-12-17,"Ted Constant Convocation Ctr., Norfolk, Virginia",Old Dominion,NR,77,James Madison,NR,68,Old Dominion
2257,2025-12-17-Southern Wesleyan-vs-USC Upstate-m,2025-12-17,"G.B. Hodge Center, Spartanburg, South Carolina",USC Upstate,NR,98,Southern Wesleyan,NR,63,USC Upstate
2258,2025-12-17-Albany (NY)-vs-Stony Brook-m,2025-12-17,"Island Federal Credit Union, Stony Brook, New York",Stony Brook,NR,55,Albany (NY),NR,71,Albany (NY)
2259,2025-12-17-Louisiana Tech-vs-Tulane-m,2025-12-17,"Devlin Fieldhouse, New Orleans, Louisiana",Tulane,NR,61,Louisiana Tech,NR,53,Tulane
2260,2025-12-17-Maryland-Eastern Shore-vs-Wagner-m,2025-12-17,"Spiro Sports Center, Staten Island, New York",Wagner,NR,78,Maryland-Eastern Shore,NR,64,Wagner
2261,2025-12-17-Brewton-Parker-vs-West Georgia-m,2025-12-17,"The Coliseum, Carrollton, Georgia",West Georgia,NR,70,Brewton-Parker,NR,49,West Georgia
2262,2025-12-17-Alabama A&M-vs-Ole Miss-m,2025-12-17,"The Sandy and John Black Pavilion at Ole Miss, University, Mississippi",Ole Miss,NR,80,Alabama A&M,NR,66,Ole Miss
2263,2025-12-17-UCSB-vs-Green Bay-m,2025-12-17,"Resch Center, Green Bay, Wisconsin",Green Bay,NR,67,UCSB,NR,64,Green Bay
2264,2025-12-17-Georgetown-vs-Marquette-m,2025-12-17,"Fiserv Forum, Milwaukee, Wisconsin",Marquette,NR,69,Georgetown,NR,78,Georgetown
2265,2025-12-17-Bethune-Cookman-vs-Saint Louis-m,2025-12-17,"Chaifetz Arena, St. Louis, Missouri",Saint Louis,NR,112,Bethune-Cookman,NR,53,Saint Louis
2266,2025-12-17-Dakota State-vs-South Dakota-m,2025-12-17,"Sanford Coyote Sports Center, Vermillon, South Dakota",South Dakota,NR,80,Dakota State,NR,71,South Dakota
2267,2025-12-17-Arkansas State-vs-Texas State-m,2025-12-17,"Strahan Coliseum, San Marcos, Texas",Texas State,NR,70,Arkansas State,NR,89,Arkansas State
2268,2025-12-17-Weber State-vs-Utah Valley-m,2025-12-17,"UCCU Center, Orem, Utah",Utah Valley,NR,90,Weber State,NR,74,Utah Valley
2269,2025-12-17-Montana Tech-vs-Montana-m,2025-12-17,"Adams Center/Dahlberg Arena, Missoula, Montana",Montana,NR,75,Montana Tech,NR,82,Montana Tech
2270,2025-12-17-Santa Clara-vs-North Texas-m,2025-12-17,"Kaiser Permanente Arena, Santa Cruz, California",North Texas,NR,60,Santa Clara,NR,63,Santa Clara
2271,2025-12-17-Sam Houston-vs-Oregon State-m,2025-12-17,"Gill Coliseum, Corvallis, Oregon",Oregon State,NR,75,Sam Houston,NR,85,Sam Houston
2272,2025-12-17-Texas A&M-Corpus Christi-vs-Stephen F. Austin-m,2025-12-17,"William Johnson Coliseum, Nacogdoches, Texas",Stephen F. Austin,NR,69,Texas A&M-Corpus Christi,NR,60,Stephen F. Austin
2273,2025-12-17-UT Arlington-vs-Stanford-m,2025-12-17,"Maples Pavilion, Stanford, California",Stanford,NR,76,UT Arlington,NR,60,Stanford
0,2025-12-18-Western Carolina-vs-Georgia-m,2025-12-18,"Stegeman Coliseum, Athens, Georgia",Georgia, 25 ,112,Western Carolina,NR,82,Georgia
1,2025-12-18-North Florida-vs-Charleston Southern-m,2025-12-18,"Buccaneer Fieldhouse, Charleston, South Carolina",Charleston Southern,NR,113,North Florida,NR,90,Charleston Southern
2,2025-12-18-Lafayette-vs-Charlotte-m,2025-12-18,"Dale F. Halton Arena, Charlotte, North Carolina",Charlotte,NR,81,Lafayette,NR,67,Charlotte
3,2025-12-18-Bradley-vs-Indiana State-m,2025-12-18,"Hulman Center, Terre Haute, Indiana",Indiana State,NR,99,Bradley,NR,108,Bradley
4,2025-12-18-American-vs-VCU-m,2025-12-18,"E.J. Wade Arena at Stuart C. Siegel Center, Richmond, Virginia",VCU,NR,105,American,NR,83,VCU
5,2025-12-18-SIU-Edwardsville-vs-Eastern Illinois-m,2025-12-18,"Lantz Arena, Charleston, Illinois",Eastern Illinois,NR,76,SIU-Edwardsville,NR,72,Eastern Illinois
6,2025-12-18-Drake-vs-Murray State-m,2025-12-18,"CFSB Center, Murray, Kentucky",Murray State,NR,81,Drake,NR,72,Murray State
7,2025-12-18-Louisiana-vs-Southern Miss-m,2025-12-18,"Reed Green Coliseum, Hattiesburg, Mississippi",Southern Miss,NR,62,Louisiana,NR,54,Southern Miss
8,2025-12-18-Toccoa Falls-vs-Gardner-Webb-m,2025-12-18,"Paul Porter Arena, Boiling Springs, North Carolina",Gardner-Webb,NR,105,Toccoa Falls,NR,65,Gardner-Webb
9,2025-12-18-Hampton-vs-Jackson State-m,2025-12-18,,Jackson State,NR,77,Hampton,NR,84,Hampton
10,2025-12-18-Coastal Carolina-vs-Appalachian State-m,2025-12-18,"Holmes Convocation Center, Boone, North Carolina",Appalachian State,NR,67,Coastal Carolina,NR,49,Appalachian State
11,2025-12-18-Morris College-vs-UNC Asheville-m,2025-12-18,"Kimmel Arena, Asheville, North Carolina",UNC Asheville,NR,89,Morris College,NR,56,UNC Asheville
12,2025-12-18-Fairfield-vs-Central Connecticut-m,2025-12-18,"Detrick Gymnasium, New Britain, Connecticut",Central Connecticut,NR,70,Fairfield,NR,84,Fairfield
13,2025-12-18-Temple-vs-Davidson-m,2025-12-18,"Belk Arena, Davidson, North Carolina",Davidson,NR,63,Temple,NR,68,Temple
14,2025-12-18-Norfolk State-vs-Grambling-m,2025-12-18,,Grambling,NR,80,Norfolk State,NR,68,Grambling
15,2025-12-18-Penn State Hazleton-vs-Lehigh-m,2025-12-18,"Stabler Arena, Bethlehem, Pennsylvania",Lehigh,NR,83,Penn State Hazleton,NR,74,Lehigh
16,2025-12-18-Furman-vs-Manhattan-m,2025-12-18,"Draddy Gymnasium, Riverdale, New York",Manhattan,NR,68,Furman,NR,75,Furman
17,2025-12-18-Southern Utah-vs-Northern Arizona-m,2025-12-18,"Findlay Toyota Court at Walkup Skydome, Flagstaff, Arizona",Northern Arizona,NR,65,Southern Utah,NR,57,Northern Arizona
18,2025-12-18-Delaware State-vs-St. Joseph's-m,2025-12-18,"Hagan Arena, Philadelphia, Pennsylvania",St. Joseph's,NR,67,Delaware State,NR,51,St. Joseph's
19,2025-12-18-Radford-vs-William & Mary-m,2025-12-18,"Kaplan Arena at William and Mary Hall, Williamsburg, Virginia",William & Mary,NR,96,Radford,NR,83,William & Mary
20,2025-12-18-Georgia State-vs-Georgia Southern-m,2025-12-18,"Jack and Ruth Ann Hill Convocation Center, Statesboro, Georgia",Georgia Southern,NR,90,Georgia State,NR,67,Georgia Southern
21,2025-12-18-Western Illinois-vs-Lindenwood-m,2025-12-18,"Hyland Performance Arena, Saint Charles, Missouri",Lindenwood,NR,92,Western Illinois,NR,76,Lindenwood
22,2025-12-18-Winthrop-vs-North Dakota-m,2025-12-18,"Betty Engelstad Sioux Center , Grand Forks, North Dakota",North Dakota,NR,90,Winthrop,NR,88,North Dakota
23,2025-12-18-Kansas City-vs-Oklahoma State-m,2025-12-18,"Gallagher-Iba Arena, Stillwater, Oklahoma",Oklahoma State,NR,91,Kansas City,NR,79,Oklahoma State
24,2025-12-18-Little Rock-vs-Southern Indiana-m,2025-12-18,"Screaming Eagles Arena, Evansville, Indiana",Southern Indiana,NR,62,Little Rock,NR,77,Little Rock
25,2025-12-18-UT-Martin-vs-Tennessee State-m,2025-12-18,"Gentry Center Complex, Nashville, Tennessee",Tennessee State,NR,78,UT-Martin,NR,71,Tennessee State
26,2025-12-18-Southeast Missouri State-vs-Tennessee Tech-m,2025-12-18,"Eblen Center, Cookeville, Tennessee",Tennessee Tech,NR,85,Southeast Missouri State,NR,74,Tennessee Tech
27,2025-12-18-Oral Roberts-vs-TCU-m,2025-12-18,"Ed & Rae Schollmaier Arena, Fort Worth, Texas",TCU,NR,72,Oral Roberts,NR,53,TCU
28,2025-12-18-Nobel University-vs-Cal State Bakersfield-m,2025-12-18,"Icardo Center, Bakersfield, California",Cal State Bakersfield,NR,97,Nobel University,NR,66,Cal State Bakersfield
29,2025-12-18-Montana Western-vs-Idaho State-m,2025-12-18,"Reed Gym, Pocatello, Idaho",Idaho State,NR,80,Montana Western,NR,64,Idaho State
30,2025-12-18-Illinois State-vs-Southern Illinois-m,2025-12-18,"The SIU Arena, Carbondale, Illinois",Southern Illinois,NR,68,Illinois State,NR,75,Illinois State
31,2025-12-18-Pepperdine-vs-Long Beach State-m,2025-12-18,"The Walter Pyramid, Long Beach, California",Long Beach State,NR,81,Pepperdine,NR,78,Long Beach State
32,2025-12-19-Abilene Christian-vs-BYU-m,2025-12-19,"Marriott Center, Provo, Utah",BYU, 10 ,85,Abilene Christian,NR,67,BYU
33,2025-12-19-Mount St. Mary's-vs-Drexel-m,2025-12-19,"Daskalakis Athletic Center, Philadelphia, Pennsylvania",Drexel,NR,75,Mount St. Mary's,NR,67,Drexel
34,2025-12-19-Mississippi Valley State-vs-Florida State-m,2025-12-19,"Donald L. Tucker Center, Tallahassee, Florida",Florida State,NR,96,Mississippi Valley State,NR,49,Florida State
35,2025-12-19-Seton Hall-vs-Providence-m,2025-12-19,"Dunkin' Donuts Center, Providence, Rhode Island",Providence,NR,67,Seton Hall,NR,72,Seton Hall
36,2025-12-19-Notre Dame (MD)-vs-Towson-m,2025-12-19,"SECU Arena, Towson, Maryland",Towson,NR,107,Notre Dame (MD),NR,60,Towson
37,2025-12-19-Alcorn State-vs-Baylor-m,2025-12-19,"Foster Pavilion, Waco, Texas",Baylor,NR,113,Alcorn State,NR,56,Baylor
38,2025-12-19-Villanova-vs-Wisconsin-m,2025-12-19,"Fiserv Forum, Milwaukee, Wisconsin",Wisconsin,NR,66,Villanova,NR,76,Villanova
39,2025-12-19-Morgan State-vs-California-m,2025-12-19,"Haas Pavilion, Berkeley, California",California,NR,97,Morgan State,NR,50,California
40,2025-12-19-Washington-vs-Seattle-m,2025-12-19,"Climate Pledge Arena, Seattle, Washington",Seattle,NR,70,Washington,NR,66,Seattle
41,2025-12-19-Cal Poly-vs-UCLA-m,2025-12-19,"Pauley Pavilion, Los Angeles, California",UCLA,NR,108,Cal Poly,NR,87,UCLA
42,2025-12-19-Dartmouth-vs-Sacred Heart-m,2025-12-19,"William H. Pitt Center, Fairfield, Connecticut",Sacred Heart,NR,85,Dartmouth,NR,63,Sacred Heart
43,2025-12-19-Brewton-Parker-vs-South Carolina State-m,2025-12-19,"SHM Memorial Center, Orangeburg, South Carolina",South Carolina State,NR,68,Brewton-Parker,NR,54,South Carolina State
44,2025-12-19-Reinhardt-vs-Samford-m,2025-12-19,"Pete Hanna Center, Birmingham, Alabama",Samford,NR,85,Reinhardt,NR,49,Samford
45,2025-12-19-Lehman-vs-FDU-m,2025-12-19,"Bogota Savings Bank Center, Teaneck, New Jersey",FDU,NR,76,Lehman,NR,42,FDU
46,2025-12-19-Grambling-vs-Hampton-m,2025-12-19,,Hampton,NR,72,Grambling,NR,81,Grambling
47,2025-12-19-South Dakota State-vs-Milwaukee-m,2025-12-19,"Fiserv Forum, Milwaukee, Wisconsin",Milwaukee,NR,88,South Dakota State,NR,87,Milwaukee
48,2025-12-19-Coppin State-vs-Navy-m,2025-12-19,"Alumni Hall, Annapolis, Maryland",Navy,NR,88,Coppin State,NR,55,Navy
49,2025-12-19-La Sierra-vs-Cal State Northridge-m,2025-12-19,"The Matadome, Northridge, California",Cal State Northridge,NR,88,La Sierra,NR,53,Cal State Northridge
50,2025-12-19-Eastern Michigan-vs-Akron-m,2025-12-19,"James A. Rhodes Arena, Akron, Ohio",Akron,NR,93,Eastern Michigan,NR,72,Akron
51,2025-12-19-La Salle-vs-High Point-m,2025-12-19,"Qubein Center, High Point, North Carolina",High Point,NR,84,La Salle,NR,72,High Point
52,2025-12-19-Norfolk State-vs-Jackson State-m,2025-12-19,,Jackson State,NR,72,Norfolk State,NR,82,Norfolk State
53,2025-12-19-Tulsa-vs-Western Kentucky-m,2025-12-19,"E.A. Diddle Arena, Bowling Green, Kentucky",Western Kentucky,NR,81,Tulsa,NR,82,Tulsa
54,2025-12-19-Southeastern Louisiana-vs-LSU-m,2025-12-19,"Maravich Assembly Center, Baton Rouge, Louisiana",LSU,NR,78,Southeastern Louisiana,NR,65,LSU
55,2025-12-19-North Alabama-vs-Loyola Marymount-m,2025-12-19,"Albert Gersten Pavilion, Los Angeles, California",Loyola Marymount,NR,91,North Alabama,NR,57,Loyola Marymount
56,2025-12-19-Florida A&M-vs-Tarleton State-m,2025-12-19,,Tarleton State,NR,78,Florida A&M,NR,54,Tarleton State
57,2025-12-19-Belmont-vs-UC-Irvine-m,2025-12-19,"Bren Events Center, Irvine, California",UC-Irvine,NR,58,Belmont,NR,84,Belmont
58,2025-12-19-San Diego-vs-UC-San Diego-m,2025-12-19,"RIMAC Arena, La Jolla, California",UC-San Diego,NR,80,San Diego,NR,82,San Diego
59,2025-12-19-Florida Atlantic-vs-Saint Mary's-m,2025-12-19,"McKeon Pavilion, Moraga, California",Saint Mary's,NR,88,Florida Atlantic,NR,75,Saint Mary's
60,2025-12-20-San Diego State-vs-Arizona-m,2025-12-20,"Mortgage Matchup Center, Phoenix, Arizona",Arizona, 1 ,68,San Diego State,NR,45,Arizona
61,2025-12-20-Texas Tech-vs-Duke-m,2025-12-20,"Madison Square Garden (IV), New York, New York",Duke, 3 ,81,Texas Tech, 19 ,82,Texas Tech
62,2025-12-20-Auburn-vs-Purdue-m,2025-12-20,"Gainbridge Fieldhouse, Indianapolis, Indiana",Purdue, 6 ,88,Auburn, 21 ,60,Purdue
63,2025-12-20-Houston-vs-Arkansas-m,2025-12-20,"Prudential Center, Newark, New Jersey",Arkansas, 14 ,85,Houston, 8 ,94,Houston
64,2025-12-20-Oakland-vs-Michigan State-m,2025-12-20,"Little Caesars Arena, Detroit, Michigan",Michigan State, 9 ,79,Oakland,NR,70,Michigan State
65,2025-12-20-Montana-vs-Louisville-m,2025-12-20,"KFC Yum! Center, Louisville, Kentucky",Louisville, 11 ,94,Montana,NR,54,Louisville
66,2025-12-20-UNC-vs-Ohio State-m,2025-12-20,"State Farm Arena, Atlanta, Georgia",Ohio State,NR,70,UNC, 12 ,71,UNC
67,2025-12-20-St. John's (NY)-vs-Kentucky-m,2025-12-20,"State Farm Arena, Atlanta, Georgia",Kentucky,NR,78,St. John's (NY), 22 ,66,Kentucky
68,2025-12-20-Maryland-vs-Virginia-m,2025-12-20,"John Paul Jones Arena, Charlottesville, Virginia",Virginia, 23 ,80,Maryland,NR,72,Virginia
69,2025-12-20-Florida Gulf Coast-vs-UCF-m,2025-12-20,"CFE Arena, Orlando, Florida",UCF,NR,102,Florida Gulf Coast,NR,80,UCF
70,2025-12-20-Liberty-vs-Dayton-m,2025-12-20,"University of Dayton Arena, Dayton, Ohio",Dayton,NR,61,Liberty,NR,64,Liberty
71,2025-12-20-Jacksonville State-vs-ETSU-m,2025-12-20,"Freedom Hall Civic Center, Johnson City, Tennessee",ETSU,NR,75,Jacksonville State,NR,81,Jacksonville State
72,2025-12-20-LIU-vs-Florida International-m,2025-12-20,"FIU Arena, Miami, Florida",Florida International,NR,86,LIU,NR,79,Florida International
73,2025-12-20-Lafayette-vs-Georgia Tech-m,2025-12-20,"McCamish Pavilion, Atlanta, Georgia",Georgia Tech,NR,95,Lafayette,NR,81,Georgia Tech
74,2025-12-20-Chicago State-vs-Indiana-m,2025-12-20,"Assembly Hall, Bloomington, Indiana",Indiana,NR,78,Chicago State,NR,58,Indiana
75,2025-12-20-Kent State-vs-UMass-m,2025-12-20,"Mullins Center, Amherst, Massachusetts",UMass,NR,59,Kent State,NR,69,Kent State
76,2025-12-20-Bowling Green-vs-Ohio-m,2025-12-20,"Convocation Center, Athens, Ohio",Ohio,NR,58,Bowling Green,NR,68,Bowling Green
77,2025-12-20-The Citadel-vs-Richmond-m,2025-12-20,"Robins Center, Richmond, Virginia",Richmond,NR,80,The Citadel,NR,56,Richmond
78,2025-12-20-Penn-vs-Rutgers-m,2025-12-20,"Rutgers Athletic Center, New Brunswick, New Jersey",Rutgers,NR,70,Penn,NR,69,Rutgers
79,2025-12-20-Northeastern-vs-Syracuse-m,2025-12-20,"JMA Wireless Dome, Syracuse, New York",Syracuse,NR,91,Northeastern,NR,83,Syracuse
80,2025-12-20-Iona-vs-Vermont-m,2025-12-20,"Roy L. Patrick Gymnasium, Burlington, Vermont",Vermont,NR,78,Iona,NR,83,Iona
81,2025-12-20-Elon-vs-Virginia Tech-m,2025-12-20,"Cassell Coliseum, Blacksburg, Virginia",Virginia Tech,NR,82,Elon,NR,81,Virginia Tech
82,2025-12-20-Central Michigan-vs-Northern Illinois-m,2025-12-20,"Convocation Center, DeKalb, Illinois",Northern Illinois,NR,74,Central Michigan,NR,73,Northern Illinois
83,2025-12-20-Arkansas State-vs-Southern Miss-m,2025-12-20,"Reed Green Coliseum, Hattiesburg, Mississippi",Southern Miss,NR,86,Arkansas State,NR,93,Arkansas State
84,2025-12-20-UT-Martin-vs-Tennessee Tech-m,2025-12-20,"Eblen Center, Cookeville, Tennessee",Tennessee Tech,NR,62,UT-Martin,NR,86,UT-Martin
85,2025-12-20-Marshall-vs-Troy-m,2025-12-20,"Trojan Arena, Troy, Alabama",Troy,NR,70,Marshall,NR,63,Troy
86,2025-12-20-Stanford-vs-Colorado-m,2025-12-20,"Mortgage Matchup Center, Phoenix, Arizona",Colorado,NR,68,Stanford,NR,77,Stanford
87,2025-12-20-Blue Mountain Christian University-vs-Lipscomb-m,2025-12-20,"Allen Arena, Nashville, Tennessee",Lipscomb,NR,123,Blue Mountain Christian University,NR,60,Lipscomb
88,2025-12-20-San Jose State-vs-New Mexico-m,2025-12-20,"The Pit, Albuquerque, New Mexico",New Mexico,NR,88,San Jose State,NR,65,New Mexico
89,2025-12-20-Eastern Washington-vs-Utah-m,2025-12-20,"Jon M. Huntsman Center, Salt Lake City, Utah",Utah,NR,101,Eastern Washington,NR,77,Utah
90,2025-12-20-Colorado State-vs-Utah State-m,2025-12-20,"Dee Glen Smith Spectrum, Logan, Utah",Utah State,NR,100,Colorado State,NR,58,Utah State
91,2025-12-20-Grand Canyon-vs-Wyoming-m,2025-12-20,"Arena-Auditorium, Laramie, Wyoming",Wyoming,NR,70,Grand Canyon,NR,82,Grand Canyon
92,2025-12-20-Boise State-vs-Nevada-m,2025-12-20,"Lawlor Events Center, Reno, Nevada",Nevada,NR,81,Boise State,NR,66,Nevada
93,2025-12-20-Fresno State-vs-UNLV-m,2025-12-20,"Thomas & Mack Center, Las Vegas, Nevada",UNLV,NR,84,Fresno State,NR,72,UNLV
94,2025-12-20-South Dakota-vs-Kansas State-m,2025-12-20,"Bramlage Coliseum, Manhattan, Kansas",Kansas State,NR,106,South Dakota,NR,76,Kansas State
95,2025-12-20-Mid-Atlantic Christian-vs-North Carolina A&T-m,2025-12-20,"Corbett Sports Center, Greensboro, North Carolina",North Carolina A&T,NR,95,Mid-Atlantic Christian,NR,55,North Carolina A&T
96,2025-12-20-Lourdes-vs-Toledo-m,2025-12-20,"John F. Savage Hall, Toledo, Ohio",Toledo,NR,100,Lourdes,NR,67,Toledo
97,2025-12-20-Georgia State-vs-Appalachian State-m,2025-12-20,"Holmes Convocation Center, Boone, North Carolina",Appalachian State,NR,63,Georgia State,NR,70,Georgia State
98,2025-12-20-Siena Heights-vs-Detroit Mercy-m,2025-12-20,"Calihan Hall, Detroit, Michigan",Detroit Mercy,NR,91,Siena Heights,NR,60,Detroit Mercy
99,2025-12-20-Houghton-vs-Niagara-m,2025-12-20,"Gallagher Center, Niagara University, New York",Niagara,NR,81,Houghton,NR,58,Niagara
100,2025-12-20-Robert Morris-vs-Saint Francis (PA)-m,2025-12-20,"DeGol Arena, Loretto, Pennsylvania",Saint Francis (PA),NR,70,Robert Morris,NR,79,Robert Morris
101,2025-12-20-Buffalo-vs-Western Michigan-m,2025-12-20,"University Arena, Kalamazoo, Michigan",Western Michigan,NR,71,Buffalo,NR,88,Buffalo
102,2025-12-20-USC Upstate-vs-Youngstown State-m,2025-12-20,"Beeghly Center, Youngstown, Ohio",Youngstown State,NR,74,USC Upstate,NR,65,Youngstown State
103,2025-12-20-Miami (OH)-vs-Ball State-m,2025-12-20,"Worthen Arena, Muncie, Indiana",Ball State,NR,77,Miami (OH),NR,86,Miami (OH)
104,2025-12-20-Holy Cross-vs-Harvard-m,2025-12-20,"Lavietes Pavilion, Boston, Massachusetts",Harvard,NR,81,Holy Cross,NR,53,Harvard
105,2025-12-20-Harris-Stowe-vs-Lindenwood-m,2025-12-20,"Hyland Performance Arena, Saint Charles, Missouri",Lindenwood,NR,109,Harris-Stowe,NR,52,Lindenwood
106,2025-12-20-Binghamton-vs-Mercyhurst-m,2025-12-20,"Mercyhurst Athletic Center, Erie, Pennsylvania",Mercyhurst,NR,82,Binghamton,NR,61,Mercyhurst
107,2025-12-20-Memphis-vs-Mississippi State-m,2025-12-20,"Humphrey Coliseum, Starkville, Mississippi",Mississippi State,NR,71,Memphis,NR,66,Mississippi State
108,2025-12-20-Longwood-vs-North Carolina Central-m,2025-12-20,"McLendon-McDougald Gym, Durham, North Carolina",North Carolina Central,NR,72,Longwood,NR,74,Longwood
109,2025-12-20-Howard-vs-UNC Wilmington-m,2025-12-20,"Trask Coliseum, Wilmington, North Carolina",UNC Wilmington,NR,66,Howard,NR,67,Howard
110,2025-12-20-Southern University at New Orleans-vs-Northwestern State-m,2025-12-20,"Prather Coliseum, Natchitoches, Louisiana",Northwestern State,NR,108,Southern University at New Orleans,NR,55,Northwestern State
111,2025-12-20-Coastal Carolina-vs-Old Dominion-m,2025-12-20,"Ted Constant Convocation Ctr., Norfolk, Virginia",Old Dominion,NR,74,Coastal Carolina,NR,76,Coastal Carolina
112,2025-12-20-Paul Quinn-vs-Prairie View-m,2025-12-20,"William J. Nicks Building, Prairie View, Texas",Prairie View,NR,100,Paul Quinn,NR,64,Prairie View
113,2025-12-20-Le Moyne-vs-St. Bonaventure-m,2025-12-20,"Reilly Center, St. Bonaventure, New York",St. Bonaventure,NR,92,Le Moyne,NR,81,St. Bonaventure
114,2025-12-20-Louisiana-vs-Louisiana-Monroe-m,2025-12-20,"Fant-Ewing Coliseum, Monroe, Louisiana",Louisiana-Monroe,NR,62,Louisiana,NR,76,Louisiana
115,2025-12-20-Denver-vs-Northern Colorado-m,2025-12-20,"Bank of Colorado Arena, Greeley, Colorado",Northern Colorado,NR,79,Denver,NR,86,Denver
116,2025-12-20-College of Biblical Studies-vs-Texas-Rio Grande Valley-m,2025-12-20,"UTRGV Fieldhouse, Edinburg, Texas",Texas-Rio Grande Valley,NR,109,College of Biblical Studies,NR,51,Texas-Rio Grande Valley
117,2025-12-20-South Alabama-vs-Texas State-m,2025-12-20,"Strahan Coliseum, San Marcos, Texas",Texas State,NR,67,South Alabama,NR,65,Texas State
118,2025-12-20-Northwestern-vs-Butler-m,2025-12-20,"Gainbridge Fieldhouse, Indianapolis, Indiana",Butler,NR,61,Northwestern,NR,58,Butler
119,2025-12-20-Morehead State-vs-Southern Indiana-m,2025-12-20,"Screaming Eagles Arena, Evansville, Indiana",Southern Indiana,NR,60,Morehead State,NR,64,Morehead State
120,2025-12-20-Southeast Missouri State-vs-Tennessee State-m,2025-12-20,"Gentry Center Complex, Nashville, Tennessee",Tennessee State,NR,82,Southeast Missouri State,NR,91,Southeast Missouri State
121,2025-12-20-Bethesda University (CA)-vs-Utah Valley-m,2025-12-20,"UCCU Center, Orem, Utah",Utah Valley,NR,109,Bethesda University (CA),NR,48,Utah Valley
122,2025-12-20-James Madison-vs-Georgia Southern-m,2025-12-20,"Jack and Ruth Ann Hill Convocation Center, Statesboro, Georgia",Georgia Southern,NR,96,James Madison,NR,92,Georgia Southern
123,2025-12-20-Loyola (IL)-vs-Santa Clara-m,2025-12-20,"Kaiser Permanente Arena, Santa Cruz, California",Santa Clara,NR,78,Loyola (IL),NR,80,Loyola (IL)
124,2025-12-20-Mercer-vs-Washington State-m,2025-12-20,"Friel Court at Beasley Coliseum, Pullman, Washington",Washington State,NR,84,Mercer,NR,78,Washington State
125,2025-12-20-Bucknell-vs-Iowa-m,2025-12-20,"Wells Fargo Arena, Des Moines, Iowa",Iowa,NR,94,Bucknell,NR,39,Iowa
126,2025-12-20-Omaha-vs-Lamar-m,2025-12-20,"Montagne Center, Beaumont, Texas",Lamar,NR,82,Omaha,NR,85,Omaha
127,2025-12-20-Portland State-vs-Tulane-m,2025-12-20,"Devlin Fieldhouse, New Orleans, Louisiana",Tulane,NR,63,Portland State,NR,61,Tulane
128,2025-12-20-Sacramento State-vs-California Baptist-m,2025-12-20,"CBU Events Center, Riverside, California",California Baptist,NR,74,Sacramento State,NR,67,California Baptist
129,2025-12-20-Marquette-vs-Creighton-m,2025-12-20,"CHI Health Center Omaha, Omaha, Nebraska",Creighton,NR,84,Marquette,NR,63,Creighton
130,2025-12-20-Xavier-vs-Georgetown-m,2025-12-20,"Capital One Arena, Washington, District of Columbia",Georgetown,NR,77,Xavier,NR,80,Xavier
131,2025-12-20-UC-Riverside-vs-St. Thomas-m,2025-12-20,,St. Thomas,NR,92,UC-Riverside,NR,78,St. Thomas
132,2025-12-20-Southwestern Adventist-vs-Texas A&M-Corpus Christi-m,2025-12-20,"Dugan Wellness Center, Corpus Christi, Texas",Texas A&M-Corpus Christi,NR,93,Southwestern Adventist,NR,36,Texas A&M-Corpus Christi
133,2025-12-20-Rice-vs-Pepperdine-m,2025-12-20,"Firestone Fieldhouse, Malibu, California",Pepperdine,NR,84,Rice,NR,62,Pepperdine
134,2025-12-20-Utah Tech-vs-Weber State-m,2025-12-20,"Dee Events Center, Ogden, Utah",Weber State,NR,80,Utah Tech,NR,82,Utah Tech
135,2025-12-21-La Salle-vs-Michigan-m,2025-12-21,"Crisler Arena, Ann Arbor, Michigan",Michigan, 2 ,102,La Salle,NR,50,Michigan
136,2025-12-21-Long Beach State-vs-Iowa State-m,2025-12-21,"James H. Hilton Coliseum , Ames, Iowa",Iowa State, 4 ,91,Long Beach State,NR,60,Iowa State
137,2025-12-21-UConn-vs-DePaul-m,2025-12-21,"Wintrust Arena, Chicago, Illinois",DePaul,NR,54,UConn, 5 ,72,UConn
138,2025-12-21-Gonzaga-vs-Oregon-m,2025-12-21,"Moda Center, Portland, Oregon",Oregon,NR,82,Gonzaga, 7 ,91,Gonzaga
139,2025-12-21-Vanderbilt-vs-Wake Forest-m,2025-12-21,"Lawrence Joel Coliseum, Winston-Salem, North Carolina",Wake Forest,NR,67,Vanderbilt, 13 ,98,Vanderbilt
140,2025-12-21-North Dakota-vs-Nebraska-m,2025-12-21,"Pinnacle Bank Arena, Lincoln, Nebraska",Nebraska, 15 ,78,North Dakota,NR,55,Nebraska
141,2025-12-21-Kennesaw State-vs-Alabama-m,2025-12-21,"Von Braun Center, Huntsville, Alabama",Alabama, 16 ,92,Kennesaw State,NR,81,Alabama
142,2025-12-21-Gardner-Webb-vs-Tennessee-m,2025-12-21,"Thompson-Boling Arena, Knoxville, Tennessee",Tennessee, 20 ,94,Gardner-Webb,NR,52,Tennessee
143,2025-12-21-Colgate-vs-Florida-m,2025-12-21,"Stephen C. O'Connell Center, Gainesville, Florida",Florida, 23 ,90,Colgate,NR,60,Florida
144,2025-12-21-UMass-Lowell-vs-Boston University-m,2025-12-21,"Case Gym, Boston, Massachusetts",Boston University,NR,88,UMass-Lowell,NR,76,Boston University
145,2025-12-21-UIC-vs-Charlotte-m,2025-12-21,"Dale F. Halton Arena, Charlotte, North Carolina",Charlotte,NR,88,UIC,NR,76,Charlotte
146,2025-12-21-Cincinnati-vs-Clemson-m,2025-12-21,"Bon Secours Wellness Arena, Greenville, South Carolina",Clemson,NR,68,Cincinnati,NR,65,Clemson
147,2025-12-21-Charleston Southern-vs-Furman-m,2025-12-21,"Timmons Arena, Greenville, South Carolina",Furman,NR,84,Charleston Southern,NR,76,Furman
148,2025-12-21-Virginia University of Lynchburg-vs-UNC Greensboro-m,2025-12-21,"Fleming Gymnasium, Greensboro, North Carolina",UNC Greensboro,NR,131,Virginia University of Lynchburg,NR,53,UNC Greensboro
149,2025-12-21-College of Charleston-vs-Northern Kentucky-m,2025-12-21,"Bank of Kentucky Center, Highland Heights, Kentucky",Northern Kentucky,NR,74,College of Charleston,NR,85,College of Charleston
150,2025-12-21-Pitt-vs-Penn State-m,2025-12-21,,Penn State,NR,46,Pitt,NR,80,Pitt
151,2025-12-21-UNC Asheville-vs-UAB-m,2025-12-21,"Bartow Arena, Birmingham, Alabama",UAB,NR,72,UNC Asheville,NR,47,UAB
152,2025-12-21-Southern-vs-Baylor-m,2025-12-21,"Foster Pavilion, Waco, Texas",Baylor,NR,111,Southern,NR,67,Baylor
153,2025-12-21-Southern Illinois-vs-Bradley-m,2025-12-21,"Carver Arena, Peoria, Illinois",Bradley,NR,73,Southern Illinois,NR,69,Bradley
154,2025-12-21-Drake-vs-Evansville-m,2025-12-21,"Ford Center, Evansville, Indiana",Evansville,NR,65,Drake,NR,66,Drake
155,2025-12-21-Indiana State-vs-Illinois State-m,2025-12-21,"Redbird Arena, Normal, Illinois",Illinois State,NR,85,Indiana State,NR,65,Illinois State
156,2025-12-21-Cumberland University-vs-Middle Tennessee-m,2025-12-21,"Murphy Athletic Center, Murfreesboro, Tennessee",Middle Tennessee,NR,74,Cumberland University,NR,58,Middle Tennessee
157,2025-12-21-Sam Houston-vs-New Mexico State-m,2025-12-21,"Pan American Center, Las Cruces, New Mexico",New Mexico State,NR,87,Sam Houston,NR,78,New Mexico State
158,2025-12-21-Idaho-vs-Cal Poly-m,2025-12-21,"Robert A. Mott Athletics Center, San Luis Obispo, California",Cal Poly,NR,80,Idaho,NR,83,Idaho
159,2025-12-21-Columbia-vs-California-m,2025-12-21,"Haas Pavilion, Berkeley, California",California,NR,74,Columbia,NR,56,California
160,2025-12-21-Morgan State-vs-San Francisco-m,2025-12-21,"War Memorial at The Sobrato Center, San Francisco, California",San Francisco,NR,94,Morgan State,NR,64,San Francisco
161,2025-12-21-UC-Santa Cruz-vs-USC-m,2025-12-21,"Galen Center, Los Angeles, California",USC,NR,102,UC-Santa Cruz,NR,63,USC
162,2025-12-21-Penn State Brandywine-vs-Mount St. Mary's-m,2025-12-21,"Knott Arena, Emmitsburg, Maryland",Mount St. Mary's,NR,73,Penn State Brandywine,NR,42,Mount St. Mary's
163,2025-12-21-Rosemont-vs-Navy-m,2025-12-21,"Alumni Hall, Annapolis, Maryland",Navy,NR,70,Rosemont,NR,23,Navy
164,2025-12-21-Purdue Fort Wayne-vs-Notre Dame-m,2025-12-21,"Purcell Pavilion at the Joyce Center, South Bend, Indiana",Notre Dame,NR,69,Purdue Fort Wayne,NR,72,Purdue Fort Wayne
165,2025-12-21-Clinton College-vs-Winthrop-m,2025-12-21,"Winthrop Coliseum, Rock Hill, South Carolina",Winthrop,NR,107,Clinton College,NR,41,Winthrop
166,2025-12-21-Quinnipiac-vs-Hofstra-m,2025-12-21,"Mack Sports Complex, Hempstead, New York",Hofstra,NR,74,Quinnipiac,NR,66,Hofstra
167,2025-12-21-Stony Brook-vs-Marist-m,2025-12-21,"McCann Recreation Center, Poughkeepsie, New York",Marist,NR,70,Stony Brook,NR,51,Marist
168,2025-12-21-Lehigh-vs-Monmouth-m,2025-12-21,"Multipurpose Activity Center, West Long Branch, New Jersey",Monmouth,NR,76,Lehigh,NR,62,Monmouth
169,2025-12-21-Ole Miss-vs-NC State-m,2025-12-21,"First Horizon Coliseum, Greensboro, North Carolina",NC State,NR,76,Ole Miss,NR,62,NC State
170,2025-12-21-Cornell-vs-Albany (NY)-m,2025-12-21,"Broadview Center, Albany, New York",Albany (NY),NR,75,Cornell,NR,83,Cornell
171,2025-12-21-Holy Family-vs-Delaware State-m,2025-12-21,"Memorial Hall, Dover, Delaware",Delaware State,NR,73,Holy Family,NR,61,Delaware State
172,2025-12-21-Maine-vs-Drexel-m,2025-12-21,"Daskalakis Athletic Center, Philadelphia, Pennsylvania",Drexel,NR,74,Maine,NR,56,Drexel
173,2025-12-21-Loyola (MD)-vs-George Mason-m,2025-12-21,"EagleBank Arena, Fairfax, Virginia",George Mason,NR,86,Loyola (MD),NR,79,George Mason
174,2025-12-21-Presbyterian-vs-Manhattan-m,2025-12-21,"Draddy Gymnasium, Riverdale, New York",Manhattan,NR,87,Presbyterian,NR,81,Manhattan
175,2025-12-21-Cal State Fullerton-vs-Oklahoma State-m,2025-12-21,"Gallagher-Iba Arena, Stillwater, Oklahoma",Oklahoma State,NR,94,Cal State Fullerton,NR,89,Oklahoma State
176,2025-12-21-VMI-vs-Radford-m,2025-12-21,"Donald N. Dedmon Center, Radford, Virginia",Radford,NR,97,VMI,NR,90,Radford
177,2025-12-21-Central Arkansas-vs-SMU-m,2025-12-21,"Moody Coliseum, Dallas, Texas",SMU,NR,99,Central Arkansas,NR,82,SMU
178,2025-12-21-Dallas-vs-Stephen F. Austin-m,2025-12-21,"William Johnson Coliseum, Nacogdoches, Texas",Stephen F. Austin,NR,103,Dallas,NR,55,Stephen F. Austin
179,2025-12-21-Murray State-vs-Valparaiso-m,2025-12-21,"AthleticsâRecreation Center, Valparaiso, Indiana",Valparaiso,NR,79,Murray State,NR,85,Murray State
180,2025-12-21-Oregon State-vs-Arizona State-m,2025-12-21,"Desert Financial Arena, Tempe, Arizona",Arizona State,NR,75,Oregon State,NR,78,Oregon State
181,2025-12-21-Northern Arizona-vs-Incarnate Word-m,2025-12-21,"McDermott Center, San Antonio, Texas",Incarnate Word,NR,90,Northern Arizona,NR,66,Incarnate Word
182,2025-12-21-North Florida-vs-Miami (FL)-m,2025-12-21,"Watsco Center, Coral Gables, Florida",Miami (FL),NR,105,North Florida,NR,67,Miami (FL)
183,2025-12-21-New Hampshire-vs-Saint Louis-m,2025-12-21,"Chaifetz Arena, St. Louis, Missouri",Saint Louis,NR,93,New Hampshire,NR,79,Saint Louis
184,2025-12-21-UMBC-vs-South Florida-m,2025-12-21,"Yuengling Center, Tampa, Florida",South Florida,NR,94,UMBC,NR,69,South Florida
185,2025-12-21-East Texas A&M-vs-Texas A&M-m,2025-12-21,"Reed Arena, College Station, Texas",Texas A&M,NR,118,East Texas A&M,NR,77,Texas A&M
186,2025-12-21-Florida A&M-vs-TCU-m,2025-12-21,"Ed & Rae Schollmaier Arena, Fort Worth, Texas",TCU,NR,80,Florida A&M,NR,56,TCU
187,2025-12-21-Milwaukee-vs-Cleveland State-m,2025-12-21,"Henry J. Goodman Arena, Cleveland, Ohio",Cleveland State,NR,71,Milwaukee,NR,81,Milwaukee
188,2025-12-21-Eastern Kentucky-vs-Wichita State-m,2025-12-21,"Charles Koch Arena, Wichita, Kansas",Wichita State,NR,88,Eastern Kentucky,NR,57,Wichita State
189,2025-12-21-UC-Davis-vs-Idaho State-m,2025-12-21,"Reed Gym, Pocatello, Idaho",Idaho State,NR,83,UC-Davis,NR,93,UC-Davis
190,2025-12-21-Campbell-vs-Minnesota-m,2025-12-21,"Williams Arena, Minneapolis, Minnesota",Minnesota,NR,78,Campbell,NR,50,Minnesota
191,2025-12-21-North Dakota State-vs-UC-Irvine-m,2025-12-21,"Don Haskins Center, El Paso, Texas",UC-Irvine,NR,74,North Dakota State,NR,73,UC-Irvine
192,2025-12-21-Nicholls State-vs-Pacific-m,2025-12-21,"A.G. Spanos Center, Stockton, California",Pacific,NR,95,Nicholls State,NR,82,Pacific
193,2025-12-21-Chattanooga-vs-Alabama A&M-m,2025-12-21,"Alabama A&M Events Center, Huntsville, Alabama",Alabama A&M,NR,66,Chattanooga,NR,73,Chattanooga
194,2025-12-21-Norfolk State-vs-UTEP-m,2025-12-21,"Don Haskins Center, El Paso, Texas",UTEP,NR,71,Norfolk State,NR,72,Norfolk State
