,GameID,Date,Team,Location,Rank,Points,Result
0,2025-11-03-Lehigh-vs-Houston-m,2025-11-03,Lehigh,away,NR,57,L
1,2025-11-03-Lehigh-vs-Houston-m,2025-11-03,Houston,home, 2 ,75,W
2,2025-11-03-Arizona-vs-Florida-m,2025-11-03,Arizona,away, 13 ,93,W
3,2025-11-03-Arizona-vs-Florida-m,2025-11-03,Florida,home, 3 ,87,L
4,2025-11-03-New Haven-vs-UConn-m,2025-11-03,New Haven,away,NR,55,L
5,2025-11-03-New Haven-vs-UConn-m,2025-11-03,UConn,home, 4 ,79,W
6,2025-11-03-Quinnipiac-vs-St. John's (NY)-m,2025-11-03,Quinnipiac,away,NR,74,L
7,2025-11-03-Quinnipiac-vs-St. John's (NY)-m,2025-11-03,St. John's (NY),home, 5 ,108,W
8,2025-11-03-Oakland-vs-Michigan-m,2025-11-03,Oakland,away,NR,78,L
9,2025-11-03-Oakland-vs-Michigan-m,2025-11-03,Michigan,home, 7 ,121,W
10,2025-11-03-Villanova-vs-BYU-m,2025-11-03,Villanova,away,NR,66,L
11,2025-11-03-Villanova-vs-BYU-m,2025-11-03,BYU,home, 8 ,71,W
12,2025-11-03-South Carolina State-vs-Louisville-m,2025-11-03,South Carolina State,away,NR,45,L
13,2025-11-03-South Carolina State-vs-Louisville-m,2025-11-03,Louisville,home, 11 ,104,W
14,2025-11-03-Eastern Washington-vs-UCLA-m,2025-11-03,Eastern Washington,away,NR,74,L
15,2025-11-03-Eastern Washington-vs-UCLA-m,2025-11-03,UCLA,home, 12 ,80,W
16,2025-11-03-Southern-vs-Arkansas-m,2025-11-03,Southern,away,NR,77,L
17,2025-11-03-Southern-vs-Arkansas-m,2025-11-03,Arkansas,home, 14 ,109,W
18,2025-11-03-North Dakota-vs-Alabama-m,2025-11-03,North Dakota,away,NR,62,L
19,2025-11-03-North Dakota-vs-Alabama-m,2025-11-03,Alabama,home, 15 ,91,W
20,2025-11-03-FDU-vs-Iowa State-m,2025-11-03,FDU,away,NR,50,L
21,2025-11-03-FDU-vs-Iowa State-m,2025-11-03,Iowa State,home, 16 ,88,W
22,2025-11-03-Jackson State-vs-Illinois-m,2025-11-03,Jackson State,away,NR,55,L
23,2025-11-03-Jackson State-vs-Illinois-m,2025-11-03,Illinois,home, 17 ,113,W
24,2025-11-03-Mercer-vs-Tennessee-m,2025-11-03,Mercer,away,NR,61,L
25,2025-11-03-Mercer-vs-Tennessee-m,2025-11-03,Tennessee,home, 18 ,76,W
26,2025-11-03-Green Bay-vs-Kansas-m,2025-11-03,Green Bay,away,NR,51,L
27,2025-11-03-Green Bay-vs-Kansas-m,2025-11-03,Kansas,home, 19 ,94,W
28,2025-11-03-Bethune-Cookman-vs-Auburn-m,2025-11-03,Bethune-Cookman,away,NR,90,L
29,2025-11-03-Bethune-Cookman-vs-Auburn-m,2025-11-03,Auburn,home, 20 ,95,W
30,2025-11-03-Texas Southern-vs-Gonzaga-m,2025-11-03,Texas Southern,away,NR,43,L
31,2025-11-03-Texas Southern-vs-Gonzaga-m,2025-11-03,Gonzaga,home, 21 ,98,W
32,2025-11-03-Colgate-vs-Michigan State-m,2025-11-03,Colgate,away,NR,69,L
33,2025-11-03-Colgate-vs-Michigan State-m,2025-11-03,Michigan State,home, 22 ,80,W
34,2025-11-03-Campbell-vs-Wisconsin-m,2025-11-03,Campbell,away,NR,64,L
35,2025-11-03-Campbell-vs-Wisconsin-m,2025-11-03,Wisconsin,home, 24 ,96,W
36,2025-11-03-Central Arkansas-vs-UNC-m,2025-11-03,Central Arkansas,away,NR,54,L
37,2025-11-03-Central Arkansas-vs-UNC-m,2025-11-03,UNC,home, 25 ,94,W
38,2025-11-03-James Madison-vs-Akron-m,2025-11-03,James Madison,away,NR,71,L
39,2025-11-03-James Madison-vs-Akron-m,2025-11-03,Akron,home,NR,85,W
40,2025-11-03-Hofstra-vs-UCF-m,2025-11-03,Hofstra,away,NR,78,L
41,2025-11-03-Hofstra-vs-UCF-m,2025-11-03,UCF,home,NR,82,W
42,2025-11-03-Indiana State-vs-Charlotte-m,2025-11-03,Indiana State,away,NR,76,L
43,2025-11-03-Indiana State-vs-Charlotte-m,2025-11-03,Charlotte,home,NR,92,W
44,2025-11-03-Western Carolina-vs-Cincinnati-m,2025-11-03,Western Carolina,away,NR,63,L
45,2025-11-03-Western Carolina-vs-Cincinnati-m,2025-11-03,Cincinnati,home,NR,94,W
46,2025-11-03-New Hampshire-vs-Clemson-m,2025-11-03,New Hampshire,away,NR,38,L
47,2025-11-03-New Hampshire-vs-Clemson-m,2025-11-03,Clemson,home,NR,88,W
48,2025-11-03-Canisius-vs-Dayton-m,2025-11-03,Canisius,away,NR,48,L
49,2025-11-03-Canisius-vs-Dayton-m,2025-11-03,Dayton,home,NR,88,W
50,2025-11-03-Boston College-vs-Florida Atlantic-m,2025-11-03,Boston College,away,NR,78,L
51,2025-11-03-Boston College-vs-Florida Atlantic-m,2025-11-03,Florida Atlantic,home,NR,83,W
52,2025-11-03-Wofford-vs-George Mason-m,2025-11-03,Wofford,away,NR,46,L
53,2025-11-03-Wofford-vs-George Mason-m,2025-11-03,George Mason,home,NR,70,W
54,2025-11-03-Maryland-Eastern Shore-vs-Georgia Tech-m,2025-11-03,Maryland-Eastern Shore,away,NR,52,L
55,2025-11-03-Maryland-Eastern Shore-vs-Georgia Tech-m,2025-11-03,Georgia Tech,home,NR,56,W
56,2025-11-03-Kentucky Christian-vs-Liberty-m,2025-11-03,Kentucky Christian,away,NR,57,L
57,2025-11-03-Kentucky Christian-vs-Liberty-m,2025-11-03,Liberty,home,NR,98,W
58,2025-11-03-IU Indianapolis-vs-Ohio State-m,2025-11-03,IU Indianapolis,away,NR,102,L
59,2025-11-03-IU Indianapolis-vs-Ohio State-m,2025-11-03,Ohio State,home,NR,118,W
60,2025-11-03-Fairfield-vs-Penn State-m,2025-11-03,Fairfield,away,NR,68,L
61,2025-11-03-Fairfield-vs-Penn State-m,2025-11-03,Penn State,home,NR,76,W
62,2025-11-03-Youngstown State-vs-Pitt-m,2025-11-03,Youngstown State,away,NR,59,L
63,2025-11-03-Youngstown State-vs-Pitt-m,2025-11-03,Pitt,home,NR,74,W
64,2025-11-03-Navy-vs-Presbyterian-m,2025-11-03,Navy,away,NR,76,W
65,2025-11-03-Navy-vs-Presbyterian-m,2025-11-03,Presbyterian,home,NR,55,L
66,2025-11-03-Holy Cross-vs-Providence-m,2025-11-03,Holy Cross,away,NR,79,L
67,2025-11-03-Holy Cross-vs-Providence-m,2025-11-03,Providence,home,NR,89,W
68,2025-11-03-Binghamton-vs-Syracuse-m,2025-11-03,Binghamton,away,NR,47,L
69,2025-11-03-Binghamton-vs-Syracuse-m,2025-11-03,Syracuse,home,NR,85,W
70,2025-11-03-American-vs-Wake Forest-m,2025-11-03,American,away,NR,74,L
71,2025-11-03-American-vs-Wake Forest-m,2025-11-03,Wake Forest,home,NR,88,W
72,2025-11-03-Mississippi Valley State-vs-UAB-m,2025-11-03,Mississippi Valley State,away,NR,55,L
73,2025-11-03-Mississippi Valley State-vs-UAB-m,2025-11-03,UAB,home,NR,106,W
74,2025-11-03-Bryan-vs-Austin Peay-m,2025-11-03,Bryan,away,NR,47,L
75,2025-11-03-Bryan-vs-Austin Peay-m,2025-11-03,Austin Peay,home,NR,128,W
76,2025-11-03-Texas-Rio Grande Valley-vs-Baylor-m,2025-11-03,Texas-Rio Grande Valley,away,NR,81,L
77,2025-11-03-Texas-Rio Grande Valley-vs-Baylor-m,2025-11-03,Baylor,home,NR,96,W
78,2025-11-03-Louisiana-Monroe-vs-Northern Illinois-m,2025-11-03,Louisiana-Monroe,away,NR,82,L
79,2025-11-03-Louisiana-Monroe-vs-Northern Illinois-m,2025-11-03,Northern Illinois,home,NR,102,W
80,2025-11-03-Hawaii Pacific-vs-Boise State-m,2025-11-03,Hawaii Pacific,away,NR,79,W
81,2025-11-03-Hawaii Pacific-vs-Boise State-m,2025-11-03,Boise State,home,NR,78,L
82,2025-11-03-Montana State-vs-Colorado-m,2025-11-03,Montana State,away,NR,78,L
83,2025-11-03-Montana State-vs-Colorado-m,2025-11-03,Colorado,home,NR,84,W
84,2025-11-03-Incarnate Word-vs-Colorado State-m,2025-11-03,Incarnate Word,away,NR,64,L
85,2025-11-03-Incarnate Word-vs-Colorado State-m,2025-11-03,Colorado State,home,NR,98,W
86,2025-11-03-Westminster (UT)-vs-Utah State-m,2025-11-03,Westminster (UT),away,NR,54,L
87,2025-11-03-Westminster (UT)-vs-Utah State-m,2025-11-03,Utah State,home,NR,110,W
88,2025-11-03-Northern State-vs-Wyoming-m,2025-11-03,Northern State,away,NR,75,L
89,2025-11-03-Northern State-vs-Wyoming-m,2025-11-03,Wyoming,home,NR,99,W
90,2025-11-03-Cal State Bakersfield-vs-California-m,2025-11-03,Cal State Bakersfield,away,NR,60,L
91,2025-11-03-Cal State Bakersfield-vs-California-m,2025-11-03,California,home,NR,87,W
92,2025-11-03-UC-Santa Cruz-vs-San Francisco-m,2025-11-03,UC-Santa Cruz,away,NR,53,L
93,2025-11-03-UC-Santa Cruz-vs-San Francisco-m,2025-11-03,San Francisco,home,NR,98,W
94,2025-11-03-Cal Poly-vs-USC-m,2025-11-03,Cal Poly,away,NR,64,L
95,2025-11-03-Cal Poly-vs-USC-m,2025-11-03,USC,home,NR,94,W
96,2025-11-03-Arkansas-Pine Bluff-vs-Washington-m,2025-11-03,Arkansas-Pine Bluff,away,NR,50,L
97,2025-11-03-Arkansas-Pine Bluff-vs-Washington-m,2025-11-03,Washington,home,NR,94,W
98,2025-11-03-Queens (NC)-vs-Winthrop-m,2025-11-03,Queens (NC),away,NR,74,L
99,2025-11-03-Queens (NC)-vs-Winthrop-m,2025-11-03,Winthrop,home,NR,81,W
100,2025-11-03-Bradley-vs-St. Bonaventure-m,2025-11-03,Bradley,away,NR,63,L
101,2025-11-03-Bradley-vs-St. Bonaventure-m,2025-11-03,St. Bonaventure,home,NR,69,W
102,2025-11-03-Arlington Baptist-vs-East Texas A&M-m,2025-11-03,Arlington Baptist,away,NR,60,L
103,2025-11-03-Arlington Baptist-vs-East Texas A&M-m,2025-11-03,East Texas A&M,home,NR,119,W
104,2025-11-03-Texas A&M–San Antonio-vs-Lamar-m,2025-11-03,Texas A&M–San Antonio,away,NR,53,L
105,2025-11-03-Texas A&M–San Antonio-vs-Lamar-m,2025-11-03,Lamar,home,NR,93,W
106,2025-11-03-College of Biblical Studies-vs-Prairie View-m,2025-11-03,College of Biblical Studies,away,NR,48,L
107,2025-11-03-College of Biblical Studies-vs-Prairie View-m,2025-11-03,Prairie View,home,NR,95,W
108,2025-11-03-Northern Arizona-vs-Drake-m,2025-11-03,Northern Arizona,away,NR,71,L
109,2025-11-03-Northern Arizona-vs-Drake-m,2025-11-03,Drake,home,NR,77,W
110,2025-11-03-Thomas (ME)-vs-Stonehill-m,2025-11-03,Thomas (ME),away,NR,48,L
111,2025-11-03-Thomas (ME)-vs-Stonehill-m,2025-11-03,Stonehill,home,NR,100,W
112,2025-11-03-Southern Miss-vs-Buffalo-m,2025-11-03,Southern Miss,away,NR,79,L
113,2025-11-03-Southern Miss-vs-Buffalo-m,2025-11-03,Buffalo,home,NR,85,W
114,2025-11-03-Widener-vs-Drexel-m,2025-11-03,Widener,away,NR,59,L
115,2025-11-03-Widener-vs-Drexel-m,2025-11-03,Drexel,home,NR,93,W
116,2025-11-03-Georgia State-vs-Eastern Michigan-m,2025-11-03,Georgia State,away,NR,49,L
117,2025-11-03-Georgia State-vs-Eastern Michigan-m,2025-11-03,Eastern Michigan,home,NR,71,W
118,2025-11-03-Furman-vs-High Point-m,2025-11-03,Furman,away,NR,71,L
119,2025-11-03-Furman-vs-High Point-m,2025-11-03,High Point,home,NR,97,W
120,2025-11-03-Morgan State-vs-Georgetown-m,2025-11-03,Morgan State,away,NR,70,L
121,2025-11-03-Morgan State-vs-Georgetown-m,2025-11-03,Georgetown,home,NR,87,W
122,2025-11-03-Coppin State-vs-Maryland-m,2025-11-03,Coppin State,away,NR,61,L
123,2025-11-03-Coppin State-vs-Maryland-m,2025-11-03,Maryland,home,NR,83,W
124,2025-11-03-Farmingdale State-vs-Stony Brook-m,2025-11-03,Farmingdale State,away,NR,59,L
125,2025-11-03-Farmingdale State-vs-Stony Brook-m,2025-11-03,Stony Brook,home,NR,66,W
126,2025-11-03-Johnson & Wales (NC)-vs-VMI-m,2025-11-03,Johnson & Wales (NC),away,NR,58,L
127,2025-11-03-Johnson & Wales (NC)-vs-VMI-m,2025-11-03,VMI,home,NR,122,W
128,2025-11-03-Louisiana-vs-Ball State-m,2025-11-03,Louisiana,away,NR,64,L
129,2025-11-03-Louisiana-vs-Ball State-m,2025-11-03,Ball State,home,NR,75,W
130,2025-11-03-Texas State-vs-Bowling Green-m,2025-11-03,Texas State,away,NR,48,L
131,2025-11-03-Texas State-vs-Bowling Green-m,2025-11-03,Bowling Green,home,NR,83,W
132,2025-11-03-Delaware-vs-Bucknell-m,2025-11-03,Delaware,away,NR,70,L
133,2025-11-03-Delaware-vs-Bucknell-m,2025-11-03,Bucknell,home,NR,78,W
134,2025-11-03-USC Upstate-vs-California Baptist-m,2025-11-03,USC Upstate,away,NR,75,L
135,2025-11-03-USC Upstate-vs-California Baptist-m,2025-11-03,California Baptist,home,NR,87,W
136,2025-11-03-VTSU Johnson-vs-Central Connecticut-m,2025-11-03,VTSU Johnson,away,NR,55,L
137,2025-11-03-VTSU Johnson-vs-Central Connecticut-m,2025-11-03,Central Connecticut,home,NR,117,W
138,2025-11-03-Appalachian State-vs-Central Michigan-m,2025-11-03,Appalachian State,away,NR,66,L
139,2025-11-03-Appalachian State-vs-Central Michigan-m,2025-11-03,Central Michigan,home,NR,82,W
140,2025-11-03-Union (KY)-vs-Chattanooga-m,2025-11-03,Union (KY),away,NR,39,L
141,2025-11-03-Union (KY)-vs-Chattanooga-m,2025-11-03,Chattanooga,home,NR,92,W
142,2025-11-03-Erskine-vs-The Citadel-m,2025-11-03,Erskine,away,NR,61,L
143,2025-11-03-Erskine-vs-The Citadel-m,2025-11-03,The Citadel,home,NR,105,W
144,2025-11-03-Tusculum-vs-College of Charleston-m,2025-11-03,Tusculum,away,NR,58,L
145,2025-11-03-Tusculum-vs-College of Charleston-m,2025-11-03,College of Charleston,home,NR,79,W
146,2025-11-03-DeSales-vs-Davidson-m,2025-11-03,DeSales,away,NR,63,L
147,2025-11-03-DeSales-vs-Davidson-m,2025-11-03,Davidson,home,NR,97,W
148,2025-11-03-Niagara-vs-Duquesne-m,2025-11-03,Niagara,away,NR,63,L
149,2025-11-03-Niagara-vs-Duquesne-m,2025-11-03,Duquesne,home,NR,83,W
150,2025-11-03-New College of Florida-vs-Florida Gulf Coast-m,2025-11-03,New College of Florida,away,NR,60,L
151,2025-11-03-New College of Florida-vs-Florida Gulf Coast-m,2025-11-03,Florida Gulf Coast,home,NR,96,W
152,2025-11-03-Florida National University-vs-Florida International-m,2025-11-03,Florida National University,away,NR,49,L
153,2025-11-03-Florida National University-vs-Florida International-m,2025-11-03,Florida International,home,NR,101,W
154,2025-11-03-Bellarmine-vs-Georgia-m,2025-11-03,Bellarmine,away,NR,59,L
155,2025-11-03-Bellarmine-vs-Georgia-m,2025-11-03,Georgia,home,NR,104,W
156,2025-11-03-Huston-Tillotson-vs-Grambling-m,2025-11-03,Huston-Tillotson,away,NR,47,L
157,2025-11-03-Huston-Tillotson-vs-Grambling-m,2025-11-03,Grambling,home,NR,91,W
158,2025-11-03-Missouri-vs-Howard-m,2025-11-03,Missouri,away,NR,88,W
159,2025-11-03-Missouri-vs-Howard-m,2025-11-03,Howard,home,NR,67,L
160,2025-11-03-Oakwood-vs-Jacksonville State-m,2025-11-03,Oakwood,away,NR,63,L
161,2025-11-03-Oakwood-vs-Jacksonville State-m,2025-11-03,Jacksonville State,home,NR,117,W
162,2025-11-03-Paine-vs-Kennesaw State-m,2025-11-03,Paine,away,NR,29,L
163,2025-11-03-Paine-vs-Kennesaw State-m,2025-11-03,Kennesaw State,home,NR,105,W
164,2025-11-03-Troy-vs-Kent State-m,2025-11-03,Troy,away,NR,103,W
165,2025-11-03-Troy-vs-Kent State-m,2025-11-03,Kent State,home,NR,97,L
166,2025-11-03-SUNY Cobleskill-vs-Le Moyne-m,2025-11-03,SUNY Cobleskill,away,NR,50,L
167,2025-11-03-SUNY Cobleskill-vs-Le Moyne-m,2025-11-03,Le Moyne,home,NR,94,W
168,2025-11-03-Mary Baldwin-vs-Longwood-m,2025-11-03,Mary Baldwin,away,NR,55,L
169,2025-11-03-Mary Baldwin-vs-Longwood-m,2025-11-03,Longwood,home,NR,92,W
170,2025-11-03-Marshall-vs-UMass-m,2025-11-03,Marshall,away,NR,78,W
171,2025-11-03-Marshall-vs-UMass-m,2025-11-03,UMass,home,NR,72,L
172,2025-11-03-Rivier-vs-UMass-Lowell-m,2025-11-03,Rivier,away,NR,55,L
173,2025-11-03-Rivier-vs-UMass-Lowell-m,2025-11-03,UMass-Lowell,home,NR,107,W
174,2025-11-03-Champion Christian-vs-McNeese State-m,2025-11-03,Champion Christian,away,NR,65,L
175,2025-11-03-Champion Christian-vs-McNeese State-m,2025-11-03,McNeese State,home,NR,127,W
176,2025-11-03-Old Dominion-vs-Miami (OH)-m,2025-11-03,Old Dominion,away,NR,72,L
177,2025-11-03-Old Dominion-vs-Miami (OH)-m,2025-11-03,Miami (OH),home,NR,87,W
178,2025-11-03-Midway-vs-Morehead State-m,2025-11-03,Midway,away,NR,84,L
179,2025-11-03-Midway-vs-Morehead State-m,2025-11-03,Morehead State,home,NR,89,W
180,2025-11-03-Omaha-vs-Murray State-m,2025-11-03,Omaha,away,NR,77,L
181,2025-11-03-Omaha-vs-Murray State-m,2025-11-03,Murray State,home,NR,85,W
182,2025-11-03-Washington Adventist-vs-Norfolk State-m,2025-11-03,Washington Adventist,away,NR,76,L
183,2025-11-03-Washington Adventist-vs-Norfolk State-m,2025-11-03,Norfolk State,home,NR,98,W
184,2025-11-03-North Carolina Central-vs-NC State-m,2025-11-03,North Carolina Central,away,NR,66,L
185,2025-11-03-North Carolina Central-vs-NC State-m,2025-11-03,NC State,home,NR,114,W
186,2025-11-03-Mount Olive-vs-UNC Wilmington-m,2025-11-03,Mount Olive,away,NR,77,L
187,2025-11-03-Mount Olive-vs-UNC Wilmington-m,2025-11-03,UNC Wilmington,home,NR,106,W
188,2025-11-03-Boston University-vs-Northeastern-m,2025-11-03,Boston University,away,NR,76,W
189,2025-11-03-Boston University-vs-Northeastern-m,2025-11-03,Northeastern,home,NR,75,L
190,2025-11-03-Cincinnati-Clermont-vs-Northern Kentucky-m,2025-11-03,Cincinnati-Clermont,away,NR,69,L
191,2025-11-03-Cincinnati-Clermont-vs-Northern Kentucky-m,2025-11-03,Northern Kentucky,home,NR,126,W
192,2025-11-03-LIU-vs-Notre Dame-m,2025-11-03,LIU,away,NR,67,L
193,2025-11-03-LIU-vs-Notre Dame-m,2025-11-03,Notre Dame,home,NR,89,W
194,2025-11-03-Arkansas State-vs-Ohio-m,2025-11-03,Arkansas State,away,NR,89,W
195,2025-11-03-Arkansas State-vs-Ohio-m,2025-11-03,Ohio,home,NR,85,L
196,2025-11-03-Western Illinois-vs-Radford-m,2025-11-03,Western Illinois,away,NR,75,L
197,2025-11-03-Western Illinois-vs-Radford-m,2025-11-03,Radford,home,NR,80,W
198,2025-11-03-Stetson-vs-Rhode Island-m,2025-11-03,Stetson,away,NR,62,L
199,2025-11-03-Stetson-vs-Rhode Island-m,2025-11-03,Rhode Island,home,NR,93,W
200,2025-11-03-Lafayette-vs-St. Joseph's-m,2025-11-03,Lafayette,away,NR,76,L
201,2025-11-03-Lafayette-vs-St. Joseph's-m,2025-11-03,St. Joseph's,home,NR,85,W
202,2025-11-03-LeTourneau-vs-Sam Houston-m,2025-11-03,LeTourneau,away,NR,59,L
203,2025-11-03-LeTourneau-vs-Sam Houston-m,2025-11-03,Sam Houston,home,NR,95,W
204,2025-11-03-St. Peter's-vs-Seton Hall-m,2025-11-03,St. Peter's,away,NR,50,L
205,2025-11-03-St. Peter's-vs-Seton Hall-m,2025-11-03,Seton Hall,home,NR,77,W
206,2025-11-03-Bryant-vs-Siena-m,2025-11-03,Bryant,away,NR,66,L
207,2025-11-03-Bryant-vs-Siena-m,2025-11-03,Siena,home,NR,82,W
208,2025-11-03-Millsaps-vs-Stephen F. Austin-m,2025-11-03,Millsaps,away,NR,76,L
209,2025-11-03-Millsaps-vs-Stephen F. Austin-m,2025-11-03,Stephen F. Austin,home,NR,103,W
210,2025-11-03-South Alabama-vs-Toledo-m,2025-11-03,South Alabama,away,NR,76,W
211,2025-11-03-South Alabama-vs-Toledo-m,2025-11-03,Toledo,home,NR,74,L
212,2025-11-03-Western New England-vs-Vermont-m,2025-11-03,Western New England,away,NR,68,L
213,2025-11-03-Western New England-vs-Vermont-m,2025-11-03,Vermont,home,NR,75,W
214,2025-11-03-Rider-vs-Virginia-m,2025-11-03,Rider,away,NR,53,L
215,2025-11-03-Rider-vs-Virginia-m,2025-11-03,Virginia,home,NR,87,W
216,2025-11-03-Wagner-vs-VCU-m,2025-11-03,Wagner,away,NR,74,L
217,2025-11-03-Wagner-vs-VCU-m,2025-11-03,VCU,home,NR,103,W
218,2025-11-03-Charleston Southern-vs-Virginia Tech-m,2025-11-03,Charleston Southern,away,NR,67,L
219,2025-11-03-Charleston Southern-vs-Virginia Tech-m,2025-11-03,Virginia Tech,home,NR,98,W
220,2025-11-03-Tennessee Tech-vs-Western Kentucky-m,2025-11-03,Tennessee Tech,away,NR,70,L
221,2025-11-03-Tennessee Tech-vs-Western Kentucky-m,2025-11-03,Western Kentucky,home,NR,82,W
222,2025-11-03-Coastal Carolina-vs-Western Michigan-m,2025-11-03,Coastal Carolina,away,NR,71,L
223,2025-11-03-Coastal Carolina-vs-Western Michigan-m,2025-11-03,Western Michigan,home,NR,76,W
224,2025-11-03-Georgian Court-vs-William & Mary-m,2025-11-03,Georgian Court,away,NR,63,L
225,2025-11-03-Georgian Court-vs-William & Mary-m,2025-11-03,William & Mary,home,NR,110,W
226,2025-11-03-Franklin-vs-Wright State-m,2025-11-03,Franklin,away,NR,37,L
227,2025-11-03-Franklin-vs-Wright State-m,2025-11-03,Wright State,home,NR,86,W
228,2025-11-03-Marist-vs-Xavier-m,2025-11-03,Marist,away,NR,62,L
229,2025-11-03-Marist-vs-Xavier-m,2025-11-03,Xavier,home,NR,66,W
230,2025-11-03-Blue Mountain Christian University-vs-Alabama A&M-m,2025-11-03,Blue Mountain Christian University,away,NR,60,L
231,2025-11-03-Blue Mountain Christian University-vs-Alabama A&M-m,2025-11-03,Alabama A&M,home,NR,80,W
232,2025-11-03-SUNY Maritime-vs-Army-m,2025-11-03,SUNY Maritime,away,NR,49,L
233,2025-11-03-SUNY Maritime-vs-Army-m,2025-11-03,Army,home,NR,73,W
234,2025-11-03-Air Force-vs-Belmont-m,2025-11-03,Air Force,away,NR,63,L
235,2025-11-03-Air Force-vs-Belmont-m,2025-11-03,Belmont,home,NR,79,W
236,2025-11-03-Menlo-vs-UC-Davis-m,2025-11-03,Menlo,away,NR,69,L
237,2025-11-03-Menlo-vs-UC-Davis-m,2025-11-03,UC-Davis,home,NR,96,W
238,2025-11-03-Chicago State-vs-DePaul-m,2025-11-03,Chicago State,away,NR,62,L
239,2025-11-03-Chicago State-vs-DePaul-m,2025-11-03,DePaul,home,NR,92,W
240,2025-11-03-Maine-vs-George Washington-m,2025-11-03,Maine,away,NR,47,L
241,2025-11-03-Maine-vs-George Washington-m,2025-11-03,George Washington,home,NR,67,W
242,2025-11-03-Southern Arkansas-vs-Houston Christian-m,2025-11-03,Southern Arkansas,away,NR,70,L
243,2025-11-03-Southern Arkansas-vs-Houston Christian-m,2025-11-03,Houston Christian,home,NR,74,W
244,2025-11-03-Detroit Mercy-vs-UIC-m,2025-11-03,Detroit Mercy,away,NR,71,L
245,2025-11-03-Detroit Mercy-vs-UIC-m,2025-11-03,UIC,home,NR,91,W
246,2025-11-03-Cleveland State-vs-Loyola (IL)-m,2025-11-03,Cleveland State,away,NR,88,L
247,2025-11-03-Cleveland State-vs-Loyola (IL)-m,2025-11-03,Loyola (IL),home,NR,91,W
248,2025-11-03-Albany (NY)-vs-Marquette-m,2025-11-03,Albany (NY),away,NR,53,L
249,2025-11-03-Albany (NY)-vs-Marquette-m,2025-11-03,Marquette,home,NR,80,W
250,2025-11-03-Jacksonville-vs-Miami (FL)-m,2025-11-03,Jacksonville,away,NR,69,L
251,2025-11-03-Jacksonville-vs-Miami (FL)-m,2025-11-03,Miami (FL),home,NR,86,W
252,2025-11-03-Hampton-vs-Milwaukee-m,2025-11-03,Hampton,away,NR,86,L
253,2025-11-03-Hampton-vs-Milwaukee-m,2025-11-03,Milwaukee,home,NR,90,W
254,2025-11-03-Gardner-Webb-vs-Minnesota-m,2025-11-03,Gardner-Webb,away,NR,60,L
255,2025-11-03-Gardner-Webb-vs-Minnesota-m,2025-11-03,Minnesota,home,NR,87,W
256,2025-11-03-Southeastern Louisiana-vs-Ole Miss-m,2025-11-03,Southeastern Louisiana,away,NR,58,L
257,2025-11-03-Southeastern Louisiana-vs-Ole Miss-m,2025-11-03,Ole Miss,home,NR,88,W
258,2025-11-03-Evangel-vs-Kansas City-m,2025-11-03,Evangel,away,NR,74,L
259,2025-11-03-Evangel-vs-Kansas City-m,2025-11-03,Kansas City,home,NR,80,W
260,2025-11-03-West Georgia-vs-Nebraska-m,2025-11-03,West Georgia,away,NR,53,L
261,2025-11-03-West Georgia-vs-Nebraska-m,2025-11-03,Nebraska,home,NR,86,W
262,2025-11-03-New Mexico Highlands-vs-North Texas-m,2025-11-03,New Mexico Highlands,away,NR,54,L
263,2025-11-03-New Mexico Highlands-vs-North Texas-m,2025-11-03,North Texas,home,NR,88,W
264,2025-11-03-Mercyhurst-vs-Northwestern-m,2025-11-03,Mercyhurst,away,NR,47,L
265,2025-11-03-Mercyhurst-vs-Northwestern-m,2025-11-03,Northwestern,home,NR,70,W
266,2025-11-03-Saint Francis (PA)-vs-Oklahoma-m,2025-11-03,Saint Francis (PA),away,NR,66,L
267,2025-11-03-Saint Francis (PA)-vs-Oklahoma-m,2025-11-03,Oklahoma,home,NR,102,W
268,2025-11-03-Southeast Missouri State-vs-Saint Louis-m,2025-11-03,Southeast Missouri State,away,NR,67,L
269,2025-11-03-Southeast Missouri State-vs-Saint Louis-m,2025-11-03,Saint Louis,home,NR,92,W
270,2025-11-03-Utah Tech-vs-South Dakota-m,2025-11-03,Utah Tech,away,NR,81,W
271,2025-11-03-Utah Tech-vs-South Dakota-m,2025-11-03,South Dakota,home,NR,79,L
272,2025-11-03-Florida A&M-vs-South Florida-m,2025-11-03,Florida A&M,away,NR,67,L
273,2025-11-03-Florida A&M-vs-South Florida-m,2025-11-03,South Florida,home,NR,102,W
274,2025-11-03-McKendree-vs-Southern Illinois-m,2025-11-03,McKendree,away,NR,42,L
275,2025-11-03-McKendree-vs-Southern Illinois-m,2025-11-03,Southern Illinois,home,NR,83,W
276,2025-11-03-Tarleton State-vs-SMU-m,2025-11-03,Tarleton State,away,NR,76,L
277,2025-11-03-Tarleton State-vs-SMU-m,2025-11-03,SMU,home,NR,96,W
278,2025-11-03-Fisk-vs-Tennessee State-m,2025-11-03,Fisk,away,NR,50,L
279,2025-11-03-Fisk-vs-Tennessee State-m,2025-11-03,Tennessee State,home,NR,101,W
280,2025-11-03-Northwestern State-vs-Texas A&M-m,2025-11-03,Northwestern State,away,NR,68,L
281,2025-11-03-Northwestern State-vs-Texas A&M-m,2025-11-03,Texas A&M,home,NR,98,W
282,2025-11-03-Trinity (TX)-vs-Texas A&M-Corpus Christi-m,2025-11-03,Trinity (TX),away,NR,56,L
283,2025-11-03-Trinity (TX)-vs-Texas A&M-Corpus Christi-m,2025-11-03,Texas A&M-Corpus Christi,home,NR,83,W
284,2025-11-03-North Texas at Dallas-vs-UT Arlington-m,2025-11-03,North Texas at Dallas,away,NR,40,L
285,2025-11-03-North Texas at Dallas-vs-UT Arlington-m,2025-11-03,UT Arlington,home,NR,91,W
286,2025-11-03-New Orleans-vs-TCU-m,2025-11-03,New Orleans,away,NR,78,W
287,2025-11-03-New Orleans-vs-TCU-m,2025-11-03,TCU,home,NR,74,L
288,2025-11-03-Samford-vs-Tulane-m,2025-11-03,Samford,away,NR,72,L
289,2025-11-03-Samford-vs-Tulane-m,2025-11-03,Tulane,home,NR,85,W
290,2025-11-03-Oklahoma Christian-vs-Tulsa-m,2025-11-03,Oklahoma Christian,away,NR,57,L
291,2025-11-03-Oklahoma Christian-vs-Tulsa-m,2025-11-03,Tulsa,home,NR,100,W
292,2025-11-03-Lipscomb-vs-Vanderbilt-m,2025-11-03,Lipscomb,away,NR,61,L
293,2025-11-03-Lipscomb-vs-Vanderbilt-m,2025-11-03,Vanderbilt,home,NR,105,W
294,2025-11-03-McMurry-vs-Abilene Christian-m,2025-11-03,McMurry,away,NR,55,L
295,2025-11-03-McMurry-vs-Abilene Christian-m,2025-11-03,Abilene Christian,home,NR,92,W
296,2025-11-03-Purdue Fort Wayne-vs-Grand Canyon-m,2025-11-03,Purdue Fort Wayne,away,NR,71,L
297,2025-11-03-Purdue Fort Wayne-vs-Grand Canyon-m,2025-11-03,Grand Canyon,home,NR,90,W
298,2025-11-03-Loyola (MD)-vs-Towson-m,2025-11-03,Loyola (MD),away,NR,56,L
299,2025-11-03-Loyola (MD)-vs-Towson-m,2025-11-03,Towson,home,NR,67,W
300,2025-11-03-Merrimack-vs-South Dakota State-m,2025-11-03,Merrimack,away,NR,66,L
301,2025-11-03-Merrimack-vs-South Dakota State-m,2025-11-03,South Dakota State,home,NR,75,W
302,2025-11-03-Northwest Indian College-vs-Montana-m,2025-11-03,Northwest Indian College,away,NR,41,L
303,2025-11-03-Northwest Indian College-vs-Montana-m,2025-11-03,Montana,home,NR,106,W
304,2025-11-03-Colorado College-vs-Northern Colorado-m,2025-11-03,Colorado College,away,NR,57,L
305,2025-11-03-Colorado College-vs-Northern Colorado-m,2025-11-03,Northern Colorado,home,NR,91,W
306,2025-11-03-North Dakota State-vs-Oregon State-m,2025-11-03,North Dakota State,away,NR,65,L
307,2025-11-03-North Dakota State-vs-Oregon State-m,2025-11-03,Oregon State,home,NR,67,W
308,2025-11-03-Life Pacific-vs-Pepperdine-m,2025-11-03,Life Pacific,away,NR,80,L
309,2025-11-03-Life Pacific-vs-Pepperdine-m,2025-11-03,Pepperdine,home,NR,88,W
310,2025-11-03-Texas-Permian Basin-vs-UTEP-m,2025-11-03,Texas-Permian Basin,away,NR,56,L
311,2025-11-03-Texas-Permian Basin-vs-UTEP-m,2025-11-03,UTEP,home,NR,98,W
312,2025-11-03-San Jose State-vs-Utah-m,2025-11-03,San Jose State,away,NR,75,L
313,2025-11-03-San Jose State-vs-Utah-m,2025-11-03,Utah,home,NR,84,W
314,2025-11-03-Idaho-vs-Washington State-m,2025-11-03,Idaho,away,NR,83,W
315,2025-11-03-Idaho-vs-Washington State-m,2025-11-03,Washington State,home,NR,81,L
316,2025-11-03-West Coast Baptist-vs-Weber State-m,2025-11-03,West Coast Baptist,away,NR,38,L
317,2025-11-03-West Coast Baptist-vs-Weber State-m,2025-11-03,Weber State,home,NR,130,W
318,2025-11-03-Cal Tech-vs-Cal State Fullerton-m,2025-11-03,Cal Tech,away,NR,82,L
319,2025-11-03-Cal Tech-vs-Cal State Fullerton-m,2025-11-03,Cal State Fullerton,home,NR,136,W
320,2025-11-03-Nobel University-vs-Cal State Northridge-m,2025-11-03,Nobel University,away,NR,58,L
321,2025-11-03-Nobel University-vs-Cal State Northridge-m,2025-11-03,Cal State Northridge,home,NR,99,W
322,2025-11-03-Bethesda University (CA)-vs-UC-Irvine-m,2025-11-03,Bethesda University (CA),away,NR,49,L
323,2025-11-03-Bethesda University (CA)-vs-UC-Irvine-m,2025-11-03,UC-Irvine,home,NR,125,W
324,2025-11-03-La Sierra-vs-UC-Riverside-m,2025-11-03,La Sierra,away,NR,49,L
325,2025-11-03-La Sierra-vs-UC-Riverside-m,2025-11-03,UC-Riverside,home,NR,90,W
326,2025-11-03-La Verne-vs-UC-San Diego-m,2025-11-03,La Verne,away,NR,73,L
327,2025-11-03-La Verne-vs-UC-San Diego-m,2025-11-03,UC-San Diego,home,NR,105,W
328,2025-11-03-Fresno Pacific-vs-Fresno State-m,2025-11-03,Fresno Pacific,away,NR,51,L
329,2025-11-03-Fresno Pacific-vs-Fresno State-m,2025-11-03,Fresno State,home,NR,88,W
330,2025-11-03-Lincoln (CA)-vs-Loyola Marymount-m,2025-11-03,Lincoln (CA),away,NR,54,L
331,2025-11-03-Lincoln (CA)-vs-Loyola Marymount-m,2025-11-03,Loyola Marymount,home,NR,137,W
332,2025-11-03-Willamette-vs-Portland-m,2025-11-03,Willamette,away,NR,83,L
333,2025-11-03-Willamette-vs-Portland-m,2025-11-03,Portland,home,NR,120,W
334,2025-11-03-St. Thomas-vs-Saint Mary's-m,2025-11-03,St. Thomas,away,NR,58,L
335,2025-11-03-St. Thomas-vs-Saint Mary's-m,2025-11-03,Saint Mary's,home,NR,84,W
336,2025-11-03-Denver-vs-Seattle-m,2025-11-03,Denver,away,NR,73,L
337,2025-11-03-Denver-vs-Seattle-m,2025-11-03,Seattle,home,NR,84,W
338,2025-11-04-Evansville-vs-Purdue-m,2025-11-04,Evansville,away,NR,51,L
339,2025-11-04-Evansville-vs-Purdue-m,2025-11-04,Purdue,home, 1 ,82,W
340,2025-11-04-Texas-vs-Duke-m,2025-11-04,Texas,away,NR,60,L
341,2025-11-04-Texas-vs-Duke-m,2025-11-04,Duke,home, 6 ,75,W
342,2025-11-04-Nicholls State-vs-Kentucky-m,2025-11-04,Nicholls State,away,NR,51,L
343,2025-11-04-Nicholls State-vs-Kentucky-m,2025-11-04,Kentucky,home, 9 ,77,W
344,2025-11-04-Lindenwood-vs-Texas Tech-m,2025-11-04,Lindenwood,away,NR,60,L
345,2025-11-04-Lindenwood-vs-Texas Tech-m,2025-11-04,Texas Tech,home, 10 ,98,W
346,2025-11-04-Converse-vs-ETSU-m,2025-11-04,Converse,away,NR,50,L
347,2025-11-04-Converse-vs-ETSU-m,2025-11-04,ETSU,home,NR,102,W
348,2025-11-04-Alcorn State-vs-Florida State-m,2025-11-04,Alcorn State,away,NR,76,L
349,2025-11-04-Alcorn State-vs-Florida State-m,2025-11-04,Florida State,home,NR,108,W
350,2025-11-04-Mount St. Mary's-vs-West Virginia-m,2025-11-04,Mount St. Mary's,away,NR,54,L
351,2025-11-04-Mount St. Mary's-vs-West Virginia-m,2025-11-04,West Virginia,home,NR,70,W
352,2025-11-04-East-West-vs-SIU-Edwardsville-m,2025-11-04,East-West,away,NR,50,L
353,2025-11-04-East-West-vs-SIU-Edwardsville-m,2025-11-04,SIU-Edwardsville,home,NR,119,W
354,2025-11-04-UNC Asheville-vs-Wichita State-m,2025-11-04,UNC Asheville,away,NR,58,L
355,2025-11-04-UNC Asheville-vs-Wichita State-m,2025-11-04,Wichita State,home,NR,75,W
356,2025-11-04-Louisiana Tech-vs-Nevada-m,2025-11-04,Louisiana Tech,away,NR,50,L
357,2025-11-04-Louisiana Tech-vs-Nevada-m,2025-11-04,Nevada,home,NR,77,W
358,2025-11-04-UT-Martin-vs-UNLV-m,2025-11-04,UT-Martin,away,NR,86,W
359,2025-11-04-UT-Martin-vs-UNLV-m,2025-11-04,UNLV,home,NR,81,L
360,2025-11-04-Hawaii-vs-Oregon-m,2025-11-04,Hawaii,away,NR,59,L
361,2025-11-04-Hawaii-vs-Oregon-m,2025-11-04,Oregon,home,NR,60,W
362,2025-11-04-Long Beach State-vs-San Diego State-m,2025-11-04,Long Beach State,away,NR,45,L
363,2025-11-04-Long Beach State-vs-San Diego State-m,2025-11-04,San Diego State,home,NR,77,W
364,2025-11-04-Penn State York-vs-UMBC-m,2025-11-04,Penn State York,away,NR,53,L
365,2025-11-04-Penn State York-vs-UMBC-m,2025-11-04,UMBC,home,NR,74,W
366,2025-11-04-Georgia Southern-vs-East Carolina-m,2025-11-04,Georgia Southern,away,NR,89,L
367,2025-11-04-Georgia Southern-vs-East Carolina-m,2025-11-04,East Carolina,home,NR,92,W
368,2025-11-04-NJIT-vs-Fordham-m,2025-11-04,NJIT,away,NR,72,W
369,2025-11-04-NJIT-vs-Fordham-m,2025-11-04,Fordham,home,NR,61,L
370,2025-11-04-St. Joseph's–Brooklyn-vs-Manhattan-m,2025-11-04,St. Joseph's–Brooklyn,away,NR,59,L
371,2025-11-04-St. Joseph's–Brooklyn-vs-Manhattan-m,2025-11-04,Manhattan,home,NR,125,W
372,2025-11-04-Caldwell-vs-Monmouth-m,2025-11-04,Caldwell,away,NR,68,L
373,2025-11-04-Caldwell-vs-Monmouth-m,2025-11-04,Monmouth,home,NR,96,W
374,2025-11-04-Merchant Marine Academy-vs-Sacred Heart-m,2025-11-04,Merchant Marine Academy,away,NR,46,L
375,2025-11-04-Merchant Marine Academy-vs-Sacred Heart-m,2025-11-04,Sacred Heart,home,NR,103,W
376,2025-11-04-North Carolina A&T-vs-South Carolina-m,2025-11-04,North Carolina A&T,away,NR,72,L
377,2025-11-04-North Carolina A&T-vs-South Carolina-m,2025-11-04,South Carolina,home,NR,91,W
378,2025-11-04-Arkansas Baptist-vs-Little Rock-m,2025-11-04,Arkansas Baptist,away,NR,63,L
379,2025-11-04-Arkansas Baptist-vs-Little Rock-m,2025-11-04,Little Rock,home,NR,92,W
380,2025-11-04-Robert Morris-vs-Iowa-m,2025-11-04,Robert Morris,away,NR,69,L
381,2025-11-04-Robert Morris-vs-Iowa-m,2025-11-04,Iowa,home,NR,101,W
382,2025-11-04-UNC Greensboro-vs-Kansas State-m,2025-11-04,UNC Greensboro,away,NR,64,L
383,2025-11-04-UNC Greensboro-vs-Kansas State-m,2025-11-04,Kansas State,home,NR,93,W
384,2025-11-04-Missouri Southern State-vs-Missouri State-m,2025-11-04,Missouri Southern State,away,NR,70,L
385,2025-11-04-Missouri Southern State-vs-Missouri State-m,2025-11-04,Missouri State,home,NR,88,W
386,2025-11-04-Oral Roberts-vs-Oklahoma State-m,2025-11-04,Oral Roberts,away,NR,71,L
387,2025-11-04-Oral Roberts-vs-Oklahoma State-m,2025-11-04,Oklahoma State,home,NR,95,W
388,2025-11-04-College of Biblical Studies-vs-Rice-m,2025-11-04,College of Biblical Studies,away,NR,38,L
389,2025-11-04-College of Biblical Studies-vs-Rice-m,2025-11-04,Rice,home,NR,109,W
390,2025-11-04-West Coast Baptist-vs-Utah Valley-m,2025-11-04,West Coast Baptist,away,NR,35,L
391,2025-11-04-West Coast Baptist-vs-Utah Valley-m,2025-11-04,Utah Valley,home,NR,116,W
392,2025-11-04-Eastern Illinois-vs-Valparaiso-m,2025-11-04,Eastern Illinois,away,NR,63,L
393,2025-11-04-Eastern Illinois-vs-Valparaiso-m,2025-11-04,Valparaiso,home,NR,66,W
394,2025-11-04-Southern Utah-vs-Arizona State-m,2025-11-04,Southern Utah,away,NR,64,L
395,2025-11-04-Southern Utah-vs-Arizona State-m,2025-11-04,Arizona State,home,NR,81,W
396,2025-11-04-San Francisco State-vs-UCSB-m,2025-11-04,San Francisco State,away,NR,67,L
397,2025-11-04-San Francisco State-vs-UCSB-m,2025-11-04,UCSB,home,NR,98,W
398,2025-11-04-Adams State-vs-New Mexico State-m,2025-11-04,Adams State,away,NR,72,L
399,2025-11-04-Adams State-vs-New Mexico State-m,2025-11-04,New Mexico State,home,NR,83,W
400,2025-11-04-Occidental-vs-San Diego-m,2025-11-04,Occidental,away,NR,59,L
401,2025-11-04-Occidental-vs-San Diego-m,2025-11-04,San Diego,home,NR,88,W
402,2025-11-04-Park (AZ)-vs-Idaho State-m,2025-11-04,Park (AZ),away,NR,71,L
403,2025-11-04-Park (AZ)-vs-Idaho State-m,2025-11-04,Idaho State,home,NR,81,W
404,2025-11-04-Dominican (CA)-vs-Sacramento State-m,2025-11-04,Dominican (CA),away,NR,79,L
405,2025-11-04-Dominican (CA)-vs-Sacramento State-m,2025-11-04,Sacramento State,home,NR,103,W
406,2025-11-04-Cal Poly Humboldt-vs-Santa Clara-m,2025-11-04,Cal Poly Humboldt,away,NR,53,L
407,2025-11-04-Cal Poly Humboldt-vs-Santa Clara-m,2025-11-04,Santa Clara,home,NR,83,W
408,2025-11-04-Portland State-vs-Stanford-m,2025-11-04,Portland State,away,NR,79,L
409,2025-11-04-Portland State-vs-Stanford-m,2025-11-04,Stanford,home,NR,89,W
410,2025-11-05-South Dakota-vs-Creighton-m,2025-11-05,South Dakota,away,NR,76,L
411,2025-11-05-South Dakota-vs-Creighton-m,2025-11-05,Creighton,home, 23 ,92,W
412,2025-11-05-Belmont Abbey-vs-Elon-m,2025-11-05,Belmont Abbey,away,NR,51,L
413,2025-11-05-Belmont Abbey-vs-Elon-m,2025-11-05,Elon,home,NR,99,W
414,2025-11-05-Washington & Lee-vs-James Madison-m,2025-11-05,Washington & Lee,away,NR,56,L
415,2025-11-05-Washington & Lee-vs-James Madison-m,2025-11-05,James Madison,home,NR,70,W
416,2025-11-05-Bluefield University-vs-Presbyterian-m,2025-11-05,Bluefield University,away,NR,76,L
417,2025-11-05-Bluefield University-vs-Presbyterian-m,2025-11-05,Presbyterian,home,NR,105,W
418,2025-11-05-Rider-vs-Rutgers-m,2025-11-05,Rider,away,NR,53,L
419,2025-11-05-Rider-vs-Rutgers-m,2025-11-05,Rutgers,home,NR,81,W
420,2025-11-05-Delaware State-vs-Temple-m,2025-11-05,Delaware State,away,NR,65,L
421,2025-11-05-Delaware State-vs-Temple-m,2025-11-05,Temple,home,NR,83,W
422,2025-11-05-Milligan-vs-Middle Tennessee-m,2025-11-05,Milligan,away,NR,51,L
423,2025-11-05-Milligan-vs-Middle Tennessee-m,2025-11-05,Middle Tennessee,home,NR,100,W
424,2025-11-05-East Texas A&M-vs-New Mexico-m,2025-11-05,East Texas A&M,away,NR,54,L
425,2025-11-05-East Texas A&M-vs-New Mexico-m,2025-11-05,New Mexico,home,NR,76,W
426,2025-11-05-Pacific Lutheran-vs-Cal Poly-m,2025-11-05,Pacific Lutheran,away,NR,79,L
427,2025-11-05-Pacific Lutheran-vs-Cal Poly-m,2025-11-05,Cal Poly,home,NR,101,W
428,2025-11-05-North Dakota State-vs-UC-Davis-m,2025-11-05,North Dakota State,away,NR,68,L
429,2025-11-05-North Dakota State-vs-UC-Davis-m,2025-11-05,UC-Davis,home,NR,80,W
430,2025-11-05-Carolina-vs-Appalachian State-m,2025-11-05,Carolina,away,NR,46,L
431,2025-11-05-Carolina-vs-Appalachian State-m,2025-11-05,Appalachian State,home,NR,92,W
432,2025-11-05-Rochester Tech-vs-Binghamton-m,2025-11-05,Rochester Tech,away,NR,56,L
433,2025-11-05-Rochester Tech-vs-Binghamton-m,2025-11-05,Binghamton,home,NR,66,W
434,2025-11-05-Coppin State-vs-La Salle-m,2025-11-05,Coppin State,away,NR,59,L
435,2025-11-05-Coppin State-vs-La Salle-m,2025-11-05,La Salle,home,NR,87,W
436,2025-11-05-Southern Indiana-vs-Butler-m,2025-11-05,Southern Indiana,away,NR,58,L
437,2025-11-05-Southern Indiana-vs-Butler-m,2025-11-05,Butler,home,NR,88,W
438,2025-11-05-Maryland-Eastern Shore-vs-Georgia-m,2025-11-05,Maryland-Eastern Shore,away,NR,29,L
439,2025-11-05-Maryland-Eastern Shore-vs-Georgia-m,2025-11-05,Georgia,home,NR,94,W
440,2025-11-05-Dickinson College-vs-Lafayette-m,2025-11-05,Dickinson College,away,NR,44,L
441,2025-11-05-Dickinson College-vs-Lafayette-m,2025-11-05,Lafayette,home,NR,79,W
442,2025-11-05-LaGrange-vs-Mercer-m,2025-11-05,LaGrange,away,NR,62,L
443,2025-11-05-LaGrange-vs-Mercer-m,2025-11-05,Mercer,home,NR,101,W
444,2025-11-05-Mississippi University for Women-vs-Mississippi Valley State-m,2025-11-05,Mississippi University for Women,away,NR,61,L
445,2025-11-05-Mississippi University for Women-vs-Mississippi Valley State-m,2025-11-05,Mississippi Valley State,home,NR,97,W
446,2025-11-05-Regent-vs-Norfolk State-m,2025-11-05,Regent,away,NR,55,L
447,2025-11-05-Regent-vs-Norfolk State-m,2025-11-05,Norfolk State,home,NR,119,W
448,2025-11-05-Dallas-vs-Prairie View-m,2025-11-05,Dallas,away,NR,53,L
449,2025-11-05-Dallas-vs-Prairie View-m,2025-11-05,Prairie View,home,NR,94,W
450,2025-11-05-Lynchburg-vs-Queens (NC)-m,2025-11-05,Lynchburg,away,NR,76,L
451,2025-11-05-Lynchburg-vs-Queens (NC)-m,2025-11-05,Queens (NC),home,NR,87,W
452,2025-11-05-Southern Virginia-vs-Richmond-m,2025-11-05,Southern Virginia,away,NR,56,L
453,2025-11-05-Southern Virginia-vs-Richmond-m,2025-11-05,Richmond,home,NR,84,W
454,2025-11-05-College of Biblical Studies-vs-UTSA-m,2025-11-05,College of Biblical Studies,away,NR,30,L
455,2025-11-05-College of Biblical Studies-vs-UTSA-m,2025-11-05,UTSA,home,NR,97,W
456,2025-11-05-SUNY Plattsburgh-vs-Vermont-m,2025-11-05,SUNY Plattsburgh,away,NR,62,L
457,2025-11-05-SUNY Plattsburgh-vs-Vermont-m,2025-11-05,Vermont,home,NR,113,W
458,2025-11-05-Alabama A&M-vs-Indiana-m,2025-11-05,Alabama A&M,away,NR,51,L
459,2025-11-05-Alabama A&M-vs-Indiana-m,2025-11-05,Indiana,home,NR,98,W
460,2025-11-05-Tarleton State-vs-LSU-m,2025-11-05,Tarleton State,away,NR,60,L
461,2025-11-05-Tarleton State-vs-LSU-m,2025-11-05,LSU,home,NR,96,W
462,2025-11-05-Southern-vs-Marquette-m,2025-11-05,Southern,away,NR,82,L
463,2025-11-05-Southern-vs-Marquette-m,2025-11-05,Marquette,home,NR,100,W
464,2025-11-05-Texas A&M–San Antonio-vs-Texas State-m,2025-11-05,Texas A&M–San Antonio,away,NR,55,L
465,2025-11-05-Texas A&M–San Antonio-vs-Texas State-m,2025-11-05,Texas State,home,NR,114,W
466,2025-11-05-Bethesda University (CA)-vs-Utah Tech-m,2025-11-05,Bethesda University (CA),away,NR,65,L
467,2025-11-05-Bethesda University (CA)-vs-Utah Tech-m,2025-11-05,Utah Tech,home,NR,110,W
468,2025-11-05-USC Upstate-vs-Fresno State-m,2025-11-05,USC Upstate,away,NR,67,W
469,2025-11-05-USC Upstate-vs-Fresno State-m,2025-11-05,Fresno State,home,NR,66,L
470,2025-11-05-North Alabama-vs-Mississippi State-m,2025-11-05,North Alabama,away,NR,62,L
471,2025-11-05-North Alabama-vs-Mississippi State-m,2025-11-05,Mississippi State,home,NR,86,W
472,2025-11-05-Ottawa (AZ)-vs-Montana-m,2025-11-05,Ottawa (AZ),away,NR,39,L
473,2025-11-05-Ottawa (AZ)-vs-Montana-m,2025-11-05,Montana,home,NR,73,W
474,2025-11-05-Northwest Indian College-vs-Montana State-m,2025-11-05,Northwest Indian College,away,NR,44,L
475,2025-11-05-Northwest Indian College-vs-Montana State-m,2025-11-05,Montana State,home,NR,114,W
476,2025-11-05-Eastern Washington-vs-Loyola Marymount-m,2025-11-05,Eastern Washington,away,NR,62,L
477,2025-11-05-Eastern Washington-vs-Loyola Marymount-m,2025-11-05,Loyola Marymount,home,NR,70,W
478,2025-11-05-Life Pacific-vs-Pacific-m,2025-11-05,Life Pacific,away,NR,56,L
479,2025-11-05-Life Pacific-vs-Pacific-m,2025-11-05,Pacific,home,NR,83,W
480,2025-11-06-North Florida-vs-Florida-m,2025-11-06,North Florida,away,NR,64,L
481,2025-11-06-North Florida-vs-Florida-m,2025-11-06,Florida,home, 3 ,104,W
482,2025-11-06-Jackson State-vs-Louisville-m,2025-11-06,Jackson State,away,NR,70,L
483,2025-11-06-Jackson State-vs-Louisville-m,2025-11-06,Louisville,home, 11 ,106,W
484,2025-11-06-Grambling-vs-Iowa State-m,2025-11-06,Grambling,away,NR,62,L
485,2025-11-06-Grambling-vs-Iowa State-m,2025-11-06,Iowa State,home, 16 ,102,W
486,2025-11-06-Merrimack-vs-Auburn-m,2025-11-06,Merrimack,away,NR,57,L
487,2025-11-06-Merrimack-vs-Auburn-m,2025-11-06,Auburn,home, 20 ,95,W
488,2025-11-06-The Citadel-vs-Boston College-m,2025-11-06,The Citadel,away,NR,47,L
489,2025-11-06-The Citadel-vs-Boston College-m,2025-11-06,Boston College,home,NR,76,W
490,2025-11-06-Midway-vs-Eastern Kentucky-m,2025-11-06,Midway,away,NR,60,L
491,2025-11-06-Midway-vs-Eastern Kentucky-m,2025-11-06,Eastern Kentucky,home,NR,122,W
492,2025-11-06-Mid-Atlantic Christian-vs-Hampton-m,2025-11-06,Mid-Atlantic Christian,away,NR,43,L
493,2025-11-06-Mid-Atlantic Christian-vs-Hampton-m,2025-11-06,Hampton,home,NR,103,W
494,2025-11-06-Illinois Tech-vs-Indiana State-m,2025-11-06,Illinois Tech,away,NR,73,L
495,2025-11-06-Illinois Tech-vs-Indiana State-m,2025-11-06,Indiana State,home,NR,104,W
496,2025-11-06-LIU-vs-IU Indianapolis-m,2025-11-06,LIU,away,NR,94,W
497,2025-11-06-LIU-vs-IU Indianapolis-m,2025-11-06,IU Indianapolis,home,NR,90,L
498,2025-11-06-Bethune-Cookman-vs-Miami (FL)-m,2025-11-06,Bethune-Cookman,away,NR,61,L
499,2025-11-06-Bethune-Cookman-vs-Miami (FL)-m,2025-11-06,Miami (FL),home,NR,101,W
500,2025-11-06-Illinois State-vs-Ohio-m,2025-11-06,Illinois State,away,NR,68,L
501,2025-11-06-Illinois State-vs-Ohio-m,2025-11-06,Ohio,home,NR,72,W
502,2025-11-06-Campbell-vs-West Virginia-m,2025-11-06,Campbell,away,NR,65,L
503,2025-11-06-Campbell-vs-West Virginia-m,2025-11-06,West Virginia,home,NR,73,W
504,2025-11-06-Robert Morris-vs-Drake-m,2025-11-06,Robert Morris,away,NR,81,W
505,2025-11-06-Robert Morris-vs-Drake-m,2025-11-06,Drake,home,NR,79,L
506,2025-11-06-Wright State-vs-California-m,2025-11-06,Wright State,away,NR,67,L
507,2025-11-06-Wright State-vs-California-m,2025-11-06,California,home,NR,77,W
508,2025-11-06-Denver-vs-Washington-m,2025-11-06,Denver,away,NR,70,L
509,2025-11-06-Denver-vs-Washington-m,2025-11-06,Washington,home,NR,84,W
510,2025-11-06-Penn State Abington-vs-Loyola (MD)-m,2025-11-06,Penn State Abington,away,NR,60,L
511,2025-11-06-Penn State Abington-vs-Loyola (MD)-m,2025-11-06,Loyola (MD),home,NR,96,W
512,2025-11-06-Whittier-vs-Cal State Bakersfield-m,2025-11-06,Whittier,away,NR,61,L
513,2025-11-06-Whittier-vs-Cal State Bakersfield-m,2025-11-06,Cal State Bakersfield,home,NR,83,W
514,2025-11-06-Central Pennsylvania College-vs-Morgan State-m,2025-11-06,Central Pennsylvania College,away,NR,77,L
515,2025-11-06-Central Pennsylvania College-vs-Morgan State-m,2025-11-06,Morgan State,home,NR,101,W
516,2025-11-06-Curry-vs-New Hampshire-m,2025-11-06,Curry,away,NR,31,L
517,2025-11-06-Curry-vs-New Hampshire-m,2025-11-06,New Hampshire,home,NR,113,W
518,2025-11-06-Bethany (WV)-vs-Bowling Green-m,2025-11-06,Bethany (WV),away,NR,65,L
519,2025-11-06-Bethany (WV)-vs-Bowling Green-m,2025-11-06,Bowling Green,home,NR,120,W
520,2025-11-06-Allegheny-vs-Canisius-m,2025-11-06,Allegheny,away,NR,43,L
521,2025-11-06-Allegheny-vs-Canisius-m,2025-11-06,Canisius,home,NR,84,W
522,2025-11-06-Toccoa Falls-vs-Charleston Southern-m,2025-11-06,Toccoa Falls,away,NR,71,L
523,2025-11-06-Toccoa Falls-vs-Charleston Southern-m,2025-11-06,Charleston Southern,home,NR,106,W
524,2025-11-06-Capital-vs-Cleveland State-m,2025-11-06,Capital,away,NR,70,L
525,2025-11-06-Capital-vs-Cleveland State-m,2025-11-06,Cleveland State,home,NR,71,W
526,2025-11-06-District of Columbia-vs-Howard-m,2025-11-06,District of Columbia,away,NR,71,L
527,2025-11-06-District of Columbia-vs-Howard-m,2025-11-06,Howard,home,NR,103,W
528,2025-11-06-Trinity (FL)-vs-Jacksonville-m,2025-11-06,Trinity (FL),away,NR,45,L
529,2025-11-06-Trinity (FL)-vs-Jacksonville-m,2025-11-06,Jacksonville,home,NR,132,W
530,2025-11-06-Valley Forge-vs-Lehigh-m,2025-11-06,Valley Forge,away,NR,52,L
531,2025-11-06-Valley Forge-vs-Lehigh-m,2025-11-06,Lehigh,home,NR,91,W
532,2025-11-06-St. Louis College of Pharmacy-vs-Lindenwood-m,2025-11-06,St. Louis College of Pharmacy,away,NR,51,L
533,2025-11-06-St. Louis College of Pharmacy-vs-Lindenwood-m,2025-11-06,Lindenwood,home,NR,116,W
534,2025-11-06-Randolph-vs-Old Dominion-m,2025-11-06,Randolph,away,NR,53,L
535,2025-11-06-Randolph-vs-Old Dominion-m,2025-11-06,Old Dominion,home,NR,93,W
536,2025-11-06-Central Connecticut-vs-Quinnipiac-m,2025-11-06,Central Connecticut,away,NR,49,L
537,2025-11-06-Central Connecticut-vs-Quinnipiac-m,2025-11-06,Quinnipiac,home,NR,71,W
538,2025-11-06-Northwood-vs-Western Michigan-m,2025-11-06,Northwood,away,NR,85,W
539,2025-11-06-Northwood-vs-Western Michigan-m,2025-11-06,Western Michigan,home,NR,81,L
540,2025-11-06-Le Moyne-vs-Xavier-m,2025-11-06,Le Moyne,away,NR,69,L
541,2025-11-06-Le Moyne-vs-Xavier-m,2025-11-06,Xavier,home,NR,74,W
542,2025-11-06-Omaha-vs-Abilene Christian-m,2025-11-06,Omaha,away,NR,71,L
543,2025-11-06-Omaha-vs-Abilene Christian-m,2025-11-06,Abilene Christian,home,NR,73,W
544,2025-11-06-UC-Riverside-vs-North Dakota-m,2025-11-06,UC-Riverside,away,NR,74,W
545,2025-11-06-UC-Riverside-vs-North Dakota-m,2025-11-06,North Dakota,home,NR,70,L
546,2025-11-06-Northwestern State-vs-North Texas-m,2025-11-06,Northwestern State,away,NR,53,L
547,2025-11-06-Northwestern State-vs-North Texas-m,2025-11-06,North Texas,home,NR,80,W
548,2025-11-06-Cal State Northridge-vs-Northern Iowa-m,2025-11-06,Cal State Northridge,away,NR,57,L
549,2025-11-06-Cal State Northridge-vs-Northern Iowa-m,2025-11-06,Northern Iowa,home,NR,86,W
550,2025-11-06-Chicago State-vs-Saint Louis-m,2025-11-06,Chicago State,away,NR,86,L
551,2025-11-06-Chicago State-vs-Saint Louis-m,2025-11-06,Saint Louis,home,NR,108,W
552,2025-11-06-Alcorn State-vs-South Alabama-m,2025-11-06,Alcorn State,away,NR,70,L
553,2025-11-06-Alcorn State-vs-South Alabama-m,2025-11-06,South Alabama,home,NR,76,W
554,2025-11-06-Dakota State-vs-South Dakota State-m,2025-11-06,Dakota State,away,NR,62,L
555,2025-11-06-Dakota State-vs-South Dakota State-m,2025-11-06,South Dakota State,home,NR,68,W
556,2025-11-06-Texas A&M-Corpus Christi-vs-SMU-m,2025-11-06,Texas A&M-Corpus Christi,away,NR,58,L
557,2025-11-06-Texas A&M-Corpus Christi-vs-SMU-m,2025-11-06,SMU,home,NR,69,W
558,2025-11-06-Tougaloo-vs-Southern Miss-m,2025-11-06,Tougaloo,away,NR,57,L
559,2025-11-06-Tougaloo-vs-Southern Miss-m,2025-11-06,Southern Miss,home,NR,93,W
560,2025-11-06-Texas Southern-vs-Texas A&M-m,2025-11-06,Texas Southern,away,NR,70,L
561,2025-11-06-Texas Southern-vs-Texas A&M-m,2025-11-06,Texas A&M,home,NR,104,W
562,2025-11-06-Saint Francis (PA)-vs-TCU-m,2025-11-06,Saint Francis (PA),away,NR,63,L
563,2025-11-06-Saint Francis (PA)-vs-TCU-m,2025-11-06,TCU,home,NR,104,W
564,2025-11-06-Mercyhurst-vs-Loyola (IL)-m,2025-11-06,Mercyhurst,away,NR,73,W
565,2025-11-06-Mercyhurst-vs-Loyola (IL)-m,2025-11-06,Loyola (IL),home,NR,65,L
566,2025-11-06-Arkansas-Pine Bluff-vs-Portland-m,2025-11-06,Arkansas-Pine Bluff,away,NR,74,L
567,2025-11-06-Arkansas-Pine Bluff-vs-Portland-m,2025-11-06,Portland,home,NR,83,W
568,2025-11-07-Oakland-vs-Purdue-m,2025-11-07,Oakland,away,NR,77,L
569,2025-11-07-Oakland-vs-Purdue-m,2025-11-07,Purdue,home, 1 ,87,W
570,2025-11-07-UMass-Lowell-vs-UConn-m,2025-11-07,UMass-Lowell,away,NR,47,L
571,2025-11-07-UMass-Lowell-vs-UConn-m,2025-11-07,UConn,home, 4 ,110,W
572,2025-11-07-Valparaiso-vs-Kentucky-m,2025-11-07,Valparaiso,away,NR,59,L
573,2025-11-07-Valparaiso-vs-Kentucky-m,2025-11-07,Kentucky,home, 9 ,107,W
574,2025-11-07-Sam Houston-vs-Texas Tech-m,2025-11-07,Sam Houston,away,NR,77,L
575,2025-11-07-Sam Houston-vs-Texas Tech-m,2025-11-07,Texas Tech,home, 10 ,98,W
576,2025-11-07-Pepperdine-vs-UCLA-m,2025-11-07,Pepperdine,away,NR,63,L
577,2025-11-07-Pepperdine-vs-UCLA-m,2025-11-07,UCLA,home, 12 ,74,W
578,2025-11-07-Utah Tech-vs-Arizona-m,2025-11-07,Utah Tech,away,NR,67,L
579,2025-11-07-Utah Tech-vs-Arizona-m,2025-11-07,Arizona,home, 13 ,93,W
580,2025-11-07-Florida Gulf Coast-vs-Illinois-m,2025-11-07,Florida Gulf Coast,away,NR,70,L
581,2025-11-07-Florida Gulf Coast-vs-Illinois-m,2025-11-07,Illinois,home, 17 ,113,W
582,2025-11-07-Kansas-vs-UNC-m,2025-11-07,Kansas,away, 19 ,74,L
583,2025-11-07-Kansas-vs-UNC-m,2025-11-07,UNC,home, 25 ,87,W
584,2025-11-07-Northern Illinois-vs-Wisconsin-m,2025-11-07,Northern Illinois,away,NR,72,L
585,2025-11-07-Northern Illinois-vs-Wisconsin-m,2025-11-07,Wisconsin,home, 24 ,97,W
586,2025-11-07-Gardner-Webb-vs-Clemson-m,2025-11-07,Gardner-Webb,away,NR,59,L
587,2025-11-07-Gardner-Webb-vs-Clemson-m,2025-11-07,Clemson,home,NR,97,W
588,2025-11-07-Virginia University of Lynchburg-vs-Coastal Carolina-m,2025-11-07,Virginia University of Lynchburg,away,NR,44,L
589,2025-11-07-Virginia University of Lynchburg-vs-Coastal Carolina-m,2025-11-07,Coastal Carolina,home,NR,121,W
590,2025-11-07-Wilmington (DE)-vs-Delaware-m,2025-11-07,Wilmington (DE),away,NR,71,W
591,2025-11-07-Wilmington (DE)-vs-Delaware-m,2025-11-07,Delaware,home,NR,62,L
592,2025-11-07-Alabama State-vs-Florida State-m,2025-11-07,Alabama State,away,NR,64,L
593,2025-11-07-Alabama State-vs-Florida State-m,2025-11-07,Florida State,home,NR,101,W
594,2025-11-07-Troy-vs-Furman-m,2025-11-07,Troy,away,NR,64,W
595,2025-11-07-Troy-vs-Furman-m,2025-11-07,Furman,home,NR,61,L
596,2025-11-07-Winthrop-vs-George Mason-m,2025-11-07,Winthrop,away,NR,90,L
597,2025-11-07-Winthrop-vs-George Mason-m,2025-11-07,George Mason,home,NR,96,W
598,2025-11-07-Bryant-vs-Georgia Tech-m,2025-11-07,Bryant,away,NR,45,L
599,2025-11-07-Bryant-vs-Georgia Tech-m,2025-11-07,Georgia Tech,home,NR,74,W
600,2025-11-07-College of Charleston-vs-Liberty-m,2025-11-07,College of Charleston,away,NR,75,L
601,2025-11-07-College of Charleston-vs-Liberty-m,2025-11-07,Liberty,home,NR,90,W
602,2025-11-07-Georgetown-vs-Maryland-m,2025-11-07,Georgetown,away,NR,70,W
603,2025-11-07-Georgetown-vs-Maryland-m,2025-11-07,Maryland,home,NR,60,L
604,2025-11-07-Purdue Fort Wayne-vs-Ohio State-m,2025-11-07,Purdue Fort Wayne,away,NR,68,L
605,2025-11-07-Purdue Fort Wayne-vs-Ohio State-m,2025-11-07,Ohio State,home,NR,94,W
606,2025-11-07-Longwood-vs-Pitt-m,2025-11-07,Longwood,away,NR,60,L
607,2025-11-07-Longwood-vs-Pitt-m,2025-11-07,Pitt,home,NR,78,W
608,2025-11-07-Morehead State-vs-Wake Forest-m,2025-11-07,Morehead State,away,NR,65,L
609,2025-11-07-Morehead State-vs-Wake Forest-m,2025-11-07,Wake Forest,home,NR,81,W
610,2025-11-07-Mississippi Valley State-vs-Murray State-m,2025-11-07,Mississippi Valley State,away,NR,60,L
611,2025-11-07-Mississippi Valley State-vs-Murray State-m,2025-11-07,Murray State,home,NR,108,W
612,2025-11-07-Kansas City-vs-Southern Illinois-m,2025-11-07,Kansas City,away,NR,78,L
613,2025-11-07-Kansas City-vs-Southern Illinois-m,2025-11-07,Southern Illinois,home,NR,101,W
614,2025-11-07-Arkansas State-vs-Stephen F. Austin-m,2025-11-07,Arkansas State,away,NR,65,L
615,2025-11-07-Arkansas State-vs-Stephen F. Austin-m,2025-11-07,Stephen F. Austin,home,NR,90,W
616,2025-11-07-SIU-Edwardsville-vs-UTSA-m,2025-11-07,SIU-Edwardsville,away,NR,77,W
617,2025-11-07-SIU-Edwardsville-vs-UTSA-m,2025-11-07,UTSA,home,NR,60,L
618,2025-11-07-Rice-vs-Oregon-m,2025-11-07,Rice,away,NR,63,L
619,2025-11-07-Rice-vs-Oregon-m,2025-11-07,Oregon,home,NR,67,W
620,2025-11-07-Idaho State-vs-San Diego-m,2025-11-07,Idaho State,away,NR,71,W
621,2025-11-07-Idaho State-vs-San Diego-m,2025-11-07,San Diego,home,NR,68,L
622,2025-11-07-Calumet College-vs-Evansville-m,2025-11-07,Calumet College,away,NR,50,L
623,2025-11-07-Calumet College-vs-Evansville-m,2025-11-07,Evansville,home,NR,92,W
624,2025-11-07-Columbia-vs-New Haven-m,2025-11-07,Columbia,away,NR,71,W
625,2025-11-07-Columbia-vs-New Haven-m,2025-11-07,New Haven,home,NR,53,L
626,2025-11-07-Northeastern-vs-Colgate-m,2025-11-07,Northeastern,away,NR,68,W
627,2025-11-07-Northeastern-vs-Colgate-m,2025-11-07,Colgate,home,NR,65,L
628,2025-11-07-MIT-vs-Harvard-m,2025-11-07,MIT,away,NR,50,L
629,2025-11-07-MIT-vs-Harvard-m,2025-11-07,Harvard,home,NR,79,W
630,2025-11-07-Green Bay-vs-Buffalo-m,2025-11-07,Green Bay,away,NR,76,L
631,2025-11-07-Green Bay-vs-Buffalo-m,2025-11-07,Buffalo,home,NR,83,W
632,2025-11-07-Jarvis Christian-vs-Incarnate Word-m,2025-11-07,Jarvis Christian,away,NR,60,L
633,2025-11-07-Jarvis Christian-vs-Incarnate Word-m,2025-11-07,Incarnate Word,home,NR,104,W
634,2025-11-07-Boston University-vs-Northwestern-m,2025-11-07,Boston University,away,NR,52,L
635,2025-11-07-Boston University-vs-Northwestern-m,2025-11-07,Northwestern,home,NR,76,W
636,2025-11-07-Tulsa-vs-Rhode Island-m,2025-11-07,Tulsa,away,NR,82,W
637,2025-11-07-Tulsa-vs-Rhode Island-m,2025-11-07,Rhode Island,home,NR,65,L
638,2025-11-07-Mansfield-vs-Ball State-m,2025-11-07,Mansfield,away,NR,54,L
639,2025-11-07-Mansfield-vs-Ball State-m,2025-11-07,Ball State,home,NR,84,W
640,2025-11-07-Siena-vs-Brown-m,2025-11-07,Siena,away,NR,62,W
641,2025-11-07-Siena-vs-Brown-m,2025-11-07,Brown,home,NR,46,L
642,2025-11-07-Tennessee Tech-vs-Charlotte-m,2025-11-07,Tennessee Tech,away,NR,65,L
643,2025-11-07-Tennessee Tech-vs-Charlotte-m,2025-11-07,Charlotte,home,NR,70,W
644,2025-11-07-Georgia State-vs-Cincinnati-m,2025-11-07,Georgia State,away,NR,64,L
645,2025-11-07-Georgia State-vs-Cincinnati-m,2025-11-07,Cincinnati,home,NR,74,W
646,2025-11-07-Washington State-vs-Davidson-m,2025-11-07,Washington State,away,NR,69,L
647,2025-11-07-Washington State-vs-Davidson-m,2025-11-07,Davidson,home,NR,85,W
648,2025-11-07-Sacred Heart-vs-Duquesne-m,2025-11-07,Sacred Heart,away,NR,80,L
649,2025-11-07-Sacred Heart-vs-Duquesne-m,2025-11-07,Duquesne,home,NR,92,W
650,2025-11-07-Mount Saint Mary (NY)-vs-Fordham-m,2025-11-07,Mount Saint Mary (NY),away,NR,37,L
651,2025-11-07-Mount Saint Mary (NY)-vs-Fordham-m,2025-11-07,Fordham,home,NR,106,W
652,2025-11-07-Hofstra-vs-Iona-m,2025-11-07,Hofstra,away,NR,73,L
653,2025-11-07-Hofstra-vs-Iona-m,2025-11-07,Iona,home,NR,81,W
654,2025-11-07-Western Illinois-vs-Iowa-m,2025-11-07,Western Illinois,away,NR,58,L
655,2025-11-07-Western Illinois-vs-Iowa-m,2025-11-07,Iowa,home,NR,77,W
656,2025-11-07-Cornell-vs-Kent State-m,2025-11-07,Cornell,away,NR,102,L
657,2025-11-07-Cornell-vs-Kent State-m,2025-11-07,Kent State,home,NR,110,W
658,2025-11-07-Trinity Christian-vs-Miami (OH)-m,2025-11-07,Trinity Christian,away,NR,49,L
659,2025-11-07-Trinity Christian-vs-Miami (OH)-m,2025-11-07,Miami (OH),home,NR,129,W
660,2025-11-07-Louisiana-Monroe-vs-Ole Miss-m,2025-11-07,Louisiana-Monroe,away,NR,65,L
661,2025-11-07-Louisiana-Monroe-vs-Ole Miss-m,2025-11-07,Ole Miss,home,NR,86,W
662,2025-11-07-Bucknell-vs-Mount St. Mary's-m,2025-11-07,Bucknell,away,NR,73,W
663,2025-11-07-Bucknell-vs-Mount St. Mary's-m,2025-11-07,Mount St. Mary's,home,NR,62,L
664,2025-11-07-Lane-vs-North Alabama-m,2025-11-07,Lane,away,NR,84,L
665,2025-11-07-Lane-vs-North Alabama-m,2025-11-07,North Alabama,home,NR,90,W
666,2025-11-07-Detroit Mercy-vs-Notre Dame-m,2025-11-07,Detroit Mercy,away,NR,70,L
667,2025-11-07-Detroit Mercy-vs-Notre Dame-m,2025-11-07,Notre Dame,home,NR,102,W
668,2025-11-07-Rowan-vs-Penn-m,2025-11-07,Rowan,away,NR,72,L
669,2025-11-07-Rowan-vs-Penn-m,2025-11-07,Penn,home,NR,119,W
670,2025-11-07-West Virginia Wesleyan-vs-Radford-m,2025-11-07,West Virginia Wesleyan,away,NR,61,L
671,2025-11-07-West Virginia Wesleyan-vs-Radford-m,2025-11-07,Radford,home,NR,99,W
672,2025-11-07-Wagner-vs-Seton Hall-m,2025-11-07,Wagner,away,NR,61,L
673,2025-11-07-Wagner-vs-Seton Hall-m,2025-11-07,Seton Hall,home,NR,68,W
674,2025-11-07-Univ. of Ft. Lauderdale-vs-Stetson-m,2025-11-07,Univ. of Ft. Lauderdale,away,NR,77,L
675,2025-11-07-Univ. of Ft. Lauderdale-vs-Stetson-m,2025-11-07,Stetson,home,NR,106,W
676,2025-11-07-North Carolina Central-vs-Virginia-m,2025-11-07,North Carolina Central,away,NR,62,L
677,2025-11-07-North Carolina Central-vs-Virginia-m,2025-11-07,Virginia,home,NR,81,W
678,2025-11-07-Huntingdon-vs-West Georgia-m,2025-11-07,Huntingdon,away,NR,83,L
679,2025-11-07-Huntingdon-vs-West Georgia-m,2025-11-07,West Georgia,home,NR,120,W
680,2025-11-07-Stonehill-vs-DePaul-m,2025-11-07,Stonehill,away,NR,64,L
681,2025-11-07-Stonehill-vs-DePaul-m,2025-11-07,DePaul,home,NR,72,W
682,2025-11-07-Nicholls State-vs-Eastern Illinois-m,2025-11-07,Nicholls State,away,NR,57,L
683,2025-11-07-Nicholls State-vs-Eastern Illinois-m,2025-11-07,Eastern Illinois,home,NR,65,W
684,2025-11-07-Southeastern Louisiana-vs-Louisiana-m,2025-11-07,Southeastern Louisiana,away,NR,52,L
685,2025-11-07-Southeastern Louisiana-vs-Louisiana-m,2025-11-07,Louisiana,home,NR,58,W
686,2025-11-07-Southeast Missouri State-vs-Missouri-m,2025-11-07,Southeast Missouri State,away,NR,84,L
687,2025-11-07-Southeast Missouri State-vs-Missouri-m,2025-11-07,Missouri,home,NR,89,W
688,2025-11-07-Yale-vs-Navy-m,2025-11-07,Yale,away,NR,97,W
689,2025-11-07-Yale-vs-Navy-m,2025-11-07,Navy,home,NR,68,L
690,2025-11-07-Justice College-vs-Northern Arizona-m,2025-11-07,Justice College,away,NR,55,L
691,2025-11-07-Justice College-vs-Northern Arizona-m,2025-11-07,Northern Arizona,home,NR,87,W
692,2025-11-07-Colorado Christian-vs-Northern Colorado-m,2025-11-07,Colorado Christian,away,NR,65,L
693,2025-11-07-Colorado Christian-vs-Northern Colorado-m,2025-11-07,Northern Colorado,home,NR,101,W
694,2025-11-07-UIC-vs-Oregon State-m,2025-11-07,UIC,away,NR,73,L
695,2025-11-07-UIC-vs-Oregon State-m,2025-11-07,Oregon State,home,NR,76,W
696,2025-11-07-South Carolina State-vs-Samford-m,2025-11-07,South Carolina State,away,NR,72,L
697,2025-11-07-South Carolina State-vs-Samford-m,2025-11-07,Samford,home,NR,82,W
698,2025-11-07-VMI-vs-Southern Indiana-m,2025-11-07,VMI,away,NR,78,W
699,2025-11-07-VMI-vs-Southern Indiana-m,2025-11-07,Southern Indiana,home,NR,74,L
700,2025-11-07-Youngstown State-vs-Grand Canyon-m,2025-11-07,Youngstown State,away,NR,90,W
701,2025-11-07-Youngstown State-vs-Grand Canyon-m,2025-11-07,Grand Canyon,home,NR,81,L
702,2025-11-07-Whitman-vs-Idaho-m,2025-11-07,Whitman,away,NR,49,L
703,2025-11-07-Whitman-vs-Idaho-m,2025-11-07,Idaho,home,NR,94,W
704,2025-11-07-UAB-vs-NC State-m,2025-11-07,UAB,away,NR,70,L
705,2025-11-07-UAB-vs-NC State-m,2025-11-07,NC State,home,NR,94,W
706,2025-11-07-Western New Mexico-vs-UTEP-m,2025-11-07,Western New Mexico,away,NR,70,L
707,2025-11-07-Western New Mexico-vs-UTEP-m,2025-11-07,UTEP,home,NR,107,W
708,2025-11-07-Utah State-vs-VCU-m,2025-11-07,Utah State,away,NR,80,W
709,2025-11-07-Utah State-vs-VCU-m,2025-11-07,VCU,home,NR,77,L
710,2025-11-07-California Baptist-vs-UC-Irvine-m,2025-11-07,California Baptist,away,NR,69,W
711,2025-11-07-California Baptist-vs-UC-Irvine-m,2025-11-07,UC-Irvine,home,NR,61,L
712,2025-11-07-Northwest Indian College-vs-Portland State-m,2025-11-07,Northwest Indian College,away,NR,74,L
713,2025-11-07-Northwest Indian College-vs-Portland State-m,2025-11-07,Portland State,home,NR,122,W
714,2025-11-07-William Jessup-vs-Sacramento State-m,2025-11-07,William Jessup,away,NR,76,L
715,2025-11-07-William Jessup-vs-Sacramento State-m,2025-11-07,Sacramento State,home,NR,86,W
716,2025-11-07-Chattanooga-vs-Saint Mary's-m,2025-11-07,Chattanooga,away,NR,66,L
717,2025-11-07-Chattanooga-vs-Saint Mary's-m,2025-11-07,Saint Mary's,home,NR,87,W
718,2025-11-07-McNeese State-vs-Santa Clara-m,2025-11-07,McNeese State,away,NR,67,L
719,2025-11-07-McNeese State-vs-Santa Clara-m,2025-11-07,Santa Clara,home,NR,79,W
720,2025-11-08-Towson-vs-Houston-m,2025-11-08,Towson,away,NR,48,L
721,2025-11-08-Towson-vs-Houston-m,2025-11-08,Houston,home, 2 ,65,W
722,2025-11-08-Alabama-vs-St. John's (NY)-m,2025-11-08,Alabama,away, 15 ,103,W
723,2025-11-08-Alabama-vs-St. John's (NY)-m,2025-11-08,St. John's (NY),home, 5 ,96,L
724,2025-11-08-Western Carolina-vs-Duke-m,2025-11-08,Western Carolina,away,NR,54,L
725,2025-11-08-Western Carolina-vs-Duke-m,2025-11-08,Duke,home, 6 ,95,W
726,2025-11-08-Holy Cross-vs-BYU-m,2025-11-08,Holy Cross,away,NR,53,L
727,2025-11-08-Holy Cross-vs-BYU-m,2025-11-08,BYU,home, 8 ,98,W
728,2025-11-08-Arkansas-vs-Michigan State-m,2025-11-08,Arkansas,away, 14 ,66,L
729,2025-11-08-Arkansas-vs-Michigan State-m,2025-11-08,Michigan State,home, 22 ,69,W
730,2025-11-08-Northern Kentucky-vs-Tennessee-m,2025-11-08,Northern Kentucky,away,NR,56,L
731,2025-11-08-Northern Kentucky-vs-Tennessee-m,2025-11-08,Tennessee,home, 18 ,95,W
732,2025-11-08-Oklahoma-vs-Gonzaga-m,2025-11-08,Oklahoma,away,NR,68,L
733,2025-11-08-Oklahoma-vs-Gonzaga-m,2025-11-08,Gonzaga,home, 21 ,83,W
734,2025-11-08-Princeton-vs-Akron-m,2025-11-08,Princeton,away,NR,69,L
735,2025-11-08-Princeton-vs-Akron-m,2025-11-08,Akron,home,NR,104,W
736,2025-11-08-Vanderbilt-vs-UCF-m,2025-11-08,Vanderbilt,away,NR,105,W
737,2025-11-08-Vanderbilt-vs-UCF-m,2025-11-08,UCF,home,NR,93,L
738,2025-11-08-Florida Atlantic-vs-College of Charleston-m,2025-11-08,Florida Atlantic,away,NR,94,W
739,2025-11-08-Florida Atlantic-vs-College of Charleston-m,2025-11-08,College of Charleston,home,NR,77,L
740,2025-11-08-UMBC-vs-Dayton-m,2025-11-08,UMBC,away,NR,71,L
741,2025-11-08-UMBC-vs-Dayton-m,2025-11-08,Dayton,home,NR,77,W
742,2025-11-08-ETSU-vs-Presbyterian-m,2025-11-08,ETSU,away,NR,64,L
743,2025-11-08-ETSU-vs-Presbyterian-m,2025-11-08,Presbyterian,home,NR,68,W
744,2025-11-08-East Carolina-vs-Richmond-m,2025-11-08,East Carolina,away,NR,72,L
745,2025-11-08-East Carolina-vs-Richmond-m,2025-11-08,Richmond,home,NR,87,W
746,2025-11-08-Canisius-vs-St. Bonaventure-m,2025-11-08,Canisius,away,NR,70,L
747,2025-11-08-Canisius-vs-St. Bonaventure-m,2025-11-08,St. Bonaventure,home,NR,89,W
748,2025-11-08-Delaware State-vs-Syracuse-m,2025-11-08,Delaware State,away,NR,43,L
749,2025-11-08-Delaware State-vs-Syracuse-m,2025-11-08,Syracuse,home,NR,83,W
750,2025-11-08-Queens (NC)-vs-Villanova-m,2025-11-08,Queens (NC),away,NR,74,L
751,2025-11-08-Queens (NC)-vs-Villanova-m,2025-11-08,Villanova,home,NR,94,W
752,2025-11-08-Milwaukee-vs-Wofford-m,2025-11-08,Milwaukee,away,NR,76,L
753,2025-11-08-Milwaukee-vs-Wofford-m,2025-11-08,Wofford,home,NR,86,W
754,2025-11-08-San Francisco-vs-Memphis-m,2025-11-08,San Francisco,away,NR,70,L
755,2025-11-08-San Francisco-vs-Memphis-m,2025-11-08,Memphis,home,NR,76,W
756,2025-11-08-Webster-vs-Middle Tennessee-m,2025-11-08,Webster,away,NR,56,L
757,2025-11-08-Webster-vs-Middle Tennessee-m,2025-11-08,Middle Tennessee,home,NR,109,W
758,2025-11-08-John Brown-vs-Oral Roberts-m,2025-11-08,John Brown,away,NR,50,L
759,2025-11-08-John Brown-vs-Oral Roberts-m,2025-11-08,Oral Roberts,home,NR,84,W
760,2025-11-08-Prairie View-vs-Wichita State-m,2025-11-08,Prairie View,away,NR,62,L
761,2025-11-08-Prairie View-vs-Wichita State-m,2025-11-08,Wichita State,home,NR,105,W
762,2025-11-08-Utah Valley-vs-Boise State-m,2025-11-08,Utah Valley,away,NR,77,L
763,2025-11-08-Utah Valley-vs-Boise State-m,2025-11-08,Boise State,home,NR,101,W
764,2025-11-08-Eastern Washington-vs-Colorado-m,2025-11-08,Eastern Washington,away,NR,97,L
765,2025-11-08-Eastern Washington-vs-Colorado-m,2025-11-08,Colorado,home,NR,102,W
766,2025-11-08-UT Arlington-vs-New Mexico-m,2025-11-08,UT Arlington,away,NR,56,L
767,2025-11-08-UT Arlington-vs-New Mexico-m,2025-11-08,New Mexico,home,NR,74,W
768,2025-11-08-Weber State-vs-Utah-m,2025-11-08,Weber State,away,NR,89,L
769,2025-11-08-Weber State-vs-Utah-m,2025-11-08,Utah,home,NR,92,W
770,2025-11-08-Chattanooga-vs-UNLV-m,2025-11-08,Chattanooga,away,NR,69,L
771,2025-11-08-Chattanooga-vs-UNLV-m,2025-11-08,UNLV,home,NR,101,W
772,2025-11-08-Alcorn State-vs-Minnesota-m,2025-11-08,Alcorn State,away,NR,50,L
773,2025-11-08-Alcorn State-vs-Minnesota-m,2025-11-08,Minnesota,home,NR,95,W
774,2025-11-08-Southern Virginia-vs-USC Upstate-m,2025-11-08,Southern Virginia,away,NR,46,L
775,2025-11-08-Southern Virginia-vs-USC Upstate-m,2025-11-08,USC Upstate,home,NR,105,W
776,2025-11-08-Kennesaw State-vs-Florida A&M-m,2025-11-08,Kennesaw State,away,NR,92,W
777,2025-11-08-Kennesaw State-vs-Florida A&M-m,2025-11-08,Florida A&M,home,NR,72,L
778,2025-11-08-South Florida-vs-George Washington-m,2025-11-08,South Florida,away,NR,95,L
779,2025-11-08-South Florida-vs-George Washington-m,2025-11-08,George Washington,home,NR,99,W
780,2025-11-08-Florida International-vs-Nebraska-m,2025-11-08,Florida International,away,NR,66,L
781,2025-11-08-Florida International-vs-Nebraska-m,2025-11-08,Nebraska,home,NR,96,W
782,2025-11-08-Penn State-vs-New Haven-m,2025-11-08,Penn State,away,NR,87,W
783,2025-11-08-Penn State-vs-New Haven-m,2025-11-08,New Haven,home,NR,43,L
784,2025-11-08-Drexel-vs-St. Joseph's-m,2025-11-08,Drexel,away,NR,65,L
785,2025-11-08-Drexel-vs-St. Joseph's-m,2025-11-08,St. Joseph's,home,NR,76,W
786,2025-11-08-Niagara-vs-Binghamton-m,2025-11-08,Niagara,away,NR,67,W
787,2025-11-08-Niagara-vs-Binghamton-m,2025-11-08,Binghamton,home,NR,59,L
788,2025-11-08-Champion Christian-vs-Central Arkansas-m,2025-11-08,Champion Christian,away,NR,63,L
789,2025-11-08-Champion Christian-vs-Central Arkansas-m,2025-11-08,Central Arkansas,home,NR,110,W
790,2025-11-08-FDU-vs-St. Peter's-m,2025-11-08,FDU,away,NR,83,L
791,2025-11-08-FDU-vs-St. Peter's-m,2025-11-08,St. Peter's,home,NR,93,W
792,2025-11-08-Marshall-vs-Toledo-m,2025-11-08,Marshall,away,NR,85,W
793,2025-11-08-Marshall-vs-Toledo-m,2025-11-08,Toledo,home,NR,73,L
794,2025-11-08-Texas State-vs-Tulane-m,2025-11-08,Texas State,away,NR,71,L
795,2025-11-08-Texas State-vs-Tulane-m,2025-11-08,Tulane,home,NR,79,W
796,2025-11-08-UNC Asheville-vs-Georgia Southern-m,2025-11-08,UNC Asheville,away,NR,90,L
797,2025-11-08-UNC Asheville-vs-Georgia Southern-m,2025-11-08,Georgia Southern,home,NR,93,W
798,2025-11-08-Monmouth-vs-La Salle-m,2025-11-08,Monmouth,away,NR,60,L
799,2025-11-08-Monmouth-vs-La Salle-m,2025-11-08,La Salle,home,NR,73,W
800,2025-11-08-Penn State New Kensington-vs-Mercyhurst-m,2025-11-08,Penn State New Kensington,away,NR,43,L
801,2025-11-08-Penn State New Kensington-vs-Mercyhurst-m,2025-11-08,Mercyhurst,home,NR,94,W
802,2025-11-08-Lafayette-vs-Texas-m,2025-11-08,Lafayette,away,NR,60,L
803,2025-11-08-Lafayette-vs-Texas-m,2025-11-08,Texas,home,NR,97,W
804,2025-11-08-Austin Peay-vs-Air Force-m,2025-11-08,Austin Peay,away,NR,74,W
805,2025-11-08-Austin Peay-vs-Air Force-m,2025-11-08,Air Force,home,NR,54,L
806,2025-11-08-San Jose State-vs-UCSB-m,2025-11-08,San Jose State,away,NR,74,L
807,2025-11-08-San Jose State-vs-UCSB-m,2025-11-08,UCSB,home,NR,85,W
808,2025-11-08-Cheyney-vs-Maryland-Eastern Shore-m,2025-11-08,Cheyney,away,NR,59,L
809,2025-11-08-Cheyney-vs-Maryland-Eastern Shore-m,2025-11-08,Maryland-Eastern Shore,home,NR,104,W
810,2025-11-08-Elon-vs-UNC Greensboro-m,2025-11-08,Elon,away,NR,92,W
811,2025-11-08-Elon-vs-UNC Greensboro-m,2025-11-08,UNC Greensboro,home,NR,90,L
812,2025-11-08-Spring Hill-vs-South Alabama-m,2025-11-08,Spring Hill,away,NR,50,L
813,2025-11-08-Spring Hill-vs-South Alabama-m,2025-11-08,South Alabama,home,NR,99,W
814,2025-11-08-Montana-vs-Stanford-m,2025-11-08,Montana,away,NR,68,L
815,2025-11-08-Montana-vs-Stanford-m,2025-11-08,Stanford,home,NR,91,W
816,2025-11-08-Providence-vs-Virginia Tech-m,2025-11-08,Providence,away,NR,101,L
817,2025-11-08-Providence-vs-Virginia Tech-m,2025-11-08,Virginia Tech,home,NR,107,W
818,2025-11-08-Cal State Fullerton-vs-Wyoming-m,2025-11-08,Cal State Fullerton,away,NR,82,L
819,2025-11-08-Cal State Fullerton-vs-Wyoming-m,2025-11-08,Wyoming,home,NR,92,W
820,2025-11-08-IU Indianapolis-vs-Butler-m,2025-11-08,IU Indianapolis,away,NR,80,L
821,2025-11-08-IU Indianapolis-vs-Butler-m,2025-11-08,Butler,home,NR,112,W
822,2025-11-08-Long Beach State-vs-Fresno State-m,2025-11-08,Long Beach State,away,NR,62,L
823,2025-11-08-Long Beach State-vs-Fresno State-m,2025-11-08,Fresno State,home,NR,82,W
824,2025-11-08-Averett-vs-High Point-m,2025-11-08,Averett,away,NR,52,L
825,2025-11-08-Averett-vs-High Point-m,2025-11-08,High Point,home,NR,127,W
826,2025-11-08-Maine-vs-Stony Brook-m,2025-11-08,Maine,away,NR,60,L
827,2025-11-08-Maine-vs-Stony Brook-m,2025-11-08,Stony Brook,home,NR,71,W
828,2025-11-08-Albany (NY)-vs-UMass-m,2025-11-08,Albany (NY),away,NR,62,L
829,2025-11-08-Albany (NY)-vs-UMass-m,2025-11-08,UMass,home,NR,83,W
830,2025-11-08-Fairfield-vs-NJIT-m,2025-11-08,Fairfield,away,NR,74,W
831,2025-11-08-Fairfield-vs-NJIT-m,2025-11-08,NJIT,home,NR,53,L
832,2025-11-08-William & Mary-vs-Norfolk State-m,2025-11-08,William & Mary,away,NR,81,W
833,2025-11-08-William & Mary-vs-Norfolk State-m,2025-11-08,Norfolk State,home,NR,78,L
834,2025-11-08-Texas A&M-Corpus Christi-vs-Tarleton State-m,2025-11-08,Texas A&M-Corpus Christi,away,NR,77,L
835,2025-11-08-Texas A&M-Corpus Christi-vs-Tarleton State-m,2025-11-08,Tarleton State,home,NR,85,W
836,2025-11-08-Tennessee State-vs-Belmont-m,2025-11-08,Tennessee State,away,NR,79,L
837,2025-11-08-Tennessee State-vs-Belmont-m,2025-11-08,Belmont,home,NR,87,W
838,2025-11-08-Central Michigan-vs-Bradley-m,2025-11-08,Central Michigan,away,NR,54,L
839,2025-11-08-Central Michigan-vs-Bradley-m,2025-11-08,Bradley,home,NR,85,W
840,2025-11-08-Bellarmine-vs-Kansas State-m,2025-11-08,Bellarmine,away,NR,71,L
841,2025-11-08-Bellarmine-vs-Kansas State-m,2025-11-08,Kansas State,home,NR,98,W
842,2025-11-08-Northwestern Oklahoma State-vs-Missouri State-m,2025-11-08,Northwestern Oklahoma State,away,NR,57,L
843,2025-11-08-Northwestern Oklahoma State-vs-Missouri State-m,2025-11-08,Missouri State,home,NR,106,W
844,2025-11-08-Texas-Rio Grande Valley-vs-Southern Utah-m,2025-11-08,Texas-Rio Grande Valley,away,NR,95,W
845,2025-11-08-Texas-Rio Grande Valley-vs-Southern Utah-m,2025-11-08,Southern Utah,home,NR,72,L
846,2025-11-08-Army-vs-St. Thomas-m,2025-11-08,Army,away,NR,76,L
847,2025-11-08-Army-vs-St. Thomas-m,2025-11-08,St. Thomas,home,NR,83,W
848,2025-11-08-Arkansas-Pine Bluff-vs-Loyola Marymount-m,2025-11-08,Arkansas-Pine Bluff,away,NR,72,L
849,2025-11-08-Arkansas-Pine Bluff-vs-Loyola Marymount-m,2025-11-08,Loyola Marymount,home,NR,94,W
850,2025-11-08-Houston Christian-vs-UC-San Diego-m,2025-11-08,Houston Christian,away,NR,60,L
851,2025-11-08-Houston Christian-vs-UC-San Diego-m,2025-11-08,UC-San Diego,home,NR,78,W
852,2025-11-08-Pacific-vs-Nevada-m,2025-11-08,Pacific,away,NR,77,L
853,2025-11-08-Pacific-vs-Nevada-m,2025-11-08,Nevada,home,NR,78,W
854,2025-11-08-Cal Poly-vs-Seattle-m,2025-11-08,Cal Poly,away,NR,73,W
855,2025-11-08-Cal Poly-vs-Seattle-m,2025-11-08,Seattle,home,NR,71,L
856,2025-11-09-North Carolina Central-vs-Appalachian State-m,2025-11-09,North Carolina Central,away,NR,54,L
857,2025-11-09-North Carolina Central-vs-Appalachian State-m,2025-11-09,Appalachian State,home,NR,76,W
858,2025-11-09-Western Michigan-vs-Campbell-m,2025-11-09,Western Michigan,away,NR,82,L
859,2025-11-09-Western Michigan-vs-Campbell-m,2025-11-09,Campbell,home,NR,91,W
860,2025-11-09-Coppin State-vs-James Madison-m,2025-11-09,Coppin State,away,NR,70,L
861,2025-11-09-Coppin State-vs-James Madison-m,2025-11-09,James Madison,home,NR,84,W
862,2025-11-09-Florida Atlantic-vs-Liberty-m,2025-11-09,Florida Atlantic,away,NR,68,L
863,2025-11-09-Florida Atlantic-vs-Liberty-m,2025-11-09,Liberty,home,NR,88,W
864,2025-11-09-Lehigh-vs-West Virginia-m,2025-11-09,Lehigh,away,NR,47,L
865,2025-11-09-Lehigh-vs-West Virginia-m,2025-11-09,West Virginia,home,NR,69,W
866,2025-11-09-Washington-vs-Baylor-m,2025-11-09,Washington,away,NR,69,L
867,2025-11-09-Washington-vs-Baylor-m,2025-11-09,Baylor,home,NR,78,W
868,2025-11-09-Omaha-vs-Colorado State-m,2025-11-09,Omaha,away,NR,74,L
869,2025-11-09-Omaha-vs-Colorado State-m,2025-11-09,Colorado State,home,NR,97,W
870,2025-11-09-Lipscomb-vs-Mercer-m,2025-11-09,Lipscomb,away,NR,77,L
871,2025-11-09-Lipscomb-vs-Mercer-m,2025-11-09,Mercer,home,NR,92,W
872,2025-11-09-Idaho State-vs-San Diego State-m,2025-11-09,Idaho State,away,NR,57,L
873,2025-11-09-Idaho State-vs-San Diego State-m,2025-11-09,San Diego State,home,NR,73,W
874,2025-11-09-Manhattan-vs-USC-m,2025-11-09,Manhattan,away,NR,83,L
875,2025-11-09-Manhattan-vs-USC-m,2025-11-09,USC,home,NR,114,W
876,2025-11-09-New Hampshire-vs-Harvard-m,2025-11-09,New Hampshire,away,NR,75,L
877,2025-11-09-New Hampshire-vs-Harvard-m,2025-11-09,Harvard,home,NR,86,W
878,2025-11-09-Penn-vs-American-m,2025-11-09,Penn,away,NR,78,L
879,2025-11-09-Penn-vs-American-m,2025-11-09,American,home,NR,84,W
880,2025-11-09-Indiana-vs-Marquette-m,2025-11-09,Indiana,away,NR,100,W
881,2025-11-09-Indiana-vs-Marquette-m,2025-11-09,Marquette,home,NR,77,L
882,2025-11-09-Le Moyne-vs-Bowling Green-m,2025-11-09,Le Moyne,away,NR,60,L
883,2025-11-09-Le Moyne-vs-Bowling Green-m,2025-11-09,Bowling Green,home,NR,83,W
884,2025-11-09-Vermont-vs-Brown-m,2025-11-09,Vermont,away,NR,89,W
885,2025-11-09-Vermont-vs-Brown-m,2025-11-09,Brown,home,NR,84,L
886,2025-11-09-Marist-vs-Dartmouth-m,2025-11-09,Marist,away,NR,75,W
887,2025-11-09-Marist-vs-Dartmouth-m,2025-11-09,Dartmouth,home,NR,56,L
888,2025-11-09-Morehead State-vs-Georgia-m,2025-11-09,Morehead State,away,NR,81,L
889,2025-11-09-Morehead State-vs-Georgia-m,2025-11-09,Georgia,home,NR,120,W
890,2025-11-09-Cornell-vs-Illinois State-m,2025-11-09,Cornell,away,NR,65,L
891,2025-11-09-Cornell-vs-Illinois State-m,2025-11-09,Illinois State,home,NR,76,W
892,2025-11-09-Dominican (IL)-vs-Purdue Fort Wayne-m,2025-11-09,Dominican (IL),away,NR,56,L
893,2025-11-09-Dominican (IL)-vs-Purdue Fort Wayne-m,2025-11-09,Purdue Fort Wayne,home,NR,137,W
894,2025-11-09-VMI-vs-Missouri-m,2025-11-09,VMI,away,NR,68,L
895,2025-11-09-VMI-vs-Missouri-m,2025-11-09,Missouri,home,NR,106,W
896,2025-11-09-South Dakota State-vs-Northern Iowa-m,2025-11-09,South Dakota State,away,NR,58,L
897,2025-11-09-South Dakota State-vs-Northern Iowa-m,2025-11-09,Northern Iowa,home,NR,65,W
898,2025-11-09-Texas A&M-vs-Oklahoma State-m,2025-11-09,Texas A&M,away,NR,63,L
899,2025-11-09-Texas A&M-vs-Oklahoma State-m,2025-11-09,Oklahoma State,home,NR,87,W
900,2025-11-09-Ozark Christian College-vs-South Dakota-m,2025-11-09,Ozark Christian College,away,NR,65,L
901,2025-11-09-Ozark Christian College-vs-South Dakota-m,2025-11-09,South Dakota,home,NR,121,W
902,2025-11-09-Utah Tech-vs-Arizona State-m,2025-11-09,Utah Tech,away,NR,66,L
903,2025-11-09-Utah Tech-vs-Arizona State-m,2025-11-09,Arizona State,home,NR,81,W
904,2025-11-09-Lyon-vs-Louisiana Tech-m,2025-11-09,Lyon,away,NR,35,L
905,2025-11-09-Lyon-vs-Louisiana Tech-m,2025-11-09,Louisiana Tech,home,NR,93,W
906,2025-11-09-Denver-vs-Montana State-m,2025-11-09,Denver,away,NR,75,W
907,2025-11-09-Denver-vs-Montana State-m,2025-11-09,Montana State,home,NR,73,L
908,2025-11-09-Cal State Northridge-vs-North Dakota-m,2025-11-09,Cal State Northridge,away,NR,93,W
909,2025-11-09-Cal State Northridge-vs-North Dakota-m,2025-11-09,North Dakota,home,NR,85,L
910,2025-11-09-Oakland City-vs-Evansville-m,2025-11-09,Oakland City,away,NR,47,L
911,2025-11-09-Oakland City-vs-Evansville-m,2025-11-09,Evansville,home,NR,76,W
912,2025-11-09-North Texas-vs-Loyola (IL)-m,2025-11-09,North Texas,away,NR,64,W
913,2025-11-09-North Texas-vs-Loyola (IL)-m,2025-11-09,Loyola (IL),home,NR,62,L
914,2025-11-09-UC-Davis-vs-Portland-m,2025-11-09,UC-Davis,away,NR,63,L
915,2025-11-09-UC-Davis-vs-Portland-m,2025-11-09,Portland,home,NR,67,W
916,2025-11-09-Grambling-vs-Howard-m,2025-11-09,Grambling,away,NR,73,W
917,2025-11-09-Grambling-vs-Howard-m,2025-11-09,Howard,home,NR,70,L
918,2025-11-09-Southern Miss-vs-South Carolina-m,2025-11-09,Southern Miss,away,NR,79,L
919,2025-11-09-Southern Miss-vs-South Carolina-m,2025-11-09,South Carolina,home,NR,83,W
920,2025-11-09-Kentucky Christian-vs-UT-Martin-m,2025-11-09,Kentucky Christian,away,NR,42,L
921,2025-11-09-Kentucky Christian-vs-UT-Martin-m,2025-11-09,UT-Martin,home,NR,97,W
922,2025-11-10-Columbia-vs-UConn-m,2025-11-10,Columbia,away,NR,62,L
923,2025-11-10-Columbia-vs-UConn-m,2025-11-10,UConn,home, 3 ,89,W
924,2025-11-10-West Georgia-vs-UCLA-m,2025-11-10,West Georgia,away,NR,62,L
925,2025-11-10-West Georgia-vs-UCLA-m,2025-11-10,UCLA,home, 15 ,83,W
926,2025-11-10-Mississippi State-vs-Iowa State-m,2025-11-10,Mississippi State,away,NR,80,L
927,2025-11-10-Mississippi State-vs-Iowa State-m,2025-11-10,Iowa State,home, 16 ,96,W
928,2025-11-10-Western Kentucky-vs-Eastern Kentucky-m,2025-11-10,Western Kentucky,away,NR,87,W
929,2025-11-10-Western Kentucky-vs-Eastern Kentucky-m,2025-11-10,Eastern Kentucky,home,NR,79,L
930,2025-11-10-Columbia International-vs-Furman-m,2025-11-10,Columbia International,away,NR,59,L
931,2025-11-10-Columbia International-vs-Furman-m,2025-11-10,Furman,home,NR,89,W
932,2025-11-10-Southeastern Louisiana-vs-Georgia Tech-m,2025-11-10,Southeastern Louisiana,away,NR,60,L
933,2025-11-10-Southeastern Louisiana-vs-Georgia Tech-m,2025-11-10,Georgia Tech,home,NR,70,W
934,2025-11-10-UNC Wilmington-vs-Kent State-m,2025-11-10,UNC Wilmington,away,NR,77,L
935,2025-11-10-UNC Wilmington-vs-Kent State-m,2025-11-10,Kent State,home,NR,86,W
936,2025-11-10-New Haven-vs-UMass-Lowell-m,2025-11-10,New Haven,away,NR,73,W
937,2025-11-10-New Haven-vs-UMass-Lowell-m,2025-11-10,UMass-Lowell,home,NR,67,L
938,2025-11-10-Stetson-vs-Miami (FL)-m,2025-11-10,Stetson,away,NR,61,L
939,2025-11-10-Stetson-vs-Miami (FL)-m,2025-11-10,Miami (FL),home,NR,102,W
940,2025-11-10-Eastern Michigan-vs-Pitt-m,2025-11-10,Eastern Michigan,away,NR,66,L
941,2025-11-10-Eastern Michigan-vs-Pitt-m,2025-11-10,Pitt,home,NR,78,W
942,2025-11-10-Maine-vs-Rutgers-m,2025-11-10,Maine,away,NR,60,L
943,2025-11-10-Maine-vs-Rutgers-m,2025-11-10,Rutgers,home,NR,72,W
944,2025-11-10-Simpson (IA)-vs-Drake-m,2025-11-10,Simpson (IA),away,NR,51,L
945,2025-11-10-Simpson (IA)-vs-Drake-m,2025-11-10,Drake,home,NR,89,W
946,2025-11-10-East Texas A&M-vs-Hawaii-m,2025-11-10,East Texas A&M,away,NR,74,L
947,2025-11-10-East Texas A&M-vs-Hawaii-m,2025-11-10,Hawaii,home,NR,100,W
948,2025-11-10-Indiana State-vs-SIU-Edwardsville-m,2025-11-10,Indiana State,away,NR,64,W
949,2025-11-10-Indiana State-vs-SIU-Edwardsville-m,2025-11-10,SIU-Edwardsville,home,NR,55,L
950,2025-11-10-Holy Cross-vs-Utah-m,2025-11-10,Holy Cross,away,NR,69,L
951,2025-11-10-Holy Cross-vs-Utah-m,2025-11-10,Utah,home,NR,87,W
952,2025-11-10-Cal State Fullerton-vs-California-m,2025-11-10,Cal State Fullerton,away,NR,65,L
953,2025-11-10-Cal State Fullerton-vs-California-m,2025-11-10,California,home,NR,93,W
954,2025-11-10-Molloy-vs-Hofstra-m,2025-11-10,Molloy,away,NR,61,L
955,2025-11-10-Molloy-vs-Hofstra-m,2025-11-10,Hofstra,home,NR,95,W
956,2025-11-10-Ripon-vs-Green Bay-m,2025-11-10,Ripon,away,NR,63,L
957,2025-11-10-Ripon-vs-Green Bay-m,2025-11-10,Green Bay,home,NR,83,W
958,2025-11-10-Reinhardt-vs-Jacksonville State-m,2025-11-10,Reinhardt,away,NR,39,L
959,2025-11-10-Reinhardt-vs-Jacksonville State-m,2025-11-10,Jacksonville State,home,NR,114,W
960,2025-11-10-Ecclesia-vs-Southern-m,2025-11-10,Ecclesia,away,NR,51,L
961,2025-11-10-Ecclesia-vs-Southern-m,2025-11-10,Southern,home,NR,115,W
962,2025-11-10-Delaware State-vs-Niagara-m,2025-11-10,Delaware State,away,NR,57,L
963,2025-11-10-Delaware State-vs-Niagara-m,2025-11-10,Niagara,home,NR,68,W
964,2025-11-10-Penn State Shenango-vs-Youngstown State-m,2025-11-10,Penn State Shenango,away,NR,53,L
965,2025-11-10-Penn State Shenango-vs-Youngstown State-m,2025-11-10,Youngstown State,home,NR,115,W
966,2025-11-10-Charleston Southern-vs-The Citadel-m,2025-11-10,Charleston Southern,away,NR,96,W
967,2025-11-10-Charleston Southern-vs-The Citadel-m,2025-11-10,The Citadel,home,NR,86,L
968,2025-11-10-North Greenville-vs-Gardner-Webb-m,2025-11-10,North Greenville,away,NR,92,W
969,2025-11-10-North Greenville-vs-Gardner-Webb-m,2025-11-10,Gardner-Webb,home,NR,81,L
970,2025-11-10-Presbyterian-vs-Georgia State-m,2025-11-10,Presbyterian,away,NR,63,W
971,2025-11-10-Presbyterian-vs-Georgia State-m,2025-11-10,Georgia State,home,NR,61,L
972,2025-11-10-Rust-vs-Louisiana-Monroe-m,2025-11-10,Rust,away,NR,55,L
973,2025-11-10-Rust-vs-Louisiana-Monroe-m,2025-11-10,Louisiana-Monroe,home,NR,88,W
974,2025-11-10-College of Biblical Studies-vs-McNeese State-m,2025-11-10,College of Biblical Studies,away,NR,50,L
975,2025-11-10-College of Biblical Studies-vs-McNeese State-m,2025-11-10,McNeese State,home,NR,132,W
976,2025-11-10-South Carolina State-vs-North Carolina A&T-m,2025-11-10,South Carolina State,away,NR,62,L
977,2025-11-10-South Carolina State-vs-North Carolina A&T-m,2025-11-10,North Carolina A&T,home,NR,85,W
978,2025-11-10-Geneva-vs-Robert Morris-m,2025-11-10,Geneva,away,NR,47,L
979,2025-11-10-Geneva-vs-Robert Morris-m,2025-11-10,Robert Morris,home,NR,93,W
980,2025-11-10-Fairfield-vs-Seton Hall-m,2025-11-10,Fairfield,away,NR,59,L
981,2025-11-10-Fairfield-vs-Seton Hall-m,2025-11-10,Seton Hall,home,NR,82,W
982,2025-11-10-Virginia University of Lynchburg-vs-Tennessee Tech-m,2025-11-10,Virginia University of Lynchburg,away,NR,58,L
983,2025-11-10-Virginia University of Lynchburg-vs-Tennessee Tech-m,2025-11-10,Tennessee Tech,home,NR,118,W
984,2025-11-10-New Orleans-vs-LSU-m,2025-11-10,New Orleans,away,NR,58,L
985,2025-11-10-New Orleans-vs-LSU-m,2025-11-10,LSU,home,NR,93,W
986,2025-11-10-Little Rock-vs-Milwaukee-m,2025-11-10,Little Rock,away,NR,72,L
987,2025-11-10-Little Rock-vs-Milwaukee-m,2025-11-10,Milwaukee,home,NR,92,W
988,2025-11-10-Cleveland State-vs-Northwestern-m,2025-11-10,Cleveland State,away,NR,63,L
989,2025-11-10-Cleveland State-vs-Northwestern-m,2025-11-10,Northwestern,home,NR,110,W
990,2025-11-10-Lindenwood-vs-Saint Louis-m,2025-11-10,Lindenwood,away,NR,66,L
991,2025-11-10-Lindenwood-vs-Saint Louis-m,2025-11-10,Saint Louis,home,NR,109,W
992,2025-11-10-Arlington Baptist-vs-UT Arlington-m,2025-11-10,Arlington Baptist,away,NR,61,L
993,2025-11-10-Arlington Baptist-vs-UT Arlington-m,2025-11-10,UT Arlington,home,NR,117,W
994,2025-11-10-Lamar-vs-TCU-m,2025-11-10,Lamar,away,NR,65,L
995,2025-11-10-Lamar-vs-TCU-m,2025-11-10,TCU,home,NR,78,W
996,2025-11-10-Santa Clara-vs-Xavier-m,2025-11-10,Santa Clara,away,NR,87,W
997,2025-11-10-Santa Clara-vs-Xavier-m,2025-11-10,Xavier,home,NR,68,L
998,2025-11-10-Northern Illinois-vs-Grand Canyon-m,2025-11-10,Northern Illinois,away,NR,59,L
999,2025-11-10-Northern Illinois-vs-Grand Canyon-m,2025-11-10,Grand Canyon,home,NR,88,W
1000,2025-11-10-St. Thomas-vs-Washington State-m,2025-11-10,St. Thomas,away,NR,71,L
1001,2025-11-10-St. Thomas-vs-Washington State-m,2025-11-10,Washington State,home,NR,81,W
1002,2025-11-10-Lincoln (CA)-vs-UC-Irvine-m,2025-11-10,Lincoln (CA),away,NR,63,L
1003,2025-11-10-Lincoln (CA)-vs-UC-Irvine-m,2025-11-10,UC-Irvine,home,NR,130,W
1004,2025-11-11-Duke-vs-Army-m,2025-11-11,Duke,away, 4 ,114,W
1005,2025-11-11-Duke-vs-Army-m,2025-11-11,Army,home,NR,59,L
1006,2025-11-11-Northern Arizona-vs-Arizona-m,2025-11-11,Northern Arizona,away,NR,49,L
1007,2025-11-11-Northern Arizona-vs-Arizona-m,2025-11-11,Arizona,home, 5 ,84,W
1008,2025-11-11-Wake Forest-vs-Michigan-m,2025-11-11,Wake Forest,away,NR,84,L
1009,2025-11-11-Wake Forest-vs-Michigan-m,2025-11-11,Michigan,home, 6 ,85,W
1010,2025-11-11-Delaware-vs-BYU-m,2025-11-11,Delaware,away,NR,68,L
1011,2025-11-11-Delaware-vs-BYU-m,2025-11-11,BYU,home, 7 ,85,W
1012,2025-11-11-Kentucky-vs-Louisville-m,2025-11-11,Kentucky,away, 9 ,88,L
1013,2025-11-11-Kentucky-vs-Louisville-m,2025-11-11,Louisville,home, 12 ,96,W
1014,2025-11-11-Florida State-vs-Florida-m,2025-11-11,Florida State,away,NR,76,L
1015,2025-11-11-Florida State-vs-Florida-m,2025-11-11,Florida,home, 10 ,78,W
1016,2025-11-11-Texas Tech-vs-Illinois-m,2025-11-11,Texas Tech,away, 11 ,77,L
1017,2025-11-11-Texas Tech-vs-Illinois-m,2025-11-11,Illinois,home, 14 ,81,W
1018,2025-11-11-Radford-vs-UNC-m,2025-11-11,Radford,away,NR,74,L
1019,2025-11-11-Radford-vs-UNC-m,2025-11-11,UNC,home, 18 ,89,W
1020,2025-11-11-Creighton-vs-Gonzaga-m,2025-11-11,Creighton,away, 23 ,63,L
1021,2025-11-11-Creighton-vs-Gonzaga-m,2025-11-11,Gonzaga,home, 19 ,90,W
1022,2025-11-11-Central Arkansas-vs-Arkansas-m,2025-11-11,Central Arkansas,away,NR,56,L
1023,2025-11-11-Central Arkansas-vs-Arkansas-m,2025-11-11,Arkansas,home, 21 ,93,W
1024,2025-11-11-Wofford-vs-Auburn-m,2025-11-11,Wofford,away,NR,62,L
1025,2025-11-11-Wofford-vs-Auburn-m,2025-11-11,Auburn,home, 22 ,93,W
1026,2025-11-11-Ball State-vs-Wisconsin-m,2025-11-11,Ball State,away,NR,55,L
1027,2025-11-11-Ball State-vs-Wisconsin-m,2025-11-11,Wisconsin,home, 24 ,86,W
1028,2025-11-11-Texas A&M-Corpus Christi-vs-Kansas-m,2025-11-11,Texas A&M-Corpus Christi,away,NR,46,L
1029,2025-11-11-Texas A&M-Corpus Christi-vs-Kansas-m,2025-11-11,Kansas,home, 25 ,77,W
1030,2025-11-11-Coastal Georgia-vs-Bethune-Cookman-m,2025-11-11,Coastal Georgia,away,NR,60,L
1031,2025-11-11-Coastal Georgia-vs-Bethune-Cookman-m,2025-11-11,Bethune-Cookman,home,NR,101,W
1032,2025-11-11-Central Connecticut-vs-Boston College-m,2025-11-11,Central Connecticut,away,NR,60,W
1033,2025-11-11-Central Connecticut-vs-Boston College-m,2025-11-11,Boston College,home,NR,59,L
1034,2025-11-11-Florida A&M-vs-UCF-m,2025-11-11,Florida A&M,away,NR,60,L
1035,2025-11-11-Florida A&M-vs-UCF-m,2025-11-11,UCF,home,NR,97,W
1036,2025-11-11-Dayton-vs-Cincinnati-m,2025-11-11,Dayton,away,NR,62,L
1037,2025-11-11-Dayton-vs-Cincinnati-m,2025-11-11,Cincinnati,home,NR,74,W
1038,2025-11-11-Morehead State-vs-Clemson-m,2025-11-11,Morehead State,away,NR,56,L
1039,2025-11-11-Morehead State-vs-Clemson-m,2025-11-11,Clemson,home,NR,83,W
1040,2025-11-11-Winthrop-vs-Coastal Carolina-m,2025-11-11,Winthrop,away,NR,66,L
1041,2025-11-11-Winthrop-vs-Coastal Carolina-m,2025-11-11,Coastal Carolina,home,NR,72,W
1042,2025-11-11-Queens (NC)-vs-Duquesne-m,2025-11-11,Queens (NC),away,NR,81,L
1043,2025-11-11-Queens (NC)-vs-Duquesne-m,2025-11-11,Duquesne,home,NR,87,W
1044,2025-11-11-Alcorn State-vs-Maryland-m,2025-11-11,Alcorn State,away,NR,64,L
1045,2025-11-11-Alcorn State-vs-Maryland-m,2025-11-11,Maryland,home,NR,84,W
1046,2025-11-11-Appalachian State-vs-Ohio State-m,2025-11-11,Appalachian State,away,NR,53,L
1047,2025-11-11-Appalachian State-vs-Ohio State-m,2025-11-11,Ohio State,home,NR,75,W
1048,2025-11-11-Navy-vs-Penn State-m,2025-11-11,Navy,away,NR,71,L
1049,2025-11-11-Navy-vs-Penn State-m,2025-11-11,Penn State,home,NR,80,W
1050,2025-11-11-Penn-vs-Providence-m,2025-11-11,Penn,away,NR,81,L
1051,2025-11-11-Penn-vs-Providence-m,2025-11-11,Providence,home,NR,106,W
1052,2025-11-11-Stonehill-vs-Rhode Island-m,2025-11-11,Stonehill,away,NR,57,L
1053,2025-11-11-Stonehill-vs-Rhode Island-m,2025-11-11,Rhode Island,home,NR,80,W
1054,2025-11-11-William & Mary-vs-Richmond-m,2025-11-11,William & Mary,away,NR,86,L
1055,2025-11-11-William & Mary-vs-Richmond-m,2025-11-11,Richmond,home,NR,90,W
1056,2025-11-11-La Salle-vs-Temple-m,2025-11-11,La Salle,away,NR,63,L
1057,2025-11-11-La Salle-vs-Temple-m,2025-11-11,Temple,home,NR,90,W
1058,2025-11-11-Sacred Heart-vs-Villanova-m,2025-11-11,Sacred Heart,away,NR,60,L
1059,2025-11-11-Sacred Heart-vs-Villanova-m,2025-11-11,Villanova,home,NR,94,W
1060,2025-11-11-Alabama State-vs-UAB-m,2025-11-11,Alabama State,away,NR,77,W
1061,2025-11-11-Alabama State-vs-UAB-m,2025-11-11,UAB,home,NR,74,L
1062,2025-11-11-Iona-vs-Kansas City-m,2025-11-11,Iona,away,NR,105,W
1063,2025-11-11-Iona-vs-Kansas City-m,2025-11-11,Kansas City,home,NR,91,L
1064,2025-11-11-Pensacola Christian-vs-Troy-m,2025-11-11,Pensacola Christian,away,NR,56,L
1065,2025-11-11-Pensacola Christian-vs-Troy-m,2025-11-11,Troy,home,NR,121,W
1066,2025-11-11-Texas-Rio Grande Valley-vs-Boise State-m,2025-11-11,Texas-Rio Grande Valley,away,NR,65,L
1067,2025-11-11-Texas-Rio Grande Valley-vs-Boise State-m,2025-11-11,Boise State,home,NR,85,W
1068,2025-11-11-UC-Riverside-vs-New Mexico-m,2025-11-11,UC-Riverside,away,NR,68,L
1069,2025-11-11-UC-Riverside-vs-New Mexico-m,2025-11-11,New Mexico,home,NR,82,W
1070,2025-11-11-Austin Peay-vs-Wyoming-m,2025-11-11,Austin Peay,away,NR,65,L
1071,2025-11-11-Austin Peay-vs-Wyoming-m,2025-11-11,Wyoming,home,NR,79,W
1072,2025-11-11-Montana-vs-UNLV-m,2025-11-11,Montana,away,NR,102,W
1073,2025-11-11-Montana-vs-UNLV-m,2025-11-11,UNLV,home,NR,93,L
1074,2025-11-11-LIU-vs-Air Force-m,2025-11-11,LIU,away,NR,76,W
1075,2025-11-11-LIU-vs-Air Force-m,2025-11-11,Air Force,home,NR,72,L
1076,2025-11-11-Indiana University Columbus-vs-IU Indianapolis-m,2025-11-11,Indiana University Columbus,away,NR,77,L
1077,2025-11-11-Indiana University Columbus-vs-IU Indianapolis-m,2025-11-11,IU Indianapolis,home,NR,121,W
1078,2025-11-11-Southwestern Adventist-vs-Abilene Christian-m,2025-11-11,Southwestern Adventist,away,NR,63,L
1079,2025-11-11-Southwestern Adventist-vs-Abilene Christian-m,2025-11-11,Abilene Christian,home,NR,104,W
1080,2025-11-11-Cleary University-vs-Detroit Mercy-m,2025-11-11,Cleary University,away,NR,54,L
1081,2025-11-11-Cleary University-vs-Detroit Mercy-m,2025-11-11,Detroit Mercy,home,NR,92,W
1082,2025-11-11-SUNY Delhi-vs-Albany (NY)-m,2025-11-11,SUNY Delhi,away,NR,52,L
1083,2025-11-11-SUNY Delhi-vs-Albany (NY)-m,2025-11-11,Albany (NY),home,NR,115,W
1084,2025-11-11-Southwestern Christian-vs-Incarnate Word-m,2025-11-11,Southwestern Christian,away,NR,70,L
1085,2025-11-11-Southwestern Christian-vs-Incarnate Word-m,2025-11-11,Incarnate Word,home,NR,109,W
1086,2025-11-11-UMBC-vs-Morgan State-m,2025-11-11,UMBC,away,NR,81,W
1087,2025-11-11-UMBC-vs-Morgan State-m,2025-11-11,Morgan State,home,NR,79,L
1088,2025-11-11-Lipscomb-vs-UNC Asheville-m,2025-11-11,Lipscomb,away,NR,64,L
1089,2025-11-11-Lipscomb-vs-UNC Asheville-m,2025-11-11,UNC Asheville,home,NR,69,W
1090,2025-11-11-St. Joseph's–Long Island-vs-Stony Brook-m,2025-11-11,St. Joseph's–Long Island,away,NR,43,L
1091,2025-11-11-St. Joseph's–Long Island-vs-Stony Brook-m,2025-11-11,Stony Brook,home,NR,107,W
1092,2025-11-11-Chicago State-vs-Butler-m,2025-11-11,Chicago State,away,NR,66,L
1093,2025-11-11-Chicago State-vs-Butler-m,2025-11-11,Butler,home,NR,98,W
1094,2025-11-11-Davidson-vs-Charlotte-m,2025-11-11,Davidson,away,NR,62,W
1095,2025-11-11-Davidson-vs-Charlotte-m,2025-11-11,Charlotte,home,NR,55,L
1096,2025-11-11-Drexel-vs-Colgate-m,2025-11-11,Drexel,away,NR,83,L
1097,2025-11-11-Drexel-vs-Colgate-m,2025-11-11,Colgate,home,NR,90,W
1098,2025-11-11-Georgia Southern-vs-Florida Gulf Coast-m,2025-11-11,Georgia Southern,away,NR,95,W
1099,2025-11-11-Georgia Southern-vs-Florida Gulf Coast-m,2025-11-11,Florida Gulf Coast,home,NR,94,L
1100,2025-11-11-Wagner-vs-Fordham-m,2025-11-11,Wagner,away,NR,61,L
1101,2025-11-11-Wagner-vs-Fordham-m,2025-11-11,Fordham,home,NR,63,W
1102,2025-11-11-Catawba-vs-George Mason-m,2025-11-11,Catawba,away,NR,62,L
1103,2025-11-11-Catawba-vs-George Mason-m,2025-11-11,George Mason,home,NR,86,W
1104,2025-11-11-Northeastern-vs-Harvard-m,2025-11-11,Northeastern,away,NR,77,W
1105,2025-11-11-Northeastern-vs-Harvard-m,2025-11-11,Harvard,home,NR,60,L
1106,2025-11-11-Jacksonville-vs-High Point-m,2025-11-11,Jacksonville,away,NR,64,L
1107,2025-11-11-Jacksonville-vs-High Point-m,2025-11-11,High Point,home,NR,85,W
1108,2025-11-11-NJIT-vs-Loyola (MD)-m,2025-11-11,NJIT,away,NR,66,W
1109,2025-11-11-NJIT-vs-Loyola (MD)-m,2025-11-11,Loyola (MD),home,NR,64,L
1110,2025-11-11-Northwestern State-vs-North Alabama-m,2025-11-11,Northwestern State,away,NR,83,L
1111,2025-11-11-Northwestern State-vs-North Alabama-m,2025-11-11,North Alabama,home,NR,87,W
1112,2025-11-11-Eastern Illinois-vs-Notre Dame-m,2025-11-11,Eastern Illinois,away,NR,58,L
1113,2025-11-11-Eastern Illinois-vs-Notre Dame-m,2025-11-11,Notre Dame,home,NR,78,W
1114,2025-11-11-Norfolk State-vs-Old Dominion-m,2025-11-11,Norfolk State,away,NR,57,L
1115,2025-11-11-Norfolk State-vs-Old Dominion-m,2025-11-11,Old Dominion,home,NR,60,W
1116,2025-11-11-Bucknell-vs-Princeton-m,2025-11-11,Bucknell,away,NR,63,L
1117,2025-11-11-Bucknell-vs-Princeton-m,2025-11-11,Princeton,home,NR,73,W
1118,2025-11-11-Yale-vs-Quinnipiac-m,2025-11-11,Yale,away,NR,97,W
1119,2025-11-11-Yale-vs-Quinnipiac-m,2025-11-11,Quinnipiac,home,NR,60,L
1120,2025-11-11-Mount St. Mary's-vs-Saint Francis (PA)-m,2025-11-11,Mount St. Mary's,away,NR,74,W
1121,2025-11-11-Mount St. Mary's-vs-Saint Francis (PA)-m,2025-11-11,Saint Francis (PA),home,NR,66,L
1122,2025-11-11-Wilson-vs-Towson-m,2025-11-11,Wilson,away,NR,62,L
1123,2025-11-11-Wilson-vs-Towson-m,2025-11-11,Towson,home,NR,101,W
1124,2025-11-11-Toledo-vs-Wright State-m,2025-11-11,Toledo,away,NR,81,W
1125,2025-11-11-Toledo-vs-Wright State-m,2025-11-11,Wright State,home,NR,71,L
1126,2025-11-11-Buffalo-vs-DePaul-m,2025-11-11,Buffalo,away,NR,66,W
1127,2025-11-11-Buffalo-vs-DePaul-m,2025-11-11,DePaul,home,NR,53,L
1128,2025-11-11-St. Francis (IL)-vs-UIC-m,2025-11-11,St. Francis (IL),away,NR,55,L
1129,2025-11-11-St. Francis (IL)-vs-UIC-m,2025-11-11,UIC,home,NR,98,W
1130,2025-11-11-Tulane-vs-Louisiana-m,2025-11-11,Tulane,away,NR,66,W
1131,2025-11-11-Tulane-vs-Louisiana-m,2025-11-11,Louisiana,home,NR,62,L
1132,2025-11-11-Arkansas State-vs-Missouri State-m,2025-11-11,Arkansas State,away,NR,86,W
1133,2025-11-11-Arkansas State-vs-Missouri State-m,2025-11-11,Missouri State,home,NR,85,L
1134,2025-11-11-Maryland-Eastern Shore-vs-Nebraska-m,2025-11-11,Maryland-Eastern Shore,away,NR,50,L
1135,2025-11-11-Maryland-Eastern Shore-vs-Nebraska-m,2025-11-11,Nebraska,home,NR,69,W
1136,2025-11-11-Mayville State-vs-North Dakota-m,2025-11-11,Mayville State,away,NR,58,L
1137,2025-11-11-Mayville State-vs-North Dakota-m,2025-11-11,North Dakota,home,NR,128,W
1138,2025-11-11-Cal State Northridge-vs-North Dakota State-m,2025-11-11,Cal State Northridge,away,NR,68,L
1139,2025-11-11-Cal State Northridge-vs-North Dakota State-m,2025-11-11,North Dakota State,home,NR,90,W
1140,2025-11-11-Arkansas-Pine Bluff-vs-Oklahoma-m,2025-11-11,Arkansas-Pine Bluff,away,NR,69,L
1141,2025-11-11-Arkansas-Pine Bluff-vs-Oklahoma-m,2025-11-11,Oklahoma,home,NR,95,W
1142,2025-11-11-Stephen F. Austin-vs-Rice-m,2025-11-11,Stephen F. Austin,away,NR,81,W
1143,2025-11-11-Stephen F. Austin-vs-Rice-m,2025-11-11,Rice,home,NR,69,L
1144,2025-11-11-Murray State-vs-SMU-m,2025-11-11,Murray State,away,NR,91,L
1145,2025-11-11-Murray State-vs-SMU-m,2025-11-11,SMU,home,NR,102,W
1146,2025-11-11-Bethesda University (CA)-vs-Southern Utah-m,2025-11-11,Bethesda University (CA),away,NR,60,L
1147,2025-11-11-Bethesda University (CA)-vs-Southern Utah-m,2025-11-11,Southern Utah,home,NR,118,W
1148,2025-11-11-Merrimack-vs-Tarleton State-m,2025-11-11,Merrimack,away,NR,62,L
1149,2025-11-11-Merrimack-vs-Tarleton State-m,2025-11-11,Tarleton State,home,NR,76,W
1150,2025-11-11-Oakwood-vs-Tennessee State-m,2025-11-11,Oakwood,away,NR,76,L
1151,2025-11-11-Oakwood-vs-Tennessee State-m,2025-11-11,Tennessee State,home,NR,114,W
1152,2025-11-11-Western Illinois-vs-Cal State Bakersfield-m,2025-11-11,Western Illinois,away,NR,58,L
1153,2025-11-11-Western Illinois-vs-Cal State Bakersfield-m,2025-11-11,Cal State Bakersfield,home,NR,74,W
1154,2025-11-11-Memphis-vs-Ole Miss-m,2025-11-11,Memphis,away,NR,77,L
1155,2025-11-11-Memphis-vs-Ole Miss-m,2025-11-11,Ole Miss,home,NR,83,W
1156,2025-11-11-New Mexico Highlands-vs-New Mexico State-m,2025-11-11,New Mexico Highlands,away,NR,58,L
1157,2025-11-11-New Mexico Highlands-vs-New Mexico State-m,2025-11-11,New Mexico State,home,NR,74,W
1158,2025-11-11-Lincoln (CA)-vs-Pepperdine-m,2025-11-11,Lincoln (CA),away,NR,76,L
1159,2025-11-11-Lincoln (CA)-vs-Pepperdine-m,2025-11-11,Pepperdine,home,NR,113,W
1160,2025-11-11-Loyola Marymount-vs-UTEP-m,2025-11-11,Loyola Marymount,away,NR,71,W
1161,2025-11-11-Loyola Marymount-vs-UTEP-m,2025-11-11,UTEP,home,NR,58,L
1162,2025-11-11-Hampton-vs-Virginia-m,2025-11-11,Hampton,away,NR,53,L
1163,2025-11-11-Hampton-vs-Virginia-m,2025-11-11,Virginia,home,NR,91,W
1164,2025-11-11-UCSB-vs-Sacramento State-m,2025-11-11,UCSB,away,NR,92,W
1165,2025-11-11-UCSB-vs-Sacramento State-m,2025-11-11,Sacramento State,home,NR,87,L
1166,2025-11-11-Ohio-vs-Saint Mary's-m,2025-11-11,Ohio,away,NR,60,L
1167,2025-11-11-Ohio-vs-Saint Mary's-m,2025-11-11,Saint Mary's,home,NR,90,W
1168,2025-11-12-Oakland-vs-Houston-m,2025-11-12,Oakland,away,NR,45,L
1169,2025-11-12-Oakland-vs-Houston-m,2025-11-12,Houston,home, 1 ,78,W
1170,2025-11-12-North Florida-vs-Tennessee-m,2025-11-12,North Florida,away,NR,66,L
1171,2025-11-12-North Florida-vs-Tennessee-m,2025-11-12,Tennessee,home, 20 ,99,W
1172,2025-11-12-Penn State Shenango-vs-Akron-m,2025-11-12,Penn State Shenango,away,NR,51,L
1173,2025-11-12-Penn State Shenango-vs-Akron-m,2025-11-12,Akron,home,NR,109,W
1174,2025-11-12-Hanover-vs-Bellarmine-m,2025-11-12,Hanover,away,NR,55,L
1175,2025-11-12-Hanover-vs-Bellarmine-m,2025-11-12,Bellarmine,home,NR,94,W
1176,2025-11-12-Brown-vs-Boston University-m,2025-11-12,Brown,away,NR,77,L
1177,2025-11-12-Brown-vs-Boston University-m,2025-11-12,Boston University,home,NR,90,W
1178,2025-11-12-Dartmouth-vs-Bryant-m,2025-11-12,Dartmouth,away,NR,75,L
1179,2025-11-12-Dartmouth-vs-Bryant-m,2025-11-12,Bryant,home,NR,82,W
1180,2025-11-12-Northern Kentucky-vs-ETSU-m,2025-11-12,Northern Kentucky,away,NR,63,L
1181,2025-11-12-Northern Kentucky-vs-ETSU-m,2025-11-12,ETSU,home,NR,75,W
1182,2025-11-12-Milwaukee-vs-Indiana-m,2025-11-12,Milwaukee,away,NR,70,L
1183,2025-11-12-Milwaukee-vs-Indiana-m,2025-11-12,Indiana,home,NR,101,W
1184,2025-11-12-Elon-vs-Marshall-m,2025-11-12,Elon,away,NR,89,L
1185,2025-11-12-Elon-vs-Marshall-m,2025-11-12,Marshall,home,NR,96,W
1186,2025-11-12-Coppin State-vs-South Florida-m,2025-11-12,Coppin State,away,NR,50,L
1187,2025-11-12-Coppin State-vs-South Florida-m,2025-11-12,South Florida,home,NR,100,W
1188,2025-11-12-Siena-vs-St. Bonaventure-m,2025-11-12,Siena,away,NR,66,L
1189,2025-11-12-Siena-vs-St. Bonaventure-m,2025-11-12,St. Bonaventure,home,NR,75,W
1190,2025-11-12-St. Peter's-vs-VCU-m,2025-11-12,St. Peter's,away,NR,61,L
1191,2025-11-12-St. Peter's-vs-VCU-m,2025-11-12,VCU,home,NR,78,W
1192,2025-11-12-St. Joseph's-vs-Virginia Tech-m,2025-11-12,St. Joseph's,away,NR,59,L
1193,2025-11-12-St. Joseph's-vs-Virginia Tech-m,2025-11-12,Virginia Tech,home,NR,94,W
1194,2025-11-12-Middle Tennessee-vs-Evansville-m,2025-11-12,Middle Tennessee,away,NR,77,W
1195,2025-11-12-Middle Tennessee-vs-Evansville-m,2025-11-12,Evansville,home,NR,72,L
1196,2025-11-12-Webster-vs-Southeast Missouri State-m,2025-11-12,Webster,away,NR,41,L
1197,2025-11-12-Webster-vs-Southeast Missouri State-m,2025-11-12,Southeast Missouri State,home,NR,87,W
1198,2025-11-12-Samford-vs-Texas Southern-m,2025-11-12,Samford,away,NR,93,W
1199,2025-11-12-Samford-vs-Texas Southern-m,2025-11-12,Texas Southern,home,NR,90,L
1200,2025-11-12-Eastern Kentucky-vs-Vanderbilt-m,2025-11-12,Eastern Kentucky,away,NR,62,L
1201,2025-11-12-Eastern Kentucky-vs-Vanderbilt-m,2025-11-12,Vanderbilt,home,NR,92,W
1202,2025-11-12-Cal Poly-vs-Colorado State-m,2025-11-12,Cal Poly,away,NR,79,L
1203,2025-11-12-Cal Poly-vs-Colorado State-m,2025-11-12,Colorado State,home,NR,93,W
1204,2025-11-12-Weber State-vs-Utah State-m,2025-11-12,Weber State,away,NR,73,L
1205,2025-11-12-Weber State-vs-Utah State-m,2025-11-12,Utah State,home,NR,83,W
1206,2025-11-12-South Dakota State-vs-Oregon-m,2025-11-12,South Dakota State,away,NR,69,L
1207,2025-11-12-South Dakota State-vs-Oregon-m,2025-11-12,Oregon,home,NR,83,W
1208,2025-11-12-Portland State-vs-San Francisco-m,2025-11-12,Portland State,away,NR,70,L
1209,2025-11-12-Portland State-vs-San Francisco-m,2025-11-12,San Francisco,home,NR,80,W
1210,2025-11-12-Manhattan-vs-Utah Tech-m,2025-11-12,Manhattan,away,NR,79,W
1211,2025-11-12-Manhattan-vs-Utah Tech-m,2025-11-12,Utah Tech,home,NR,75,L
1212,2025-11-12-Binghamton-vs-Georgetown-m,2025-11-12,Binghamton,away,NR,70,L
1213,2025-11-12-Binghamton-vs-Georgetown-m,2025-11-12,Georgetown,home,NR,83,W
1214,2025-11-12-Virginia University of Lynchburg-vs-VMI-m,2025-11-12,Virginia University of Lynchburg,away,NR,54,L
1215,2025-11-12-Virginia University of Lynchburg-vs-VMI-m,2025-11-12,VMI,home,NR,106,W
1216,2025-11-12-Mercyhurst-vs-Canisius-m,2025-11-12,Mercyhurst,away,NR,55,L
1217,2025-11-12-Mercyhurst-vs-Canisius-m,2025-11-12,Canisius,home,NR,58,W
1218,2025-11-12-American-vs-George Washington-m,2025-11-12,American,away,NR,67,L
1219,2025-11-12-American-vs-George Washington-m,2025-11-12,George Washington,home,NR,107,W
1220,2025-11-12-Point-vs-Kennesaw State-m,2025-11-12,Point,away,NR,60,L
1221,2025-11-12-Point-vs-Kennesaw State-m,2025-11-12,Kennesaw State,home,NR,111,W
1222,2025-11-12-James Madison-vs-Longwood-m,2025-11-12,James Madison,away,NR,72,L
1223,2025-11-12-James Madison-vs-Longwood-m,2025-11-12,Longwood,home,NR,82,W
1224,2025-11-12-Vassar-vs-Marist-m,2025-11-12,Vassar,away,NR,61,L
1225,2025-11-12-Vassar-vs-Marist-m,2025-11-12,Marist,home,NR,93,W
1226,2025-11-12-Emmanuel (MA)-vs-New Hampshire-m,2025-11-12,Emmanuel (MA),away,NR,69,L
1227,2025-11-12-Emmanuel (MA)-vs-New Hampshire-m,2025-11-12,New Hampshire,home,NR,97,W
1228,2025-11-12-Bluefield State-vs-North Carolina Central-m,2025-11-12,Bluefield State,away,NR,61,L
1229,2025-11-12-Bluefield State-vs-North Carolina Central-m,2025-11-12,North Carolina Central,home,NR,77,W
1230,2025-11-12-Presbyterian-vs-South Carolina-m,2025-11-12,Presbyterian,away,NR,61,L
1231,2025-11-12-Presbyterian-vs-South Carolina-m,2025-11-12,South Carolina,home,NR,81,W
1232,2025-11-12-Bob Jones University-vs-USC Upstate-m,2025-11-12,Bob Jones University,away,NR,53,L
1233,2025-11-12-Bob Jones University-vs-USC Upstate-m,2025-11-12,USC Upstate,home,NR,114,W
1234,2025-11-12-Purdue Fort Wayne-vs-Western Michigan-m,2025-11-12,Purdue Fort Wayne,away,NR,71,L
1235,2025-11-12-Purdue Fort Wayne-vs-Western Michigan-m,2025-11-12,Western Michigan,home,NR,83,W
1236,2025-11-12-Little Rock-vs-Marquette-m,2025-11-12,Little Rock,away,NR,49,L
1237,2025-11-12-Little Rock-vs-Marquette-m,2025-11-12,Marquette,home,NR,89,W
1238,2025-11-12-Minnesota-vs-Missouri-m,2025-11-12,Minnesota,away,NR,60,L
1239,2025-11-12-Minnesota-vs-Missouri-m,2025-11-12,Missouri,home,NR,83,W
1240,2025-11-12-UNC Greensboro-vs-NC State-m,2025-11-12,UNC Greensboro,away,NR,64,L
1241,2025-11-12-UNC Greensboro-vs-NC State-m,2025-11-12,NC State,home,NR,110,W
1242,2025-11-12-St. Scholastica-vs-North Dakota State-m,2025-11-12,St. Scholastica,away,NR,38,L
1243,2025-11-12-St. Scholastica-vs-North Dakota State-m,2025-11-12,North Dakota State,home,NR,111,W
1244,2025-11-12-Prairie View-vs-Oklahoma State-m,2025-11-12,Prairie View,away,NR,67,L
1245,2025-11-12-Prairie View-vs-Oklahoma State-m,2025-11-12,Oklahoma State,home,NR,94,W
1246,2025-11-12-Tulsa-vs-Oral Roberts-m,2025-11-12,Tulsa,away,NR,88,W
1247,2025-11-12-Tulsa-vs-Oral Roberts-m,2025-11-12,Oral Roberts,home,NR,87,L
1248,2025-11-12-Southern Indiana-vs-South Dakota-m,2025-11-12,Southern Indiana,away,NR,74,L
1249,2025-11-12-Southern Indiana-vs-South Dakota-m,2025-11-12,South Dakota,home,NR,89,W
1250,2025-11-12-FDU-vs-Texas-m,2025-11-12,FDU,away,NR,58,L
1251,2025-11-12-FDU-vs-Texas-m,2025-11-12,Texas,home,NR,93,W
1252,2025-11-12-UTSA-vs-Texas State-m,2025-11-12,UTSA,away,NR,69,L
1253,2025-11-12-UTSA-vs-Texas State-m,2025-11-12,Texas State,home,NR,80,W
1254,2025-11-12-Westminster (UT)-vs-Utah Valley-m,2025-11-12,Westminster (UT),away,NR,60,L
1255,2025-11-12-Westminster (UT)-vs-Utah Valley-m,2025-11-12,Utah Valley,home,NR,91,W
1256,2025-11-12-Nicholls State-vs-Valparaiso-m,2025-11-12,Nicholls State,away,NR,63,L
1257,2025-11-12-Nicholls State-vs-Valparaiso-m,2025-11-12,Valparaiso,home,NR,68,W
1258,2025-11-12-UT-Martin-vs-Bradley-m,2025-11-12,UT-Martin,away,NR,78,W
1259,2025-11-12-UT-Martin-vs-Bradley-m,2025-11-12,Bradley,home,NR,67,L
1260,2025-11-12-UC-San Diego-vs-Fresno State-m,2025-11-12,UC-San Diego,away,NR,78,W
1261,2025-11-12-UC-San Diego-vs-Fresno State-m,2025-11-12,Fresno State,home,NR,73,L
1262,2025-11-12-North Texas-vs-Oregon State-m,2025-11-12,North Texas,away,NR,64,L
1263,2025-11-12-North Texas-vs-Oregon State-m,2025-11-12,Oregon State,home,NR,66,W
1264,2025-11-12-Southern Illinois-vs-Nevada-m,2025-11-12,Southern Illinois,away,NR,81,L
1265,2025-11-12-Southern Illinois-vs-Nevada-m,2025-11-12,Nevada,home,NR,86,W
1266,2025-11-12-Long Beach State-vs-Pacific-m,2025-11-12,Long Beach State,away,NR,66,L
1267,2025-11-12-Long Beach State-vs-Pacific-m,2025-11-12,Pacific,home,NR,69,W
1268,2025-11-12-Idaho-vs-San Diego-m,2025-11-12,Idaho,away,NR,74,L
1269,2025-11-12-Idaho-vs-San Diego-m,2025-11-12,San Diego,home,NR,78,W
1270,2025-11-12-Eastern Washington-vs-Seattle-m,2025-11-12,Eastern Washington,away,NR,67,L
1271,2025-11-12-Eastern Washington-vs-Seattle-m,2025-11-12,Seattle,home,NR,94,W
1272,2025-11-12-Montana State-vs-Stanford-m,2025-11-12,Montana State,away,NR,68,L
1273,2025-11-12-Montana State-vs-Stanford-m,2025-11-12,Stanford,home,NR,77,W
1274,2025-11-13-Purdue-vs-Alabama-m,2025-11-13,Purdue,away, 2 ,87,W
1275,2025-11-13-Purdue-vs-Alabama-m,2025-11-13,Alabama,home, 8 ,80,L
1276,2025-11-13-San Jose State-vs-Michigan State-m,2025-11-13,San Jose State,away,NR,60,L
1277,2025-11-13-San Jose State-vs-Michigan State-m,2025-11-13,Michigan State,home, 17 ,79,W
1278,2025-11-13-Mississippi Valley State-vs-Hawaii-m,2025-11-13,Mississippi Valley State,away,NR,56,L
1279,2025-11-13-Mississippi Valley State-vs-Hawaii-m,2025-11-13,Hawaii,home,NR,88,W
1280,2025-11-13-Pitt-vs-West Virginia-m,2025-11-13,Pitt,away,NR,49,L
1281,2025-11-13-Pitt-vs-West Virginia-m,2025-11-13,West Virginia,home,NR,71,W
1282,2025-11-13-Voorhees-vs-Western Carolina-m,2025-11-13,Voorhees,away,NR,44,L
1283,2025-11-13-Voorhees-vs-Western Carolina-m,2025-11-13,Western Carolina,home,NR,95,W
1284,2025-11-13-Benedictine (IL)-vs-Northern Illinois-m,2025-11-13,Benedictine (IL),away,NR,62,L
1285,2025-11-13-Benedictine (IL)-vs-Northern Illinois-m,2025-11-13,Northern Illinois,home,NR,117,W
1286,2025-11-13-Loyola (IL)-vs-Wichita State-m,2025-11-13,Loyola (IL),away,NR,74,L
1287,2025-11-13-Loyola (IL)-vs-Wichita State-m,2025-11-13,Wichita State,home,NR,95,W
1288,2025-11-13-South Alabama-vs-Central Michigan-m,2025-11-13,South Alabama,away,NR,66,W
1289,2025-11-13-South Alabama-vs-Central Michigan-m,2025-11-13,Central Michigan,home,NR,64,L
1290,2025-11-13-Cornell-vs-Lafayette-m,2025-11-13,Cornell,away,NR,97,W
1291,2025-11-13-Cornell-vs-Lafayette-m,2025-11-13,Lafayette,home,NR,78,L
1292,2025-11-13-Bryan-vs-UNC Asheville-m,2025-11-13,Bryan,away,NR,54,L
1293,2025-11-13-Bryan-vs-UNC Asheville-m,2025-11-13,UNC Asheville,home,NR,92,W
1294,2025-11-13-Mid-Atlantic Christian-vs-Campbell-m,2025-11-13,Mid-Atlantic Christian,away,NR,55,L
1295,2025-11-13-Mid-Atlantic Christian-vs-Campbell-m,2025-11-13,Campbell,home,NR,108,W
1296,2025-11-13-UMass-Lowell-vs-Columbia-m,2025-11-13,UMass-Lowell,away,NR,72,L
1297,2025-11-13-UMass-Lowell-vs-Columbia-m,2025-11-13,Columbia,home,NR,86,W
1298,2025-11-13-Elizabeth City State-vs-East Carolina-m,2025-11-13,Elizabeth City State,away,NR,70,L
1299,2025-11-13-Elizabeth City State-vs-East Carolina-m,2025-11-13,East Carolina,home,NR,71,W
1300,2025-11-13-Fort Valley State-vs-Georgia State-m,2025-11-13,Fort Valley State,away,NR,56,L
1301,2025-11-13-Fort Valley State-vs-Georgia State-m,2025-11-13,Georgia State,home,NR,90,W
1302,2025-11-13-Alcorn State-vs-Howard-m,2025-11-13,Alcorn State,away,NR,64,L
1303,2025-11-13-Alcorn State-vs-Howard-m,2025-11-13,Howard,home,NR,72,W
1304,2025-11-13-Le Moyne-vs-UMass-m,2025-11-13,Le Moyne,away,NR,80,L
1305,2025-11-13-Le Moyne-vs-UMass-m,2025-11-13,UMass,home,NR,94,W
1306,2025-11-13-Washington Adventist-vs-North Carolina A&T-m,2025-11-13,Washington Adventist,away,NR,83,L
1307,2025-11-13-Washington Adventist-vs-North Carolina A&T-m,2025-11-13,North Carolina A&T,home,NR,89,W
1308,2025-11-13-John Jay-vs-Princeton-m,2025-11-13,John Jay,away,NR,59,L
1309,2025-11-13-John Jay-vs-Princeton-m,2025-11-13,Princeton,home,NR,100,W
1310,2025-11-13-Pittsburgh-Greensburg-vs-Robert Morris-m,2025-11-13,Pittsburgh-Greensburg,away,NR,57,L
1311,2025-11-13-Pittsburgh-Greensburg-vs-Robert Morris-m,2025-11-13,Robert Morris,home,NR,81,W
1312,2025-11-13-Monmouth-vs-Seton Hall-m,2025-11-13,Monmouth,away,NR,58,L
1313,2025-11-13-Monmouth-vs-Seton Hall-m,2025-11-13,Seton Hall,home,NR,70,W
1314,2025-11-13-Berea-vs-Tennessee Tech-m,2025-11-13,Berea,away,NR,64,L
1315,2025-11-13-Berea-vs-Tennessee Tech-m,2025-11-13,Tennessee Tech,home,NR,86,W
1316,2025-11-13-Charleston Southern-vs-Alabama A&M-m,2025-11-13,Charleston Southern,away,NR,64,L
1317,2025-11-13-Charleston Southern-vs-Alabama A&M-m,2025-11-13,Alabama A&M,home,NR,68,W
1318,2025-11-13-Southern Miss-vs-Grambling-m,2025-11-13,Southern Miss,away,NR,70,L
1319,2025-11-13-Southern Miss-vs-Grambling-m,2025-11-13,Grambling,home,NR,75,W
1320,2025-11-13-Louisiana-Monroe-vs-Houston Christian-m,2025-11-13,Louisiana-Monroe,away,NR,61,L
1321,2025-11-13-Louisiana-Monroe-vs-Houston Christian-m,2025-11-13,Houston Christian,home,NR,72,W
1322,2025-11-13-Florida International-vs-LSU-m,2025-11-13,Florida International,away,NR,81,L
1323,2025-11-13-Florida International-vs-LSU-m,2025-11-13,LSU,home,NR,98,W
1324,2025-11-13-Green Bay-vs-St. Thomas-m,2025-11-13,Green Bay,away,NR,61,L
1325,2025-11-13-Green Bay-vs-St. Thomas-m,2025-11-13,St. Thomas,home,NR,80,W
1326,2025-11-13-California-vs-Kansas State-m,2025-11-13,California,away,NR,96,L
1327,2025-11-13-California-vs-Kansas State-m,2025-11-13,Kansas State,home,NR,99,W
1328,2025-11-14-Indiana State-vs-Duke-m,2025-11-14,Indiana State,away,NR,62,L
1329,2025-11-14-Indiana State-vs-Duke-m,2025-11-14,Duke,home, 4 ,100,W
1330,2025-11-14-Arizona-vs-UCLA-m,2025-11-14,Arizona,away, 5 ,69,W
1331,2025-11-14-Arizona-vs-UCLA-m,2025-11-14,UCLA,home, 15 ,65,L
1332,2025-11-14-Michigan-vs-TCU-m,2025-11-14,Michigan,away, 6 ,67,W
1333,2025-11-14-Michigan-vs-TCU-m,2025-11-14,TCU,home,NR,63,L
1334,2025-11-14-Eastern Illinois-vs-Kentucky-m,2025-11-14,Eastern Illinois,away,NR,53,L
1335,2025-11-14-Eastern Illinois-vs-Kentucky-m,2025-11-14,Kentucky,home, 9 ,99,W
1336,2025-11-14-Milwaukee-vs-Texas Tech-m,2025-11-14,Milwaukee,away,NR,63,L
1337,2025-11-14-Milwaukee-vs-Texas Tech-m,2025-11-14,Texas Tech,home, 11 ,80,W
1338,2025-11-14-Colgate-vs-Illinois-m,2025-11-14,Colgate,away,NR,65,L
1339,2025-11-14-Colgate-vs-Illinois-m,2025-11-14,Illinois,home, 14 ,84,W
1340,2025-11-14-North Carolina Central-vs-UNC-m,2025-11-14,North Carolina Central,away,NR,53,L
1341,2025-11-14-North Carolina Central-vs-UNC-m,2025-11-14,UNC,home, 18 ,97,W
1342,2025-11-14-Gonzaga-vs-Arizona State-m,2025-11-14,Gonzaga,away, 19 ,77,W
1343,2025-11-14-Gonzaga-vs-Arizona State-m,2025-11-14,Arizona State,home,NR,65,L
1344,2025-11-14-Samford-vs-Arkansas-m,2025-11-14,Samford,away,NR,75,L
1345,2025-11-14-Samford-vs-Arkansas-m,2025-11-14,Arkansas,home, 21 ,79,W
1346,2025-11-14-Maryland-Eastern Shore-vs-Creighton-m,2025-11-14,Maryland-Eastern Shore,away,NR,45,L
1347,2025-11-14-Maryland-Eastern Shore-vs-Creighton-m,2025-11-14,Creighton,home, 23 ,84,W
1348,2025-11-14-Hofstra-vs-Bucknell-m,2025-11-14,Hofstra,away,NR,83,W
1349,2025-11-14-Hofstra-vs-Bucknell-m,2025-11-14,Bucknell,home,NR,77,L
1350,2025-11-14-Albany (NY)-vs-Rhode Island-m,2025-11-14,Albany (NY),away,NR,61,L
1351,2025-11-14-Albany (NY)-vs-Rhode Island-m,2025-11-14,Rhode Island,home,NR,80,W
1352,2025-11-14-Lehigh-vs-Rutgers-m,2025-11-14,Lehigh,away,NR,72,L
1353,2025-11-14-Lehigh-vs-Rutgers-m,2025-11-14,Rutgers,home,NR,84,W
1354,2025-11-14-Norfolk State-vs-Towson-m,2025-11-14,Norfolk State,away,NR,41,L
1355,2025-11-14-Norfolk State-vs-Towson-m,2025-11-14,Towson,home,NR,51,W
1356,2025-11-14-High Point-vs-UAB-m,2025-11-14,High Point,away,NR,74,L
1357,2025-11-14-High Point-vs-UAB-m,2025-11-14,UAB,home,NR,91,W
1358,2025-11-14-Tarleton State-vs-Baylor-m,2025-11-14,Tarleton State,away,NR,81,L
1359,2025-11-14-Tarleton State-vs-Baylor-m,2025-11-14,Baylor,home,NR,94,W
1360,2025-11-14-SIU-Edwardsville-vs-Drake-m,2025-11-14,SIU-Edwardsville,away,NR,61,W
1361,2025-11-14-SIU-Edwardsville-vs-Drake-m,2025-11-14,Drake,home,NR,59,L
1362,2025-11-14-Louisiana-vs-McNeese State-m,2025-11-14,Louisiana,away,NR,62,L
1363,2025-11-14-Louisiana-vs-McNeese State-m,2025-11-14,McNeese State,home,NR,88,W
1364,2025-11-14-Providence-vs-Colorado-m,2025-11-14,Providence,away,NR,88,L
1365,2025-11-14-Providence-vs-Colorado-m,2025-11-14,Colorado,home,NR,97,W
1366,2025-11-14-Central Michigan-vs-Coppin State-m,2025-11-14,Central Michigan,away,NR,82,W
1367,2025-11-14-Central Michigan-vs-Coppin State-m,2025-11-14,Coppin State,home,NR,59,L
1368,2025-11-14-Ecclesia-vs-Northwestern State-m,2025-11-14,Ecclesia,away,NR,75,L
1369,2025-11-14-Ecclesia-vs-Northwestern State-m,2025-11-14,Northwestern State,home,NR,95,W
1370,2025-11-14-Lindenwood-vs-Charleston Southern-m,2025-11-14,Lindenwood,away,NR,83,W
1371,2025-11-14-Lindenwood-vs-Charleston Southern-m,2025-11-14,Charleston Southern,home,NR,77,L
1372,2025-11-14-IU Indianapolis-vs-Eastern Michigan-m,2025-11-14,IU Indianapolis,away,NR,90,W
1373,2025-11-14-IU Indianapolis-vs-Eastern Michigan-m,2025-11-14,Eastern Michigan,home,NR,83,L
1374,2025-11-14-Washington College-vs-Navy-m,2025-11-14,Washington College,away,NR,64,L
1375,2025-11-14-Washington College-vs-Navy-m,2025-11-14,Navy,home,NR,97,W
1376,2025-11-14-Virginia University of Lynchburg-vs-Alabama State-m,2025-11-14,Virginia University of Lynchburg,away,NR,68,L
1377,2025-11-14-Virginia University of Lynchburg-vs-Alabama State-m,2025-11-14,Alabama State,home,NR,124,W
1378,2025-11-14-South Carolina State-vs-College of Charleston-m,2025-11-14,South Carolina State,away,NR,61,L
1379,2025-11-14-South Carolina State-vs-College of Charleston-m,2025-11-14,College of Charleston,home,NR,88,W
1380,2025-11-14-Stonehill-vs-Fairfield-m,2025-11-14,Stonehill,away,NR,71,L
1381,2025-11-14-Stonehill-vs-Fairfield-m,2025-11-14,Fairfield,home,NR,73,W
1382,2025-11-14-Johnson C. Smith-vs-Georgia Southern-m,2025-11-14,Johnson C. Smith,away,NR,79,L
1383,2025-11-14-Johnson C. Smith-vs-Georgia Southern-m,2025-11-14,Georgia Southern,home,NR,98,W
1384,2025-11-14-Fordham-vs-Iona-m,2025-11-14,Fordham,away,NR,71,L
1385,2025-11-14-Fordham-vs-Iona-m,2025-11-14,Iona,home,NR,76,W
1386,2025-11-14-Coastal Carolina-vs-Jacksonville State-m,2025-11-14,Coastal Carolina,away,NR,67,L
1387,2025-11-14-Coastal Carolina-vs-Jacksonville State-m,2025-11-14,Jacksonville State,home,NR,74,W
1388,2025-11-14-Cal State Bakersfield-vs-Ole Miss-m,2025-11-14,Cal State Bakersfield,away,NR,60,L
1389,2025-11-14-Cal State Bakersfield-vs-Ole Miss-m,2025-11-14,Ole Miss,home,NR,82,W
1390,2025-11-14-Furman-vs-Northern Iowa-m,2025-11-14,Furman,away,NR,54,L
1391,2025-11-14-Furman-vs-Northern Iowa-m,2025-11-14,Northern Iowa,home,NR,70,W
1392,2025-11-14-Illinois State-vs-USC-m,2025-11-14,Illinois State,away,NR,67,L
1393,2025-11-14-Illinois State-vs-USC-m,2025-11-14,USC,home,NR,87,W
1394,2025-11-14-Abilene Christian-vs-Stephen F. Austin-m,2025-11-14,Abilene Christian,away,NR,66,L
1395,2025-11-14-Abilene Christian-vs-Stephen F. Austin-m,2025-11-14,Stephen F. Austin,home,NR,76,W
1396,2025-11-14-New Orleans-vs-Tulane-m,2025-11-14,New Orleans,away,NR,85,W
1397,2025-11-14-New Orleans-vs-Tulane-m,2025-11-14,Tulane,home,NR,63,L
1398,2025-11-14-The Citadel-vs-West Georgia-m,2025-11-14,The Citadel,away,NR,92,L
1399,2025-11-14-The Citadel-vs-West Georgia-m,2025-11-14,West Georgia,home,NR,100,W
1400,2025-11-14-Hampton-vs-Brown-m,2025-11-14,Hampton,away,NR,72,W
1401,2025-11-14-Hampton-vs-Brown-m,2025-11-14,Brown,home,NR,63,L
1402,2025-11-14-Northwestern-vs-DePaul-m,2025-11-14,Northwestern,away,NR,81,W
1403,2025-11-14-Northwestern-vs-DePaul-m,2025-11-14,DePaul,home,NR,79,L
1404,2025-11-14-Xavier-vs-Iowa-m,2025-11-14,Xavier,away,NR,62,L
1405,2025-11-14-Xavier-vs-Iowa-m,2025-11-14,Iowa,home,NR,81,W
1406,2025-11-14-East Texas A&M-vs-Rice-m,2025-11-14,East Texas A&M,away,NR,64,L
1407,2025-11-14-East Texas A&M-vs-Rice-m,2025-11-14,Rice,home,NR,71,W
1408,2025-11-14-UCF-vs-Texas A&M-m,2025-11-14,UCF,away,NR,86,W
1409,2025-11-14-UCF-vs-Texas A&M-m,2025-11-14,Texas A&M,home,NR,74,L
1410,2025-11-14-Georgia Tech-vs-Georgia-m,2025-11-14,Georgia Tech,away,NR,87,L
1411,2025-11-14-Georgia Tech-vs-Georgia-m,2025-11-14,Georgia,home,NR,92,W
1412,2025-11-14-Cal Poly-vs-Montana-m,2025-11-14,Cal Poly,away,NR,82,L
1413,2025-11-14-Cal Poly-vs-Montana-m,2025-11-14,Montana,home,NR,90,W
1414,2025-11-14-Western Illinois-vs-California Baptist-m,2025-11-14,Western Illinois,away,NR,59,L
1415,2025-11-14-Western Illinois-vs-California Baptist-m,2025-11-14,California Baptist,home,NR,69,W
1416,2025-11-14-Sacramento State-vs-UC-Davis-m,2025-11-14,Sacramento State,away,NR,73,L
1417,2025-11-14-Sacramento State-vs-UC-Davis-m,2025-11-14,UC-Davis,home,NR,77,W
1418,2025-11-14-Utah Tech-vs-Mississippi Valley State-m,2025-11-14,Utah Tech,away,NR,81,W
1419,2025-11-14-Utah Tech-vs-Mississippi Valley State-m,2025-11-14,Mississippi Valley State,home,NR,75,L
1420,2025-11-14-Troy-vs-Loyola Marymount-m,2025-11-14,Troy,away,NR,63,L
1421,2025-11-14-Troy-vs-Loyola Marymount-m,2025-11-14,Loyola Marymount,home,NR,74,W
1422,2025-11-14-North Texas-vs-Saint Mary's-m,2025-11-14,North Texas,away,NR,49,L
1423,2025-11-14-North Texas-vs-Saint Mary's-m,2025-11-14,Saint Mary's,home,NR,80,W
1424,2025-11-14-Washington-vs-Washington State-m,2025-11-14,Washington,away,NR,81,W
1425,2025-11-14-Washington-vs-Washington State-m,2025-11-14,Washington State,home,NR,69,L
1426,2025-11-15-BYU-vs-UConn-m,2025-11-15,BYU,away, 7 ,84,L
1427,2025-11-15-BYU-vs-UConn-m,2025-11-15,UConn,home, 3 ,86,W
1428,2025-11-15-Ohio-vs-Louisville-m,2025-11-15,Ohio,away,NR,81,L
1429,2025-11-15-Ohio-vs-Louisville-m,2025-11-15,Louisville,home, 12 ,106,W
1430,2025-11-15-William & Mary-vs-St. John's (NY)-m,2025-11-15,William & Mary,away,NR,60,L
1431,2025-11-15-William & Mary-vs-St. John's (NY)-m,2025-11-15,St. John's (NY),home, 13 ,93,W
1432,2025-11-15-Princeton-vs-Kansas-m,2025-11-15,Princeton,away,NR,57,L
1433,2025-11-15-Princeton-vs-Kansas-m,2025-11-15,Kansas,home, 25 ,76,W
1434,2025-11-15-Little Rock-vs-Ball State-m,2025-11-15,Little Rock,away,NR,68,W
1435,2025-11-15-Little Rock-vs-Ball State-m,2025-11-15,Ball State,home,NR,62,L
1436,2025-11-15-Wofford-vs-Bellarmine-m,2025-11-15,Wofford,away,NR,94,W
1437,2025-11-15-Wofford-vs-Bellarmine-m,2025-11-15,Bellarmine,home,NR,86,L
1438,2025-11-15-Merrimack-vs-Boston University-m,2025-11-15,Merrimack,away,NR,91,W
1439,2025-11-15-Merrimack-vs-Boston University-m,2025-11-15,Boston University,home,NR,79,L
1440,2025-11-15-Bethune-Cookman-vs-Dayton-m,2025-11-15,Bethune-Cookman,away,NR,82,L
1441,2025-11-15-Bethune-Cookman-vs-Dayton-m,2025-11-15,Dayton,home,NR,91,W
1442,2025-11-15-Drexel-vs-Syracuse-m,2025-11-15,Drexel,away,NR,50,L
1443,2025-11-15-Drexel-vs-Syracuse-m,2025-11-15,Syracuse,home,NR,80,W
1444,2025-11-15-Gardner-Webb-vs-Elon-m,2025-11-15,Gardner-Webb,away,NR,84,L
1445,2025-11-15-Gardner-Webb-vs-Elon-m,2025-11-15,Elon,home,NR,95,W
1446,2025-11-15-Manhattan-vs-Hawaii-m,2025-11-15,Manhattan,away,NR,56,L
1447,2025-11-15-Manhattan-vs-Hawaii-m,2025-11-15,Hawaii,home,NR,86,W
1448,2025-11-15-Penn State-vs-La Salle-m,2025-11-15,Penn State,away,NR,83,W
1449,2025-11-15-Penn State-vs-La Salle-m,2025-11-15,La Salle,home,NR,69,L
1450,2025-11-15-James Madison-vs-LIU-m,2025-11-15,James Madison,away,NR,79,L
1451,2025-11-15-James Madison-vs-LIU-m,2025-11-15,LIU,home,NR,88,W
1452,2025-11-15-Morgan State-vs-Mercyhurst-m,2025-11-15,Morgan State,away,NR,72,L
1453,2025-11-15-Morgan State-vs-Mercyhurst-m,2025-11-15,Mercyhurst,home,NR,86,W
1454,2025-11-15-Youngstown State-vs-St. Bonaventure-m,2025-11-15,Youngstown State,away,NR,80,L
1455,2025-11-15-Youngstown State-vs-St. Bonaventure-m,2025-11-15,St. Bonaventure,home,NR,84,W
1456,2025-11-15-Boston College-vs-Temple-m,2025-11-15,Boston College,away,NR,76,W
1457,2025-11-15-Boston College-vs-Temple-m,2025-11-15,Temple,home,NR,71,L
1458,2025-11-15-Duquesne-vs-Villanova-m,2025-11-15,Duquesne,away,NR,77,L
1459,2025-11-15-Duquesne-vs-Villanova-m,2025-11-15,Villanova,home,NR,87,W
1460,2025-11-15-Southern Utah-vs-Omaha-m,2025-11-15,Southern Utah,away,NR,85,L
1461,2025-11-15-Southern Utah-vs-Omaha-m,2025-11-15,Omaha,home,NR,90,W
1462,2025-11-15-ETSU-vs-North Alabama-m,2025-11-15,ETSU,away,NR,78,W
1463,2025-11-15-ETSU-vs-North Alabama-m,2025-11-15,North Alabama,home,NR,74,L
1464,2025-11-15-Arkansas-Pine Bluff-vs-Vanderbilt-m,2025-11-15,Arkansas-Pine Bluff,away,NR,75,L
1465,2025-11-15-Arkansas-Pine Bluff-vs-Vanderbilt-m,2025-11-15,Vanderbilt,home,NR,104,W
1466,2025-11-15-Montana State-vs-Boise State-m,2025-11-15,Montana State,away,NR,58,L
1467,2025-11-15-Montana State-vs-Boise State-m,2025-11-15,Boise State,home,NR,62,W
1468,2025-11-15-Sam Houston-vs-Utah-m,2025-11-15,Sam Houston,away,NR,79,L
1469,2025-11-15-Sam Houston-vs-Utah-m,2025-11-15,Utah,home,NR,85,W
1470,2025-11-15-UTEP-vs-Utah State-m,2025-11-15,UTEP,away,NR,51,L
1471,2025-11-15-UTEP-vs-Utah State-m,2025-11-15,Utah State,home,NR,75,W
1472,2025-11-15-Utah Valley-vs-Fresno State-m,2025-11-15,Utah Valley,away,NR,74,L
1473,2025-11-15-Utah Valley-vs-Fresno State-m,2025-11-15,Fresno State,home,NR,75,W
1474,2025-11-15-Bradley-vs-San Francisco-m,2025-11-15,Bradley,away,NR,64,L
1475,2025-11-15-Bradley-vs-San Francisco-m,2025-11-15,San Francisco,home,NR,75,W
1476,2025-11-15-Bryan-vs-Lipscomb-m,2025-11-15,Bryan,away,NR,53,L
1477,2025-11-15-Bryan-vs-Lipscomb-m,2025-11-15,Lipscomb,home,NR,98,W
1478,2025-11-15-Rochester Tech-vs-Buffalo-m,2025-11-15,Rochester Tech,away,NR,64,L
1479,2025-11-15-Rochester Tech-vs-Buffalo-m,2025-11-15,Buffalo,home,NR,80,W
1480,2025-11-15-Coppin State-vs-South Alabama-m,2025-11-15,Coppin State,away,NR,62,L
1481,2025-11-15-Coppin State-vs-South Alabama-m,2025-11-15,South Alabama,home,NR,72,W
1482,2025-11-15-Clemson-vs-Georgetown-m,2025-11-15,Clemson,away,NR,74,L
1483,2025-11-15-Clemson-vs-Georgetown-m,2025-11-15,Georgetown,home,NR,79,W
1484,2025-11-15-Chattanooga-vs-Florida Gulf Coast-m,2025-11-15,Chattanooga,away,NR,73,L
1485,2025-11-15-Chattanooga-vs-Florida Gulf Coast-m,2025-11-15,Florida Gulf Coast,home,NR,91,W
1486,2025-11-15-Cleveland State-vs-Kent State-m,2025-11-15,Cleveland State,away,NR,95,L
1487,2025-11-15-Cleveland State-vs-Kent State-m,2025-11-15,Kent State,home,NR,102,W
1488,2025-11-15-Delaware State-vs-New Haven-m,2025-11-15,Delaware State,away,NR,52,L
1489,2025-11-15-Delaware State-vs-New Haven-m,2025-11-15,New Haven,home,NR,65,W
1490,2025-11-15-Vermont-vs-Northeastern-m,2025-11-15,Vermont,away,NR,85,W
1491,2025-11-15-Vermont-vs-Northeastern-m,2025-11-15,Northeastern,home,NR,74,L
1492,2025-11-15-Kansas City-vs-Texas-m,2025-11-15,Kansas City,away,NR,55,L
1493,2025-11-15-Kansas City-vs-Texas-m,2025-11-15,Texas,home,NR,71,W
1494,2025-11-15-Detroit Mercy-vs-Toledo-m,2025-11-15,Detroit Mercy,away,NR,83,L
1495,2025-11-15-Detroit Mercy-vs-Toledo-m,2025-11-15,Toledo,home,NR,90,W
1496,2025-11-15-Jacksonville-vs-VMI-m,2025-11-15,Jacksonville,away,NR,69,W
1497,2025-11-15-Jacksonville-vs-VMI-m,2025-11-15,VMI,home,NR,67,L
1498,2025-11-15-Stony Brook-vs-Yale-m,2025-11-15,Stony Brook,away,NR,79,L
1499,2025-11-15-Stony Brook-vs-Yale-m,2025-11-15,Yale,home,NR,86,W
1500,2025-11-15-Miami (OH)-vs-Air Force-m,2025-11-15,Miami (OH),away,NR,76,W
1501,2025-11-15-Miami (OH)-vs-Air Force-m,2025-11-15,Air Force,home,NR,61,L
1502,2025-11-15-Harvard-vs-Army-m,2025-11-15,Harvard,away,NR,75,W
1503,2025-11-15-Harvard-vs-Army-m,2025-11-15,Army,home,NR,52,L
1504,2025-11-15-UIC-vs-Chicago State-m,2025-11-15,UIC,away,NR,67,W
1505,2025-11-15-UIC-vs-Chicago State-m,2025-11-15,Chicago State,home,NR,63,L
1506,2025-11-15-Boyce-vs-Purdue Fort Wayne-m,2025-11-15,Boyce,away,NR,68,L
1507,2025-11-15-Boyce-vs-Purdue Fort Wayne-m,2025-11-15,Purdue Fort Wayne,home,NR,118,W
1508,2025-11-15-Loyola (MD)-vs-Stonehill-m,2025-11-15,Loyola (MD),away,NR,74,W
1509,2025-11-15-Loyola (MD)-vs-Stonehill-m,2025-11-15,Stonehill,home,NR,63,L
1510,2025-11-15-Maryland-vs-Marquette-m,2025-11-15,Maryland,away,NR,89,W
1511,2025-11-15-Maryland-vs-Marquette-m,2025-11-15,Marquette,home,NR,82,L
1512,2025-11-15-Austin Peay-vs-UNC Greensboro-m,2025-11-15,Austin Peay,away,NR,69,W
1513,2025-11-15-Austin Peay-vs-UNC Greensboro-m,2025-11-15,UNC Greensboro,home,NR,63,L
1514,2025-11-15-New College of Florida-vs-North Florida-m,2025-11-15,New College of Florida,away,NR,67,L
1515,2025-11-15-New College of Florida-vs-North Florida-m,2025-11-15,North Florida,home,NR,122,W
1516,2025-11-15-Sacred Heart-vs-Queens (NC)-m,2025-11-15,Sacred Heart,away,NR,64,L
1517,2025-11-15-Sacred Heart-vs-Queens (NC)-m,2025-11-15,Queens (NC),home,NR,81,W
1518,2025-11-15-Butler-vs-SMU-m,2025-11-15,Butler,away,NR,85,L
1519,2025-11-15-Butler-vs-SMU-m,2025-11-15,SMU,home,NR,87,W
1520,2025-11-15-Marshall-vs-Virginia-m,2025-11-15,Marshall,away,NR,78,L
1521,2025-11-15-Marshall-vs-Virginia-m,2025-11-15,Virginia,home,NR,104,W
1522,2025-11-15-Mercer-vs-Winthrop-m,2025-11-15,Mercer,away,NR,69,L
1523,2025-11-15-Mercer-vs-Winthrop-m,2025-11-15,Winthrop,home,NR,105,W
1524,2025-11-15-Binghamton-vs-Longwood-m,2025-11-15,Binghamton,away,NR,82,L
1525,2025-11-15-Binghamton-vs-Longwood-m,2025-11-15,Longwood,home,NR,90,W
1526,2025-11-15-Southeastern Louisiana-vs-Mississippi State-m,2025-11-15,Southeastern Louisiana,away,NR,68,L
1527,2025-11-15-Southeastern Louisiana-vs-Mississippi State-m,2025-11-15,Mississippi State,home,NR,75,W
1528,2025-11-15-Defiance-vs-Oakland-m,2025-11-15,Defiance,away,NR,47,L
1529,2025-11-15-Defiance-vs-Oakland-m,2025-11-15,Oakland,home,NR,113,W
1530,2025-11-15-Wright State-vs-Radford-m,2025-11-15,Wright State,away,NR,92,W
1531,2025-11-15-Wright State-vs-Radford-m,2025-11-15,Radford,home,NR,59,L
1532,2025-11-15-St. Thomas-vs-Southeast Missouri State-m,2025-11-15,St. Thomas,away,NR,84,W
1533,2025-11-15-St. Thomas-vs-Southeast Missouri State-m,2025-11-15,Southeast Missouri State,home,NR,72,L
1534,2025-11-15-Central Pennsylvania College-vs-American-m,2025-11-15,Central Pennsylvania College,away,NR,50,L
1535,2025-11-15-Central Pennsylvania College-vs-American-m,2025-11-15,American,home,NR,115,W
1536,2025-11-15-Idaho-vs-UC-San Diego-m,2025-11-15,Idaho,away,NR,67,L
1537,2025-11-15-Idaho-vs-UC-San Diego-m,2025-11-15,UC-San Diego,home,NR,75,W
1538,2025-11-15-FDU-vs-NJIT-m,2025-11-15,FDU,away,NR,81,L
1539,2025-11-15-FDU-vs-NJIT-m,2025-11-15,NJIT,home,NR,93,W
1540,2025-11-15-Pacific-vs-Cal State Fullerton-m,2025-11-15,Pacific,away,NR,85,W
1541,2025-11-15-Pacific-vs-Cal State Fullerton-m,2025-11-15,Cal State Fullerton,home,NR,73,L
1542,2025-11-15-North Dakota-vs-UC-Riverside-m,2025-11-15,North Dakota,away,NR,76,W
1543,2025-11-15-North Dakota-vs-UC-Riverside-m,2025-11-15,UC-Riverside,home,NR,74,L
1544,2025-11-15-Nicholls State-vs-Murray State-m,2025-11-15,Nicholls State,away,NR,79,L
1545,2025-11-15-Nicholls State-vs-Murray State-m,2025-11-15,Murray State,home,NR,99,W
1546,2025-11-15-Texas Southern-vs-Texas State-m,2025-11-15,Texas Southern,away,NR,67,L
1547,2025-11-15-Texas Southern-vs-Texas State-m,2025-11-15,Texas State,home,NR,77,W
1548,2025-11-15-Bowling Green-vs-Davidson-m,2025-11-15,Bowling Green,away,NR,87,L
1549,2025-11-15-Bowling Green-vs-Davidson-m,2025-11-15,Davidson,home,NR,91,W
1550,2025-11-15-UTSA-vs-Denver-m,2025-11-15,UTSA,away,NR,84,W
1551,2025-11-15-UTSA-vs-Denver-m,2025-11-15,Denver,home,NR,79,L
1552,2025-11-15-Old Dominion-vs-George Washington-m,2025-11-15,Old Dominion,away,NR,73,L
1553,2025-11-15-Old Dominion-vs-George Washington-m,2025-11-15,George Washington,home,NR,96,W
1554,2025-11-15-Missouri State-vs-UT Arlington-m,2025-11-15,Missouri State,away,NR,49,L
1555,2025-11-15-Missouri State-vs-UT Arlington-m,2025-11-15,UT Arlington,home,NR,67,W
1556,2025-11-15-New Hampshire-vs-George Mason-m,2025-11-15,New Hampshire,away,NR,44,L
1557,2025-11-15-New Hampshire-vs-George Mason-m,2025-11-15,George Mason,home,NR,61,W
1558,2025-11-15-Jackson State-vs-Louisiana Tech-m,2025-11-15,Jackson State,away,NR,51,L
1559,2025-11-15-Jackson State-vs-Louisiana Tech-m,2025-11-15,Louisiana Tech,home,NR,68,W
1560,2025-11-15-Oklahoma-vs-Nebraska-m,2025-11-15,Oklahoma,away,NR,99,L
1561,2025-11-15-Oklahoma-vs-Nebraska-m,2025-11-15,Nebraska,home,NR,105,W
1562,2025-11-15-USC Upstate-vs-UNC Wilmington-m,2025-11-15,USC Upstate,away,NR,60,L
1563,2025-11-15-USC Upstate-vs-UNC Wilmington-m,2025-11-15,UNC Wilmington,home,NR,73,W
1564,2025-11-15-Eastern-vs-Rider-m,2025-11-15,Eastern,away,NR,54,L
1565,2025-11-15-Eastern-vs-Rider-m,2025-11-15,Rider,home,NR,86,W
1566,2025-11-15-Nevada-vs-Santa Clara-m,2025-11-15,Nevada,away,NR,83,L
1567,2025-11-15-Nevada-vs-Santa Clara-m,2025-11-15,Santa Clara,home,NR,98,W
1568,2025-11-15-Champion Christian-vs-Southern-m,2025-11-15,Champion Christian,away,NR,64,L
1569,2025-11-15-Champion Christian-vs-Southern-m,2025-11-15,Southern,home,NR,129,W
1570,2025-11-15-Christian Brothers-vs-Arkansas State-m,2025-11-15,Christian Brothers,away,NR,67,L
1571,2025-11-15-Christian Brothers-vs-Arkansas State-m,2025-11-15,Arkansas State,home,NR,95,W
1572,2025-11-15-Belmont-vs-Oral Roberts-m,2025-11-15,Belmont,away,NR,83,W
1573,2025-11-15-Belmont-vs-Oral Roberts-m,2025-11-15,Oral Roberts,home,NR,60,L
1574,2025-11-15-Grand Canyon-vs-Saint Louis-m,2025-11-15,Grand Canyon,away,NR,64,L
1575,2025-11-15-Grand Canyon-vs-Saint Louis-m,2025-11-15,Saint Louis,home,NR,78,W
1576,2025-11-15-Green Bay-vs-Minnesota-m,2025-11-15,Green Bay,away,NR,65,L
1577,2025-11-15-Green Bay-vs-Minnesota-m,2025-11-15,Minnesota,home,NR,72,W
1578,2025-11-15-New Mexico-vs-New Mexico State-m,2025-11-15,New Mexico,away,NR,68,L
1579,2025-11-15-New Mexico-vs-New Mexico State-m,2025-11-15,New Mexico State,home,NR,76,W
1580,2025-11-15-Northern Colorado-vs-Pepperdine-m,2025-11-15,Northern Colorado,away,NR,88,W
1581,2025-11-15-Northern Colorado-vs-Pepperdine-m,2025-11-15,Pepperdine,home,NR,81,L
1582,2025-11-15-Portland-vs-Wyoming-m,2025-11-15,Portland,away,NR,56,L
1583,2025-11-15-Portland-vs-Wyoming-m,2025-11-15,Wyoming,home,NR,93,W
1584,2025-11-15-Weber State-vs-UC-Irvine-m,2025-11-15,Weber State,away,NR,70,L
1585,2025-11-15-Weber State-vs-UC-Irvine-m,2025-11-15,UC-Irvine,home,NR,79,W
1586,2025-11-15-Mississippi Valley State-vs-Manhattan-m,2025-11-15,Mississippi Valley State,away,NR,73,L
1587,2025-11-15-Mississippi Valley State-vs-Manhattan-m,2025-11-15,Manhattan,home,NR,80,W
1588,2025-11-15-Idaho State-vs-Seattle-m,2025-11-15,Idaho State,away,NR,74,L
1589,2025-11-15-Idaho State-vs-Seattle-m,2025-11-15,Seattle,home,NR,83,W
1590,2025-11-16-Houston-vs-Auburn-m,2025-11-16,Houston,away, 1 ,73,W
1591,2025-11-16-Houston-vs-Auburn-m,2025-11-16,Auburn,home, 22 ,72,L
1592,2025-11-16-Akron-vs-Purdue-m,2025-11-16,Akron,away,NR,79,L
1593,2025-11-16-Akron-vs-Purdue-m,2025-11-16,Purdue,home, 2 ,97,W
1594,2025-11-16-Miami (FL)-vs-Florida-m,2025-11-16,Miami (FL),away,NR,68,L
1595,2025-11-16-Miami (FL)-vs-Florida-m,2025-11-16,Florida,home, 10 ,82,W
1596,2025-11-16-Mount St. Mary's-vs-Cincinnati-m,2025-11-16,Mount St. Mary's,away,NR,55,L
1597,2025-11-16-Mount St. Mary's-vs-Cincinnati-m,2025-11-16,Cincinnati,home,NR,72,W
1598,2025-11-16-Holy Cross-vs-Hampton-m,2025-11-16,Holy Cross,away,NR,67,W
1599,2025-11-16-Holy Cross-vs-Hampton-m,2025-11-16,Hampton,home,NR,61,L
1600,2025-11-16-Utah Tech-vs-Hawaii-m,2025-11-16,Utah Tech,away,NR,62,L
1601,2025-11-16-Utah Tech-vs-Hawaii-m,2025-11-16,Hawaii,home,NR,68,W
1602,2025-11-16-Incarnate Word-vs-Indiana-m,2025-11-16,Incarnate Word,away,NR,61,L
1603,2025-11-16-Incarnate Word-vs-Indiana-m,2025-11-16,Indiana,home,NR,69,W
1604,2025-11-16-Central Connecticut-vs-UMass-m,2025-11-16,Central Connecticut,away,NR,77,L
1605,2025-11-16-Central Connecticut-vs-UMass-m,2025-11-16,UMass,home,NR,84,W
1606,2025-11-16-Notre Dame-vs-Ohio State-m,2025-11-16,Notre Dame,away,NR,63,L
1607,2025-11-16-Notre Dame-vs-Ohio State-m,2025-11-16,Ohio State,home,NR,64,W
1608,2025-11-16-Charlotte-vs-Virginia Tech-m,2025-11-16,Charlotte,away,NR,76,L
1609,2025-11-16-Charlotte-vs-Virginia Tech-m,2025-11-16,Virginia Tech,home,NR,84,W
1610,2025-11-16-UMass-Lowell-vs-Wake Forest-m,2025-11-16,UMass-Lowell,away,NR,75,L
1611,2025-11-16-UMass-Lowell-vs-Wake Forest-m,2025-11-16,Wake Forest,home,NR,109,W
1612,2025-11-16-Stetson-vs-Western Carolina-m,2025-11-16,Stetson,away,NR,65,L
1613,2025-11-16-Stetson-vs-Western Carolina-m,2025-11-16,Western Carolina,home,NR,76,W
1614,2025-11-16-Lindenwood-vs-Alabama A&M-m,2025-11-16,Lindenwood,away,NR,65,L
1615,2025-11-16-Lindenwood-vs-Alabama A&M-m,2025-11-16,Alabama A&M,home,NR,74,W
1616,2025-11-16-UNLV-vs-Memphis-m,2025-11-16,UNLV,away,NR,92,W
1617,2025-11-16-UNLV-vs-Memphis-m,2025-11-16,Memphis,home,NR,78,L
1618,2025-11-16-Appalachian State-vs-Dartmouth-m,2025-11-16,Appalachian State,away,NR,85,W
1619,2025-11-16-Appalachian State-vs-Dartmouth-m,2025-11-16,Dartmouth,home,NR,77,L
1620,2025-11-16-Wright State-vs-Kent State-m,2025-11-16,Wright State,away,NR,72,L
1621,2025-11-16-Wright State-vs-Kent State-m,2025-11-16,Kent State,home,NR,76,W
1622,2025-11-16-Wagner-vs-UMBC-m,2025-11-16,Wagner,away,NR,70,L
1623,2025-11-16-Wagner-vs-UMBC-m,2025-11-16,UMBC,home,NR,71,W
1624,2025-11-16-University of the Cumberlands-vs-Northern Kentucky-m,2025-11-16,University of the Cumberlands,away,NR,73,L
1625,2025-11-16-University of the Cumberlands-vs-Northern Kentucky-m,2025-11-16,Northern Kentucky,home,NR,101,W
1626,2025-11-16-Bryant-vs-Valparaiso-m,2025-11-16,Bryant,away,NR,50,L
1627,2025-11-16-Bryant-vs-Valparaiso-m,2025-11-16,Valparaiso,home,NR,68,W
1628,2025-11-16-Samford-vs-Central Arkansas-m,2025-11-16,Samford,away,NR,84,W
1629,2025-11-16-Samford-vs-Central Arkansas-m,2025-11-16,Central Arkansas,home,NR,77,L
1630,2025-11-16-Loyola (MD)-vs-Fairfield-m,2025-11-16,Loyola (MD),away,NR,82,L
1631,2025-11-16-Loyola (MD)-vs-Fairfield-m,2025-11-16,Fairfield,home,NR,85,W
1632,2025-11-16-South Florida-vs-Kennesaw State-m,2025-11-16,South Florida,away,NR,108,W
1633,2025-11-16-South Florida-vs-Kennesaw State-m,2025-11-16,Kennesaw State,home,NR,89,L
1634,2025-11-16-Quinnipiac-vs-Maine-m,2025-11-16,Quinnipiac,away,NR,70,W
1635,2025-11-16-Quinnipiac-vs-Maine-m,2025-11-16,Maine,home,NR,64,L
1636,2025-11-16-Kentucky Christian-vs-Morehead State-m,2025-11-16,Kentucky Christian,away,NR,51,L
1637,2025-11-16-Kentucky Christian-vs-Morehead State-m,2025-11-16,Morehead State,home,NR,121,W
1638,2025-11-16-Texas A&M-Corpus Christi-vs-Oklahoma State-m,2025-11-16,Texas A&M-Corpus Christi,away,NR,69,L
1639,2025-11-16-Texas A&M-Corpus Christi-vs-Oklahoma State-m,2025-11-16,Oklahoma State,home,NR,85,W
1640,2025-11-16-Cleveland State-vs-Radford-m,2025-11-16,Cleveland State,away,NR,87,W
1641,2025-11-16-Cleveland State-vs-Radford-m,2025-11-16,Radford,home,NR,82,L
1642,2025-11-16-Western Michigan-vs-South Dakota-m,2025-11-16,Western Michigan,away,NR,78,L
1643,2025-11-16-Western Michigan-vs-South Dakota-m,2025-11-16,South Dakota,home,NR,83,W
1644,2025-11-16-Manhattanville-vs-Fordham-m,2025-11-16,Manhattanville,away,NR,62,L
1645,2025-11-16-Manhattanville-vs-Fordham-m,2025-11-16,Fordham,home,NR,96,W
1646,2025-11-16-Presbyterian-vs-Sacramento State-m,2025-11-16,Presbyterian,away,NR,62,L
1647,2025-11-16-Presbyterian-vs-Sacramento State-m,2025-11-16,Sacramento State,home,NR,64,W
1648,2025-11-16-Loras-vs-Southern Indiana-m,2025-11-16,Loras,away,NR,74,L
1649,2025-11-16-Loras-vs-Southern Indiana-m,2025-11-16,Southern Indiana,home,NR,91,W
1650,2025-11-16-Colorado State-vs-Loyola (IL)-m,2025-11-16,Colorado State,away,NR,80,W
1651,2025-11-16-Colorado State-vs-Loyola (IL)-m,2025-11-16,Loyola (IL),home,NR,67,L
1652,2025-11-16-Harvard-vs-Marist-m,2025-11-16,Harvard,away,NR,56,W
1653,2025-11-16-Harvard-vs-Marist-m,2025-11-16,Marist,home,NR,54,L
1654,2025-11-16-Illinois State-vs-Long Beach State-m,2025-11-16,Illinois State,away,NR,82,W
1655,2025-11-16-Illinois State-vs-Long Beach State-m,2025-11-16,Long Beach State,home,NR,80,L
1656,2025-11-16-Tennessee State-vs-Western Kentucky-m,2025-11-16,Tennessee State,away,NR,82,L
1657,2025-11-16-Tennessee State-vs-Western Kentucky-m,2025-11-16,Western Kentucky,home,NR,95,W
1658,2025-11-16-Troy-vs-Cal State Northridge-m,2025-11-16,Troy,away,NR,85,L
1659,2025-11-16-Troy-vs-Cal State Northridge-m,2025-11-16,Cal State Northridge,home,NR,94,W
1660,2025-11-17-Southern Utah-vs-Gonzaga-m,2025-11-17,Southern Utah,away,NR,50,L
1661,2025-11-17-Southern Utah-vs-Gonzaga-m,2025-11-17,Gonzaga,home, 13 ,122,W
1662,2025-11-17-Stonehill-vs-Iowa State-m,2025-11-17,Stonehill,away,NR,57,L
1663,2025-11-17-Stonehill-vs-Iowa State-m,2025-11-17,Iowa State,home, 16 ,96,W
1664,2025-11-17-Rice-vs-Tennessee-m,2025-11-17,Rice,away,NR,66,L
1665,2025-11-17-Rice-vs-Tennessee-m,2025-11-17,Tennessee,home, 20 ,91,W
1666,2025-11-17-SIU-Edwardsville-vs-Wisconsin-m,2025-11-17,SIU-Edwardsville,away,NR,69,L
1667,2025-11-17-SIU-Edwardsville-vs-Wisconsin-m,2025-11-17,Wisconsin,home, 23 ,94,W
1668,2025-11-17-VCU-vs-NC State-m,2025-11-17,VCU,away,NR,79,L
1669,2025-11-17-VCU-vs-NC State-m,2025-11-17,NC State,home, 25 ,85,W
1670,2025-11-17-Oakland-vs-UCF-m,2025-11-17,Oakland,away,NR,83,L
1671,2025-11-17-Oakland-vs-UCF-m,2025-11-17,UCF,home,NR,87,W
1672,2025-11-17-North Alabama-vs-Clemson-m,2025-11-17,North Alabama,away,NR,61,L
1673,2025-11-17-North Alabama-vs-Clemson-m,2025-11-17,Clemson,home,NR,81,W
1674,2025-11-17-Carolina-vs-Liberty-m,2025-11-17,Carolina,away,NR,46,L
1675,2025-11-17-Carolina-vs-Liberty-m,2025-11-17,Liberty,home,NR,98,W
1676,2025-11-17-Bucknell-vs-Pitt-m,2025-11-17,Bucknell,away,NR,50,L
1677,2025-11-17-Bucknell-vs-Pitt-m,2025-11-17,Pitt,home,NR,84,W
1678,2025-11-17-Lafayette-vs-West Virginia-m,2025-11-17,Lafayette,away,NR,59,L
1679,2025-11-17-Lafayette-vs-West Virginia-m,2025-11-17,West Virginia,home,NR,81,W
1680,2025-11-17-Rhodes-vs-UAB-m,2025-11-17,Rhodes,away,NR,56,L
1681,2025-11-17-Rhodes-vs-UAB-m,2025-11-17,UAB,home,NR,112,W
1682,2025-11-17-West Georgia-vs-Tennessee Tech-m,2025-11-17,West Georgia,away,NR,61,W
1683,2025-11-17-West Georgia-vs-Tennessee Tech-m,2025-11-17,Tennessee Tech,home,NR,59,L
1684,2025-11-17-Alabama State-vs-Colorado-m,2025-11-17,Alabama State,away,NR,66,L
1685,2025-11-17-Alabama State-vs-Colorado-m,2025-11-17,Colorado,home,NR,94,W
1686,2025-11-17-Oregon State-vs-Oregon-m,2025-11-17,Oregon State,away,NR,75,L
1687,2025-11-17-Oregon State-vs-Oregon-m,2025-11-17,Oregon,home,NR,87,W
1688,2025-11-17-Bethesda University (CA)-vs-San Jose State-m,2025-11-17,Bethesda University (CA),away,NR,56,L
1689,2025-11-17-Bethesda University (CA)-vs-San Jose State-m,2025-11-17,San Jose State,home,NR,110,W
1690,2025-11-17-Florida A&M-vs-Georgia-m,2025-11-17,Florida A&M,away,NR,57,L
1691,2025-11-17-Florida A&M-vs-Georgia-m,2025-11-17,Georgia,home,NR,87,W
1692,2025-11-17-Drake-vs-College of Charleston-m,2025-11-17,Drake,away,NR,71,W
1693,2025-11-17-Drake-vs-College of Charleston-m,2025-11-17,College of Charleston,home,NR,62,L
1694,2025-11-17-Coastal Georgia-vs-Florida Atlantic-m,2025-11-17,Coastal Georgia,away,NR,63,L
1695,2025-11-17-Coastal Georgia-vs-Florida Atlantic-m,2025-11-17,Florida Atlantic,home,NR,92,W
1696,2025-11-17-Canisius-vs-High Point-m,2025-11-17,Canisius,away,NR,50,L
1697,2025-11-17-Canisius-vs-High Point-m,2025-11-17,High Point,home,NR,93,W
1698,2025-11-17-Niagara-vs-Le Moyne-m,2025-11-17,Niagara,away,NR,68,L
1699,2025-11-17-Niagara-vs-Le Moyne-m,2025-11-17,Le Moyne,home,NR,74,W
1700,2025-11-17-Lamar-vs-Louisiana-Monroe-m,2025-11-17,Lamar,away,NR,79,W
1701,2025-11-17-Lamar-vs-Louisiana-Monroe-m,2025-11-17,Louisiana-Monroe,home,NR,66,L
1702,2025-11-17-St. Joseph's-vs-Penn-m,2025-11-17,St. Joseph's,away,NR,74,L
1703,2025-11-17-St. Joseph's-vs-Penn-m,2025-11-17,Penn,home,NR,83,W
1704,2025-11-17-Colgate-vs-Siena-m,2025-11-17,Colgate,away,NR,72,W
1705,2025-11-17-Colgate-vs-Siena-m,2025-11-17,Siena,home,NR,69,L
1706,2025-11-17-Southwestern Adventist-vs-Texas-Rio Grande Valley-m,2025-11-17,Southwestern Adventist,away,NR,53,L
1707,2025-11-17-Southwestern Adventist-vs-Texas-Rio Grande Valley-m,2025-11-17,Texas-Rio Grande Valley,home,NR,110,W
1708,2025-11-17-Tulsa-vs-Kansas State-m,2025-11-17,Tulsa,away,NR,83,L
1709,2025-11-17-Tulsa-vs-Kansas State-m,2025-11-17,Kansas State,home,NR,84,W
1710,2025-11-17-Prairie View-vs-Missouri-m,2025-11-17,Prairie View,away,NR,73,L
1711,2025-11-17-Prairie View-vs-Missouri-m,2025-11-17,Missouri,home,NR,91,W
1712,2025-11-17-Southern Illinois-vs-North Dakota State-m,2025-11-17,Southern Illinois,away,NR,85,L
1713,2025-11-17-Southern Illinois-vs-North Dakota State-m,2025-11-17,North Dakota State,home,NR,92,W
1714,2025-11-17-Peru State-vs-South Dakota State-m,2025-11-17,Peru State,away,NR,46,L
1715,2025-11-17-Peru State-vs-South Dakota State-m,2025-11-17,South Dakota State,home,NR,94,W
1716,2025-11-17-Angelo State-vs-Tarleton State-m,2025-11-17,Angelo State,away,NR,54,L
1717,2025-11-17-Angelo State-vs-Tarleton State-m,2025-11-17,Tarleton State,home,NR,77,W
1718,2025-11-17-Coe-vs-Western Illinois-m,2025-11-17,Coe,away,NR,63,L
1719,2025-11-17-Coe-vs-Western Illinois-m,2025-11-17,Western Illinois,home,NR,74,W
1720,2025-11-17-Georgia State-vs-Arizona State-m,2025-11-17,Georgia State,away,NR,62,L
1721,2025-11-17-Georgia State-vs-Arizona State-m,2025-11-17,Arizona State,home,NR,75,W
1722,2025-11-17-Loyola Marymount-vs-UCSB-m,2025-11-17,Loyola Marymount,away,NR,78,W
1723,2025-11-17-Loyola Marymount-vs-UCSB-m,2025-11-17,UCSB,home,NR,74,L
1724,2025-11-17-Eastern Oregon-vs-Eastern Washington-m,2025-11-17,Eastern Oregon,away,NR,73,L
1725,2025-11-17-Eastern Oregon-vs-Eastern Washington-m,2025-11-17,Eastern Washington,home,NR,91,W
1726,2025-11-17-Cal State Bakersfield-vs-Portland State-m,2025-11-17,Cal State Bakersfield,away,NR,80,L
1727,2025-11-17-Cal State Bakersfield-vs-Portland State-m,2025-11-17,Portland State,home,NR,93,W
1728,2025-11-18-Kansas-vs-Duke-m,2025-11-18,Kansas,away, 24 ,66,L
1729,2025-11-18-Kansas-vs-Duke-m,2025-11-18,Duke,home, 5 ,78,W
1730,2025-11-18-Michigan State-vs-Kentucky-m,2025-11-18,Michigan State,away, 17 ,83,W
1731,2025-11-18-Michigan State-vs-Kentucky-m,2025-11-18,Kentucky,home, 12 ,66,L
1732,2025-11-18-Navy-vs-UNC-m,2025-11-18,Navy,away,NR,61,L
1733,2025-11-18-Navy-vs-UNC-m,2025-11-18,UNC,home, 18 ,73,W
1734,2025-11-18-Sacramento State-vs-UCLA-m,2025-11-18,Sacramento State,away,NR,48,L
1735,2025-11-18-Sacramento State-vs-UCLA-m,2025-11-18,UCLA,home, 19 ,79,W
1736,2025-11-18-Winthrop-vs-Arkansas-m,2025-11-18,Winthrop,away,NR,83,L
1737,2025-11-18-Winthrop-vs-Arkansas-m,2025-11-18,Arkansas,home, 21 ,84,W
1738,2025-11-18-Paul Smith's-vs-Albany (NY)-m,2025-11-18,Paul Smith's,away,NR,57,L
1739,2025-11-18-Paul Smith's-vs-Albany (NY)-m,2025-11-18,Albany (NY),home,NR,106,W
1740,2025-11-18-Hampton-vs-Boston College-m,2025-11-18,Hampton,away,NR,52,L
1741,2025-11-18-Hampton-vs-Boston College-m,2025-11-18,Boston College,home,NR,63,W
1742,2025-11-18-St. Peter's-vs-Delaware-m,2025-11-18,St. Peter's,away,NR,70,L
1743,2025-11-18-St. Peter's-vs-Delaware-m,2025-11-18,Delaware,home,NR,81,W
1744,2025-11-18-UT-Martin-vs-Florida State-m,2025-11-18,UT-Martin,away,NR,73,L
1745,2025-11-18-UT-Martin-vs-Florida State-m,2025-11-18,Florida State,home,NR,87,W
1746,2025-11-18-Jacksonville-vs-George Mason-m,2025-11-18,Jacksonville,away,NR,57,L
1747,2025-11-18-Jacksonville-vs-George Mason-m,2025-11-18,George Mason,home,NR,79,W
1748,2025-11-18-Towson-vs-James Madison-m,2025-11-18,Towson,away,NR,75,L
1749,2025-11-18-Towson-vs-James Madison-m,2025-11-18,James Madison,home,NR,81,W
1750,2025-11-18-New Hampshire-vs-Providence-m,2025-11-18,New Hampshire,away,NR,66,L
1751,2025-11-18-New Hampshire-vs-Providence-m,2025-11-18,Providence,home,NR,98,W
1752,2025-11-18-American-vs-Rutgers-m,2025-11-18,American,away,NR,71,L
1753,2025-11-18-American-vs-Rutgers-m,2025-11-18,Rutgers,home,NR,80,W
1754,2025-11-18-Monmouth-vs-Syracuse-m,2025-11-18,Monmouth,away,NR,73,L
1755,2025-11-18-Monmouth-vs-Syracuse-m,2025-11-18,Syracuse,home,NR,78,W
1756,2025-11-18-UT Arlington-vs-Evansville-m,2025-11-18,UT Arlington,away,NR,84,W
1757,2025-11-18-UT Arlington-vs-Evansville-m,2025-11-18,Evansville,home,NR,76,L
1758,2025-11-18-Little Rock-vs-Murray State-m,2025-11-18,Little Rock,away,NR,68,L
1759,2025-11-18-Little Rock-vs-Murray State-m,2025-11-18,Murray State,home,NR,89,W
1760,2025-11-18-Wichita State-vs-Boise State-m,2025-11-18,Wichita State,away,NR,59,L
1761,2025-11-18-Wichita State-vs-Boise State-m,2025-11-18,Boise State,home,NR,62,W
1762,2025-11-18-Purdue Fort Wayne-vs-Utah-m,2025-11-18,Purdue Fort Wayne,away,NR,77,L
1763,2025-11-18-Purdue Fort Wayne-vs-Utah-m,2025-11-18,Utah,home,NR,85,W
1764,2025-11-18-Presbyterian-vs-California-m,2025-11-18,Presbyterian,away,NR,57,L
1765,2025-11-18-Presbyterian-vs-California-m,2025-11-18,California,home,NR,67,W
1766,2025-11-18-UC-Davis-vs-Nevada-m,2025-11-18,UC-Davis,away,NR,75,W
1767,2025-11-18-UC-Davis-vs-Nevada-m,2025-11-18,Nevada,home,NR,71,L
1768,2025-11-18-Troy-vs-San Diego State-m,2025-11-18,Troy,away,NR,108,W
1769,2025-11-18-Troy-vs-San Diego State-m,2025-11-18,San Diego State,home,NR,107,L
1770,2025-11-18-Northwestern State-vs-San Francisco-m,2025-11-18,Northwestern State,away,NR,64,L
1771,2025-11-18-Northwestern State-vs-San Francisco-m,2025-11-18,San Francisco,home,NR,84,W
1772,2025-11-18-Southern-vs-Washington-m,2025-11-18,Southern,away,NR,93,L
1773,2025-11-18-Southern-vs-Washington-m,2025-11-18,Washington,home,NR,99,W
1774,2025-11-18-Central Pennsylvania College-vs-Coppin State-m,2025-11-18,Central Pennsylvania College,away,NR,62,L
1775,2025-11-18-Central Pennsylvania College-vs-Coppin State-m,2025-11-18,Coppin State,home,NR,103,W
1776,2025-11-18-Southwestern Christian-vs-UTSA-m,2025-11-18,Southwestern Christian,away,NR,70,L
1777,2025-11-18-Southwestern Christian-vs-UTSA-m,2025-11-18,UTSA,home,NR,103,W
1778,2025-11-18-Vermont-vs-Buffalo-m,2025-11-18,Vermont,away,NR,90,L
1779,2025-11-18-Vermont-vs-Buffalo-m,2025-11-18,Buffalo,home,NR,94,W
1780,2025-11-18-Gardner-Webb-vs-DePaul-m,2025-11-18,Gardner-Webb,away,NR,62,L
1781,2025-11-18-Gardner-Webb-vs-DePaul-m,2025-11-18,DePaul,home,NR,93,W
1782,2025-11-18-Holy Cross-vs-Brown-m,2025-11-18,Holy Cross,away,NR,49,L
1783,2025-11-18-Holy Cross-vs-Brown-m,2025-11-18,Brown,home,NR,68,W
1784,2025-11-18-IU Indianapolis-vs-Charleston Southern-m,2025-11-18,IU Indianapolis,away,NR,91,L
1785,2025-11-18-IU Indianapolis-vs-Charleston Southern-m,2025-11-18,Charleston Southern,home,NR,103,W
1786,2025-11-18-Boston University-vs-Columbia-m,2025-11-18,Boston University,away,NR,49,L
1787,2025-11-18-Boston University-vs-Columbia-m,2025-11-18,Columbia,home,NR,54,W
1788,2025-11-18-Maine-Augusta-vs-Dartmouth-m,2025-11-18,Maine-Augusta,away,NR,68,L
1789,2025-11-18-Maine-Augusta-vs-Dartmouth-m,2025-11-18,Dartmouth,home,NR,113,W
1790,2025-11-18-Cheyney-vs-Delaware State-m,2025-11-18,Cheyney,away,NR,70,L
1791,2025-11-18-Cheyney-vs-Delaware State-m,2025-11-18,Delaware State,home,NR,88,W
1792,2025-11-18-Eastern Michigan-vs-Detroit Mercy-m,2025-11-18,Eastern Michigan,away,NR,72,W
1793,2025-11-18-Eastern Michigan-vs-Detroit Mercy-m,2025-11-18,Detroit Mercy,home,NR,62,L
1794,2025-11-18-NJIT-vs-Drexel-m,2025-11-18,NJIT,away,NR,43,L
1795,2025-11-18-NJIT-vs-Drexel-m,2025-11-18,Drexel,home,NR,75,W
1796,2025-11-18-St. Elizabeth-vs-FDU-m,2025-11-18,St. Elizabeth,away,NR,58,L
1797,2025-11-18-St. Elizabeth-vs-FDU-m,2025-11-18,FDU,home,NR,100,W
1798,2025-11-18-Univ. of Ft. Lauderdale-vs-Florida International-m,2025-11-18,Univ. of Ft. Lauderdale,away,NR,80,L
1799,2025-11-18-Univ. of Ft. Lauderdale-vs-Florida International-m,2025-11-18,Florida International,home,NR,104,W
1800,2025-11-18-Georgia Southern-vs-Georgia Tech-m,2025-11-18,Georgia Southern,away,NR,66,L
1801,2025-11-18-Georgia Southern-vs-Georgia Tech-m,2025-11-18,Georgia Tech,home,NR,68,W
1802,2025-11-18-Princeton-vs-Iona-m,2025-11-18,Princeton,away,NR,69,L
1803,2025-11-18-Princeton-vs-Iona-m,2025-11-18,Iona,home,NR,89,W
1804,2025-11-18-Eastern Kentucky-vs-Kent State-m,2025-11-18,Eastern Kentucky,away,NR,78,L
1805,2025-11-18-Eastern Kentucky-vs-Kent State-m,2025-11-18,Kent State,home,NR,93,W
1806,2025-11-18-Saint Francis (PA)-vs-Lehigh-m,2025-11-18,Saint Francis (PA),away,NR,62,L
1807,2025-11-18-Saint Francis (PA)-vs-Lehigh-m,2025-11-18,Lehigh,home,NR,79,W
1808,2025-11-18-Maryland-Eastern Shore-vs-Longwood-m,2025-11-18,Maryland-Eastern Shore,away,NR,83,W
1809,2025-11-18-Maryland-Eastern Shore-vs-Longwood-m,2025-11-18,Longwood,home,NR,82,L
1810,2025-11-18-North Carolina A&T-vs-Morgan State-m,2025-11-18,North Carolina A&T,away,NR,79,W
1811,2025-11-18-North Carolina A&T-vs-Morgan State-m,2025-11-18,Morgan State,home,NR,73,L
1812,2025-11-18-Toccoa Falls-vs-North Carolina Central-m,2025-11-18,Toccoa Falls,away,NR,67,L
1813,2025-11-18-Toccoa Falls-vs-North Carolina Central-m,2025-11-18,North Carolina Central,home,NR,123,W
1814,2025-11-18-East Carolina-vs-UNC Wilmington-m,2025-11-18,East Carolina,away,NR,60,L
1815,2025-11-18-East Carolina-vs-UNC Wilmington-m,2025-11-18,UNC Wilmington,home,NR,85,W
1816,2025-11-18-New Haven-vs-Seton Hall-m,2025-11-18,New Haven,away,NR,45,L
1817,2025-11-18-New Haven-vs-Seton Hall-m,2025-11-18,Seton Hall,home,NR,68,W
1818,2025-11-18-Radford-vs-South Carolina-m,2025-11-18,Radford,away,NR,58,L
1819,2025-11-18-Radford-vs-South Carolina-m,2025-11-18,South Carolina,home,NR,87,W
1820,2025-11-18-Bethel (TN)-vs-Western Kentucky-m,2025-11-18,Bethel (TN),away,NR,67,L
1821,2025-11-18-Bethel (TN)-vs-Western Kentucky-m,2025-11-18,Western Kentucky,home,NR,97,W
1822,2025-11-18-Old Dominion-vs-Xavier-m,2025-11-18,Old Dominion,away,NR,69,L
1823,2025-11-18-Old Dominion-vs-Xavier-m,2025-11-18,Xavier,home,NR,99,W
1824,2025-11-18-Army-vs-Cornell-m,2025-11-18,Army,away,NR,73,L
1825,2025-11-18-Army-vs-Cornell-m,2025-11-18,Cornell,home,NR,86,W
1826,2025-11-18-Southeast Missouri State-vs-Iowa-m,2025-11-18,Southeast Missouri State,away,NR,70,L
1827,2025-11-18-Southeast Missouri State-vs-Iowa-m,2025-11-18,Iowa,home,NR,99,W
1828,2025-11-18-Alcorn State-vs-LSU-m,2025-11-18,Alcorn State,away,NR,81,L
1829,2025-11-18-Alcorn State-vs-LSU-m,2025-11-18,LSU,home,NR,107,W
1830,2025-11-18-Chicago State-vs-Minnesota-m,2025-11-18,Chicago State,away,NR,54,L
1831,2025-11-18-Chicago State-vs-Minnesota-m,2025-11-18,Minnesota,home,NR,66,W
1832,2025-11-18-Austin Peay-vs-Ole Miss-m,2025-11-18,Austin Peay,away,NR,65,L
1833,2025-11-18-Austin Peay-vs-Ole Miss-m,2025-11-18,Ole Miss,home,NR,72,W
1834,2025-11-18-Embry–Riddle (AZ)-vs-Northern Arizona-m,2025-11-18,Embry–Riddle (AZ),away,NR,79,L
1835,2025-11-18-Embry–Riddle (AZ)-vs-Northern Arizona-m,2025-11-18,Northern Arizona,home,NR,108,W
1836,2025-11-18-Northern Illinois-vs-Northern Iowa-m,2025-11-18,Northern Illinois,away,NR,57,L
1837,2025-11-18-Northern Illinois-vs-Northern Iowa-m,2025-11-18,Northern Iowa,home,NR,70,W
1838,2025-11-18-Haskell (KS)-vs-Oral Roberts-m,2025-11-18,Haskell (KS),away,NR,64,L
1839,2025-11-18-Haskell (KS)-vs-Oral Roberts-m,2025-11-18,Oral Roberts,home,NR,84,W
1840,2025-11-18-Arkansas-Pine Bluff-vs-SMU-m,2025-11-18,Arkansas-Pine Bluff,away,NR,60,L
1841,2025-11-18-Arkansas-Pine Bluff-vs-SMU-m,2025-11-18,SMU,home,NR,106,W
1842,2025-11-18-William Carey-vs-Southern Miss-m,2025-11-18,William Carey,away,NR,59,L
1843,2025-11-18-William Carey-vs-Southern Miss-m,2025-11-18,Southern Miss,home,NR,82,W
1844,2025-11-18-Montana-vs-Texas A&M-m,2025-11-18,Montana,away,NR,81,L
1845,2025-11-18-Montana-vs-Texas A&M-m,2025-11-18,Texas A&M,home,NR,86,W
1846,2025-11-18-Abilene Christian-vs-Texas State-m,2025-11-18,Abilene Christian,away,NR,49,L
1847,2025-11-18-Abilene Christian-vs-Texas State-m,2025-11-18,Texas State,home,NR,63,W
1848,2025-11-18-Rhode Island-vs-Yale-m,2025-11-18,Rhode Island,away,NR,86,W
1849,2025-11-18-Rhode Island-vs-Yale-m,2025-11-18,Yale,home,NR,77,L
1850,2025-11-18-Stephen F. Austin-vs-Fresno State-m,2025-11-18,Stephen F. Austin,away,NR,78,L
1851,2025-11-18-Stephen F. Austin-vs-Fresno State-m,2025-11-18,Fresno State,home,NR,80,W
1852,2025-11-18-New Orleans-vs-Pepperdine-m,2025-11-18,New Orleans,away,NR,79,L
1853,2025-11-18-New Orleans-vs-Pepperdine-m,2025-11-18,Pepperdine,home,NR,90,W
1854,2025-11-18-Rider-vs-Texas-m,2025-11-18,Rider,away,NR,65,L
1855,2025-11-18-Rider-vs-Texas-m,2025-11-18,Texas,home,NR,99,W
1856,2025-11-18-UC-Riverside-vs-California Baptist-m,2025-11-18,UC-Riverside,away,NR,57,L
1857,2025-11-18-UC-Riverside-vs-California Baptist-m,2025-11-18,California Baptist,home,NR,80,W
1858,2025-11-18-Grambling-vs-San Diego-m,2025-11-18,Grambling,away,NR,68,L
1859,2025-11-18-Grambling-vs-San Diego-m,2025-11-18,San Diego,home,NR,78,W
1860,2025-11-18-Idaho State-vs-Santa Clara-m,2025-11-18,Idaho State,away,NR,55,L
1861,2025-11-18-Idaho State-vs-Santa Clara-m,2025-11-18,Santa Clara,home,NR,64,W
1862,2025-11-18-Louisiana-vs-Stanford-m,2025-11-18,Louisiana,away,NR,66,L
1863,2025-11-18-Louisiana-vs-Stanford-m,2025-11-18,Stanford,home,NR,93,W
1864,2025-11-19-Arizona-vs-UConn-m,2025-11-19,Arizona,away, 4 ,71,W
1865,2025-11-19-Arizona-vs-UConn-m,2025-11-19,UConn,home, 3 ,67,L
1866,2025-11-19-Middle Tennessee-vs-Michigan-m,2025-11-19,Middle Tennessee,away,NR,61,L
1867,2025-11-19-Middle Tennessee-vs-Michigan-m,2025-11-19,Michigan,home, 7 ,86,W
1868,2025-11-19-Alabama-vs-Illinois-m,2025-11-19,Alabama,away, 11 ,90,W
1869,2025-11-19-Alabama-vs-Illinois-m,2025-11-19,Illinois,home, 8 ,86,L
1870,2025-11-19-Jackson State-vs-Auburn-m,2025-11-19,Jackson State,away,NR,66,L
1871,2025-11-19-Jackson State-vs-Auburn-m,2025-11-19,Auburn,home, 22 ,112,W
1872,2025-11-19-Ohio Christian-vs-Furman-m,2025-11-19,Ohio Christian,away,NR,44,L
1873,2025-11-19-Ohio Christian-vs-Furman-m,2025-11-19,Furman,home,NR,79,W
1874,2025-11-19-Louisiana Tech-vs-Indiana State-m,2025-11-19,Louisiana Tech,away,NR,51,L
1875,2025-11-19-Louisiana Tech-vs-Indiana State-m,2025-11-19,Indiana State,home,NR,60,W
1876,2025-11-19-Villanova-vs-La Salle-m,2025-11-19,Villanova,away,NR,70,W
1877,2025-11-19-Villanova-vs-La Salle-m,2025-11-19,La Salle,home,NR,55,L
1878,2025-11-19-Mount St. Mary's-vs-Maryland-m,2025-11-19,Mount St. Mary's,away,NR,90,L
1879,2025-11-19-Mount St. Mary's-vs-Maryland-m,2025-11-19,Maryland,home,NR,95,W
1880,2025-11-19-Bethune-Cookman-vs-Ohio-m,2025-11-19,Bethune-Cookman,away,NR,76,W
1881,2025-11-19-Bethune-Cookman-vs-Ohio-m,2025-11-19,Ohio,home,NR,73,L
1882,2025-11-19-Harvard-vs-Penn State-m,2025-11-19,Harvard,away,NR,80,L
1883,2025-11-19-Harvard-vs-Penn State-m,2025-11-19,Penn State,home,NR,84,W
1884,2025-11-19-VMI-vs-Richmond-m,2025-11-19,VMI,away,NR,54,L
1885,2025-11-19-VMI-vs-Richmond-m,2025-11-19,Richmond,home,NR,87,W
1886,2025-11-19-Chattanooga-vs-South Carolina State-m,2025-11-19,Chattanooga,away,NR,78,W
1887,2025-11-19-Chattanooga-vs-South Carolina State-m,2025-11-19,South Carolina State,home,NR,66,L
1888,2025-11-19-Hofstra-vs-Temple-m,2025-11-19,Hofstra,away,NR,76,L
1889,2025-11-19-Hofstra-vs-Temple-m,2025-11-19,Temple,home,NR,81,W
1890,2025-11-19-Bryant-vs-Virginia Tech-m,2025-11-19,Bryant,away,NR,61,L
1891,2025-11-19-Bryant-vs-Virginia Tech-m,2025-11-19,Virginia Tech,home,NR,78,W
1892,2025-11-19-UNC Asheville-vs-Western Carolina-m,2025-11-19,UNC Asheville,away,NR,73,L
1893,2025-11-19-UNC Asheville-vs-Western Carolina-m,2025-11-19,Western Carolina,home,NR,80,W
1894,2025-11-19-North Florida-vs-Wofford-m,2025-11-19,North Florida,away,NR,78,L
1895,2025-11-19-North Florida-vs-Wofford-m,2025-11-19,Wofford,home,NR,86,W
1896,2025-11-19-Arkansas State-vs-Saint Mary's-m,2025-11-19,Arkansas State,away,NR,72,L
1897,2025-11-19-Arkansas State-vs-Saint Mary's-m,2025-11-19,Saint Mary's,home,NR,85,W
1898,2025-11-19-Alabama State-vs-Air Force-m,2025-11-19,Alabama State,away,NR,64,L
1899,2025-11-19-Alabama State-vs-Air Force-m,2025-11-19,Air Force,home,NR,66,W
1900,2025-11-19-Misericordia-vs-Binghamton-m,2025-11-19,Misericordia,away,NR,58,L
1901,2025-11-19-Misericordia-vs-Binghamton-m,2025-11-19,Binghamton,home,NR,69,W
1902,2025-11-19-William & Mary-vs-Bowling Green-m,2025-11-19,William & Mary,away,NR,82,W
1903,2025-11-19-William & Mary-vs-Bowling Green-m,2025-11-19,Bowling Green,home,NR,74,L
1904,2025-11-19-North Greenville-vs-The Citadel-m,2025-11-19,North Greenville,away,NR,57,L
1905,2025-11-19-North Greenville-vs-The Citadel-m,2025-11-19,The Citadel,home,NR,70,W
1906,2025-11-19-Loyola (MD)-vs-Duquesne-m,2025-11-19,Loyola (MD),away,NR,78,L
1907,2025-11-19-Loyola (MD)-vs-Duquesne-m,2025-11-19,Duquesne,home,NR,92,W
1908,2025-11-19-UMBC-vs-George Washington-m,2025-11-19,UMBC,away,NR,52,L
1909,2025-11-19-UMBC-vs-George Washington-m,2025-11-19,George Washington,home,NR,89,W
1910,2025-11-19-South Alabama-vs-Jacksonville State-m,2025-11-19,South Alabama,away,NR,71,W
1911,2025-11-19-South Alabama-vs-Jacksonville State-m,2025-11-19,Jacksonville State,home,NR,65,L
1912,2025-11-19-Dayton-vs-Marquette-m,2025-11-19,Dayton,away,NR,77,W
1913,2025-11-19-Dayton-vs-Marquette-m,2025-11-19,Marquette,home,NR,71,L
1914,2025-11-19-Maine-vs-Merrimack-m,2025-11-19,Maine,away,NR,65,L
1915,2025-11-19-Maine-vs-Merrimack-m,2025-11-19,Merrimack,home,NR,72,W
1916,2025-11-19-Bellarmine-vs-Notre Dame-m,2025-11-19,Bellarmine,away,NR,79,L
1917,2025-11-19-Bellarmine-vs-Notre Dame-m,2025-11-19,Notre Dame,home,NR,86,W
1918,2025-11-19-CCNY-vs-Quinnipiac-m,2025-11-19,CCNY,away,NR,52,L
1919,2025-11-19-CCNY-vs-Quinnipiac-m,2025-11-19,Quinnipiac,home,NR,112,W
1920,2025-11-19-Wyoming-vs-Sam Houston-m,2025-11-19,Wyoming,away,NR,70,L
1921,2025-11-19-Wyoming-vs-Sam Houston-m,2025-11-19,Sam Houston,home,NR,78,W
1922,2025-11-19-Florida Gulf Coast-vs-Samford-m,2025-11-19,Florida Gulf Coast,away,NR,77,W
1923,2025-11-19-Florida Gulf Coast-vs-Samford-m,2025-11-19,Samford,home,NR,62,L
1924,2025-11-19-Tennessee Tech-vs-USC Upstate-m,2025-11-19,Tennessee Tech,away,NR,88,W
1925,2025-11-19-Tennessee Tech-vs-USC Upstate-m,2025-11-19,USC Upstate,home,NR,84,L
1926,2025-11-19-William Carey-vs-Southeastern Louisiana-m,2025-11-19,William Carey,away,NR,45,L
1927,2025-11-19-William Carey-vs-Southeastern Louisiana-m,2025-11-19,Southeastern Louisiana,home,NR,71,W
1928,2025-11-19-Howard-vs-Stetson-m,2025-11-19,Howard,away,NR,60,L
1929,2025-11-19-Howard-vs-Stetson-m,2025-11-19,Stetson,home,NR,64,W
1930,2025-11-19-Dallas Christian-vs-East Texas A&M-m,2025-11-19,Dallas Christian,away,NR,44,L
1931,2025-11-19-Dallas Christian-vs-East Texas A&M-m,2025-11-19,East Texas A&M,home,NR,115,W
1932,2025-11-19-Youngstown State-vs-Toledo-m,2025-11-19,Youngstown State,away,NR,75,L
1933,2025-11-19-Youngstown State-vs-Toledo-m,2025-11-19,Toledo,home,NR,92,W
1934,2025-11-19-Lipscomb-vs-Belmont-m,2025-11-19,Lipscomb,away,NR,68,L
1935,2025-11-19-Lipscomb-vs-Belmont-m,2025-11-19,Belmont,home,NR,75,W
1936,2025-11-19-UMass-Lowell-vs-Bradley-m,2025-11-19,UMass-Lowell,away,NR,77,L
1937,2025-11-19-UMass-Lowell-vs-Bradley-m,2025-11-19,Bradley,home,NR,87,W
1938,2025-11-19-Valparaiso-vs-Cleveland State-m,2025-11-19,Valparaiso,away,NR,90,W
1939,2025-11-19-Valparaiso-vs-Cleveland State-m,2025-11-19,Cleveland State,home,NR,75,L
1940,2025-11-19-North Dakota-vs-Creighton-m,2025-11-19,North Dakota,away,NR,60,L
1941,2025-11-19-North Dakota-vs-Creighton-m,2025-11-19,Creighton,home,NR,75,W
1942,2025-11-19-Tiffin-vs-Eastern Illinois-m,2025-11-19,Tiffin,away,NR,50,L
1943,2025-11-19-Tiffin-vs-Eastern Illinois-m,2025-11-19,Eastern Illinois,home,NR,62,W
1944,2025-11-19-Concorida (NE)-vs-Omaha-m,2025-11-19,Concorida (NE),away,NR,80,L
1945,2025-11-19-Concorida (NE)-vs-Omaha-m,2025-11-19,Omaha,home,NR,96,W
1946,2025-11-19-Jamestown-vs-North Dakota State-m,2025-11-19,Jamestown,away,NR,67,L
1947,2025-11-19-Jamestown-vs-North Dakota State-m,2025-11-19,North Dakota State,home,NR,82,W
1948,2025-11-19-South Florida-vs-Oklahoma State-m,2025-11-19,South Florida,away,NR,95,L
1949,2025-11-19-South Florida-vs-Oklahoma State-m,2025-11-19,Oklahoma State,home,NR,103,W
1950,2025-11-19-Kansas City-vs-TCU-m,2025-11-19,Kansas City,away,NR,45,L
1951,2025-11-19-Kansas City-vs-TCU-m,2025-11-19,TCU,home,NR,81,W
1952,2025-11-19-UC-Irvine-vs-Utah Valley-m,2025-11-19,UC-Irvine,away,NR,72,L
1953,2025-11-19-UC-Irvine-vs-Utah Valley-m,2025-11-19,Utah Valley,home,NR,79,W
1954,2025-11-19-St. Thomas (TX)-vs-UTEP-m,2025-11-19,St. Thomas (TX),away,NR,83,L
1955,2025-11-19-St. Thomas (TX)-vs-UTEP-m,2025-11-19,UTEP,home,NR,84,W
1956,2025-11-19-Nobel University-vs-Long Beach State-m,2025-11-19,Nobel University,away,NR,54,L
1957,2025-11-19-Nobel University-vs-Long Beach State-m,2025-11-19,Long Beach State,home,NR,87,W
1958,2025-11-19-Evergreen State College-vs-Portland State-m,2025-11-19,Evergreen State College,away,NR,61,L
1959,2025-11-19-Evergreen State College-vs-Portland State-m,2025-11-19,Portland State,home,NR,90,W
1960,2025-11-19-Campbell-vs-Weber State-m,2025-11-19,Campbell,away,NR,85,L
1961,2025-11-19-Campbell-vs-Weber State-m,2025-11-19,Weber State,home,NR,91,W
1962,2025-11-19-Southern Utah-vs-Washington State-m,2025-11-19,Southern Utah,away,NR,74,L
1963,2025-11-19-Southern Utah-vs-Washington State-m,2025-11-19,Washington State,home,NR,98,W
1964,2025-11-20-Memphis-vs-Purdue-m,2025-11-20,Memphis,away,NR,71,L
1965,2025-11-20-Memphis-vs-Purdue-m,2025-11-20,Purdue,home, 1 ,80,W
1966,2025-11-20-Rider-vs-Houston-m,2025-11-20,Rider,away,NR,45,L
1967,2025-11-20-Rider-vs-Houston-m,2025-11-20,Houston,home, 2 ,91,W
1968,2025-11-20-Bucknell-vs-St. John's (NY)-m,2025-11-20,Bucknell,away,NR,49,L
1969,2025-11-20-Bucknell-vs-St. John's (NY)-m,2025-11-20,St. John's (NY),home, 14 ,97,W
1970,2025-11-20-Wake Forest-vs-Texas Tech-m,2025-11-20,Wake Forest,away,NR,83,L
1971,2025-11-20-Wake Forest-vs-Texas Tech-m,2025-11-20,Texas Tech,home, 15 ,84,W
1972,2025-11-20-Tennessee State-vs-Tennessee-m,2025-11-20,Tennessee State,away,NR,60,L
1973,2025-11-20-Tennessee State-vs-Tennessee-m,2025-11-20,Tennessee,home, 20 ,89,W
1974,2025-11-20-Northern Kentucky-vs-Central Michigan-m,2025-11-20,Northern Kentucky,away,NR,90,W
1975,2025-11-20-Northern Kentucky-vs-Central Michigan-m,2025-11-20,Central Michigan,home,NR,66,L
1976,2025-11-20-Kean-vs-Delaware State-m,2025-11-20,Kean,away,NR,64,L
1977,2025-11-20-Kean-vs-Delaware State-m,2025-11-20,Delaware State,home,NR,66,W
1978,2025-11-20-LIU-vs-Fordham-m,2025-11-20,LIU,away,NR,53,L
1979,2025-11-20-LIU-vs-Fordham-m,2025-11-20,Fordham,home,NR,69,W
1980,2025-11-20-Lindenwood-vs-Indiana-m,2025-11-20,Lindenwood,away,NR,53,L
1981,2025-11-20-Lindenwood-vs-Indiana-m,2025-11-20,Indiana,home,NR,73,W
1982,2025-11-20-Elon-vs-Miami (FL)-m,2025-11-20,Elon,away,NR,72,L
1983,2025-11-20-Elon-vs-Miami (FL)-m,2025-11-20,Miami (FL),home,NR,99,W
1984,2025-11-20-Western Michigan-vs-Ohio State-m,2025-11-20,Western Michigan,away,NR,58,L
1985,2025-11-20-Western Michigan-vs-Ohio State-m,2025-11-20,Ohio State,home,NR,91,W
1986,2025-11-20-Rockford-vs-Illinois State-m,2025-11-20,Rockford,away,NR,48,L
1987,2025-11-20-Rockford-vs-Illinois State-m,2025-11-20,Illinois State,home,NR,93,W
1988,2025-11-20-Central Arkansas-vs-North Texas-m,2025-11-20,Central Arkansas,away,NR,56,L
1989,2025-11-20-Central Arkansas-vs-North Texas-m,2025-11-20,North Texas,home,NR,74,W
1990,2025-11-20-Texas Southern-vs-Vanderbilt-m,2025-11-20,Texas Southern,away,NR,74,L
1991,2025-11-20-Texas Southern-vs-Vanderbilt-m,2025-11-20,Vanderbilt,home,NR,109,W
1992,2025-11-20-Cal Poly-vs-Utah-m,2025-11-20,Cal Poly,away,NR,92,W
1993,2025-11-20-Cal Poly-vs-Utah-m,2025-11-20,Utah,home,NR,85,L
1994,2025-11-20-Troy-vs-USC-m,2025-11-20,Troy,away,NR,106,L
1995,2025-11-20-Troy-vs-USC-m,2025-11-20,USC,home,NR,107,W
1996,2025-11-20-Incarnate Word-vs-Southern Indiana-m,2025-11-20,Incarnate Word,away,NR,87,W
1997,2025-11-20-Incarnate Word-vs-Southern Indiana-m,2025-11-20,Southern Indiana,home,NR,81,L
1998,2025-11-20-High Point-vs-UIC-m,2025-11-20,High Point,away,NR,90,W
1999,2025-11-20-High Point-vs-UIC-m,2025-11-20,UIC,home,NR,80,L
2000,2025-11-20-Robert Morris-vs-St. Bonaventure-m,2025-11-20,Robert Morris,away,NR,61,L
2001,2025-11-20-Robert Morris-vs-St. Bonaventure-m,2025-11-20,St. Bonaventure,home,NR,75,W
2002,2025-11-20-Brown-vs-Stony Brook-m,2025-11-20,Brown,away,NR,70,L
2003,2025-11-20-Brown-vs-Stony Brook-m,2025-11-20,Stony Brook,home,NR,80,W
2004,2025-11-20-Colgate-vs-Cornell-m,2025-11-20,Colgate,away,NR,94,L
2005,2025-11-20-Colgate-vs-Cornell-m,2025-11-20,Cornell,home,NR,95,W
2006,2025-11-20-Pacific-vs-Florida Atlantic-m,2025-11-20,Pacific,away,NR,59,L
2007,2025-11-20-Pacific-vs-Florida Atlantic-m,2025-11-20,Florida Atlantic,home,NR,82,W
2008,2025-11-20-Chicago State-vs-Iowa-m,2025-11-20,Chicago State,away,NR,54,L
2009,2025-11-20-Chicago State-vs-Iowa-m,2025-11-20,Iowa,home,NR,93,W
2010,2025-11-20-Arkansas-Pine Bluff-vs-Marshall-m,2025-11-20,Arkansas-Pine Bluff,away,NR,70,L
2011,2025-11-20-Arkansas-Pine Bluff-vs-Marshall-m,2025-11-20,Marshall,home,NR,98,W
2012,2025-11-20-Mercyhurst-vs-Miami (OH)-m,2025-11-20,Mercyhurst,away,NR,71,L
2013,2025-11-20-Mercyhurst-vs-Miami (OH)-m,2025-11-20,Miami (OH),home,NR,76,W
2014,2025-11-20-Nebraska-vs-New Mexico-m,2025-11-20,Nebraska,away,NR,84,W
2015,2025-11-20-Nebraska-vs-New Mexico-m,2025-11-20,New Mexico,home,NR,72,L
2016,2025-11-20-Pitt-vs-UCF-m,2025-11-20,Pitt,away,NR,67,L
2017,2025-11-20-Pitt-vs-UCF-m,2025-11-20,UCF,home,NR,77,W
2018,2025-11-20-Northeastern-vs-Princeton-m,2025-11-20,Northeastern,away,NR,57,L
2019,2025-11-20-Northeastern-vs-Princeton-m,2025-11-20,Princeton,home,NR,70,W
2020,2025-11-20-UNC Greensboro-vs-Queens (NC)-m,2025-11-20,UNC Greensboro,away,NR,94,L
2021,2025-11-20-UNC Greensboro-vs-Queens (NC)-m,2025-11-20,Queens (NC),home,NR,101,W
2022,2025-11-20-Ohio Wesleyan-vs-Wright State-m,2025-11-20,Ohio Wesleyan,away,NR,47,L
2023,2025-11-20-Ohio Wesleyan-vs-Wright State-m,2025-11-20,Wright State,home,NR,100,W
2024,2025-11-20-College of Biblical Studies-vs-Houston Christian-m,2025-11-20,College of Biblical Studies,away,NR,67,L
2025,2025-11-20-College of Biblical Studies-vs-Houston Christian-m,2025-11-20,Houston Christian,home,NR,85,W
2026,2025-11-20-South Dakota-vs-Missouri-m,2025-11-20,South Dakota,away,NR,68,L
2027,2025-11-20-South Dakota-vs-Missouri-m,2025-11-20,Missouri,home,NR,102,W
2028,2025-11-20-Oral Roberts-vs-Oklahoma-m,2025-11-20,Oral Roberts,away,NR,71,L
2029,2025-11-20-Oral Roberts-vs-Oklahoma-m,2025-11-20,Oklahoma,home,NR,95,W
2030,2025-11-20-Tarleton State-vs-Rice-m,2025-11-20,Tarleton State,away,NR,90,W
2031,2025-11-20-Tarleton State-vs-Rice-m,2025-11-20,Rice,home,NR,74,L
2032,2025-11-20-Mississippi State-vs-Kansas State-m,2025-11-20,Mississippi State,away,NR,77,L
2033,2025-11-20-Mississippi State-vs-Kansas State-m,2025-11-20,Kansas State,home,NR,98,W
2034,2025-11-20-St. Joseph's-vs-UNLV-m,2025-11-20,St. Joseph's,away,NR,85,L
2035,2025-11-20-St. Joseph's-vs-UNLV-m,2025-11-20,UNLV,home,NR,99,W
2036,2025-11-21-Texas Tech-vs-Purdue-m,2025-11-21,Texas Tech,away, 15 ,56,L
2037,2025-11-21-Texas Tech-vs-Purdue-m,2025-11-21,Purdue,home, 1 ,86,W
2038,2025-11-21-Niagara-vs-Duke-m,2025-11-21,Niagara,away,NR,42,L
2039,2025-11-21-Niagara-vs-Duke-m,2025-11-21,Duke,home, 5 ,100,W
2040,2025-11-21-Louisville-vs-Cincinnati-m,2025-11-21,Louisville,away, 6 ,74,W
2041,2025-11-21-Louisville-vs-Cincinnati-m,2025-11-21,Cincinnati,home,NR,64,L
2042,2025-11-21-Wisconsin-vs-BYU-m,2025-11-21,Wisconsin,away, 23 ,70,L
2043,2025-11-21-Wisconsin-vs-BYU-m,2025-11-21,BYU,home, 9 ,98,W
2044,2025-11-21-Merrimack-vs-Florida-m,2025-11-21,Merrimack,away,NR,45,L
2045,2025-11-21-Merrimack-vs-Florida-m,2025-11-21,Florida,home, 10 ,80,W
2046,2025-11-21-Loyola (MD)-vs-Kentucky-m,2025-11-21,Loyola (MD),away,NR,46,L
2047,2025-11-21-Loyola (MD)-vs-Kentucky-m,2025-11-21,Kentucky,home, 12 ,88,W
2048,2025-11-21-Detroit Mercy-vs-Michigan State-m,2025-11-21,Detroit Mercy,away,NR,56,L
2049,2025-11-21-Detroit Mercy-vs-Michigan State-m,2025-11-21,Michigan State,home, 17 ,84,W
2050,2025-11-21-Presbyterian-vs-UCLA-m,2025-11-21,Presbyterian,away,NR,46,L
2051,2025-11-21-Presbyterian-vs-UCLA-m,2025-11-21,UCLA,home, 19 ,86,W
2052,2025-11-21-Jackson State-vs-Arkansas-m,2025-11-21,Jackson State,away,NR,61,L
2053,2025-11-21-Jackson State-vs-Arkansas-m,2025-11-21,Arkansas,home, 21 ,115,W
2054,2025-11-21-Morehead State-vs-ETSU-m,2025-11-21,Morehead State,away,NR,62,L
2055,2025-11-21-Morehead State-vs-ETSU-m,2025-11-21,ETSU,home,NR,77,W
2056,2025-11-21-Georgia Southern-vs-Florida State-m,2025-11-21,Georgia Southern,away,NR,72,L
2057,2025-11-21-Georgia Southern-vs-Florida State-m,2025-11-21,Florida State,home,NR,98,W
2058,2025-11-21-Arizona State-vs-Hawaii-m,2025-11-21,Arizona State,away,NR,83,W
2059,2025-11-21-Arizona State-vs-Hawaii-m,2025-11-21,Hawaii,home,NR,76,L
2060,2025-11-21-Central Connecticut-vs-Rutgers-m,2025-11-21,Central Connecticut,away,NR,67,W
2061,2025-11-21-Central Connecticut-vs-Rutgers-m,2025-11-21,Rutgers,home,NR,54,L
2062,2025-11-21-Lafayette-vs-Stonehill-m,2025-11-21,Lafayette,away,NR,70,L
2063,2025-11-21-Lafayette-vs-Stonehill-m,2025-11-21,Stonehill,home,NR,74,W
2064,2025-11-21-USC Upstate-vs-West Georgia-m,2025-11-21,USC Upstate,away,NR,64,L
2065,2025-11-21-USC Upstate-vs-West Georgia-m,2025-11-21,West Georgia,home,NR,72,W
2066,2025-11-21-Erskine-vs-Wofford-m,2025-11-21,Erskine,away,NR,57,L
2067,2025-11-21-Erskine-vs-Wofford-m,2025-11-21,Wofford,home,NR,81,W
2068,2025-11-21-South Alabama-vs-UAB-m,2025-11-21,South Alabama,away,NR,72,L
2069,2025-11-21-South Alabama-vs-UAB-m,2025-11-21,UAB,home,NR,80,W
2070,2025-11-21-Buena Vista-vs-Drake-m,2025-11-21,Buena Vista,away,NR,52,L
2071,2025-11-21-Buena Vista-vs-Drake-m,2025-11-21,Drake,home,NR,98,W
2072,2025-11-21-UC-Davis-vs-Colorado-m,2025-11-21,UC-Davis,away,NR,79,L
2073,2025-11-21-UC-Davis-vs-Colorado-m,2025-11-21,Colorado,home,NR,95,W
2074,2025-11-21-Denver-vs-Colorado State-m,2025-11-21,Denver,away,NR,83,W
2075,2025-11-21-Denver-vs-Colorado State-m,2025-11-21,Colorado State,home,NR,81,L
2076,2025-11-21-Sacramento State-vs-California-m,2025-11-21,Sacramento State,away,NR,67,L
2077,2025-11-21-Sacramento State-vs-California-m,2025-11-21,California,home,NR,91,W
2078,2025-11-21-Southern-vs-San Jose State-m,2025-11-21,Southern,away,NR,66,L
2079,2025-11-21-Southern-vs-San Jose State-m,2025-11-21,San Jose State,home,NR,80,W
2080,2025-11-21-Regent-vs-William & Mary-m,2025-11-21,Regent,away,NR,57,L
2081,2025-11-21-Regent-vs-William & Mary-m,2025-11-21,William & Mary,home,NR,104,W
2082,2025-11-21-Green Bay-vs-Yale-m,2025-11-21,Green Bay,away,NR,67,L
2083,2025-11-21-Green Bay-vs-Yale-m,2025-11-21,Yale,home,NR,73,W
2084,2025-11-21-Utah State-vs-Tulane-m,2025-11-21,Utah State,away,NR,96,W
2085,2025-11-21-Utah State-vs-Tulane-m,2025-11-21,Tulane,home,NR,75,L
2086,2025-11-21-IU Indianapolis-vs-Alabama State-m,2025-11-21,IU Indianapolis,away,NR,80,L
2087,2025-11-21-IU Indianapolis-vs-Alabama State-m,2025-11-21,Alabama State,home,NR,101,W
2088,2025-11-21-Butler-vs-South Carolina-m,2025-11-21,Butler,away,NR,79,W
2089,2025-11-21-Butler-vs-South Carolina-m,2025-11-21,South Carolina,home,NR,72,L
2090,2025-11-21-Davidson-vs-Boston College-m,2025-11-21,Davidson,away,NR,59,W
2091,2025-11-21-Davidson-vs-Boston College-m,2025-11-21,Boston College,home,NR,49,L
2092,2025-11-21-UT Arlington-vs-Campbell-m,2025-11-21,UT Arlington,away,NR,67,L
2093,2025-11-21-UT Arlington-vs-Campbell-m,2025-11-21,Campbell,home,NR,71,W
2094,2025-11-21-UMass-vs-College of Charleston-m,2025-11-21,UMass,away,NR,65,L
2095,2025-11-21-UMass-vs-College of Charleston-m,2025-11-21,College of Charleston,home,NR,69,W
2096,2025-11-21-Iona-vs-Akron-m,2025-11-21,Iona,away,NR,75,L
2097,2025-11-21-Iona-vs-Akron-m,2025-11-21,Akron,home,NR,96,W
2098,2025-11-21-Justice College-vs-Idaho State-m,2025-11-21,Justice College,away,NR,51,L
2099,2025-11-21-Justice College-vs-Idaho State-m,2025-11-21,Idaho State,home,NR,89,W
2100,2025-11-21-Northwestern-vs-Virginia-m,2025-11-21,Northwestern,away,NR,78,L
2101,2025-11-21-Northwestern-vs-Virginia-m,2025-11-21,Virginia,home,NR,83,W
2102,2025-11-21-SIU-Edwardsville-vs-Air Force-m,2025-11-21,SIU-Edwardsville,away,NR,63,L
2103,2025-11-21-SIU-Edwardsville-vs-Air Force-m,2025-11-21,Air Force,home,NR,77,W
2104,2025-11-21-Charlotte-vs-Appalachian State-m,2025-11-21,Charlotte,away,NR,63,L
2105,2025-11-21-Charlotte-vs-Appalachian State-m,2025-11-21,Appalachian State,home,NR,65,W
2106,2025-11-21-West Virginia-vs-Clemson-m,2025-11-21,West Virginia,away,NR,67,L
2107,2025-11-21-West Virginia-vs-Clemson-m,2025-11-21,Clemson,home,NR,70,W
2108,2025-11-21-Oakland-vs-Eastern Michigan-m,2025-11-21,Oakland,away,NR,91,L
2109,2025-11-21-Oakland-vs-Eastern Michigan-m,2025-11-21,Eastern Michigan,home,NR,97,W
2110,2025-11-21-Columbia-vs-Lehigh-m,2025-11-21,Columbia,away,NR,82,W
2111,2025-11-21-Columbia-vs-Lehigh-m,2025-11-21,Lehigh,home,NR,67,L
2112,2025-11-21-Fisk-vs-Belmont-m,2025-11-21,Fisk,away,NR,49,L
2113,2025-11-21-Fisk-vs-Belmont-m,2025-11-21,Belmont,home,NR,96,W
2114,2025-11-21-Maryland-Eastern Shore-vs-Canisius-m,2025-11-21,Maryland-Eastern Shore,away,NR,57,L
2115,2025-11-21-Maryland-Eastern Shore-vs-Canisius-m,2025-11-21,Canisius,home,NR,60,W
2116,2025-11-21-Penn-vs-Drexel-m,2025-11-21,Penn,away,NR,84,W
2117,2025-11-21-Penn-vs-Drexel-m,2025-11-21,Drexel,home,NR,68,L
2118,2025-11-21-Charleston Southern-vs-East Carolina-m,2025-11-21,Charleston Southern,away,NR,77,W
2119,2025-11-21-Charleston Southern-vs-East Carolina-m,2025-11-21,East Carolina,home,NR,65,L
2120,2025-11-21-Army-vs-Marist-m,2025-11-21,Army,away,NR,65,L
2121,2025-11-21-Army-vs-Marist-m,2025-11-21,Marist,home,NR,76,W
2122,2025-11-21-Wake Forest-vs-Memphis-m,2025-11-21,Wake Forest,away,NR,69,W
2123,2025-11-21-Wake Forest-vs-Memphis-m,2025-11-21,Memphis,home,NR,68,L
2124,2025-11-21-New Mexico-vs-Mississippi State-m,2025-11-21,New Mexico,away,NR,80,W
2125,2025-11-21-New Mexico-vs-Mississippi State-m,2025-11-21,Mississippi State,home,NR,78,L
2126,2025-11-21-Northern Colorado-vs-St. Thomas-m,2025-11-21,Northern Colorado,away,NR,72,L
2127,2025-11-21-Northern Colorado-vs-St. Thomas-m,2025-11-21,St. Thomas,home,NR,73,W
2128,2025-11-21-Morgan State-vs-Old Dominion-m,2025-11-21,Morgan State,away,NR,56,L
2129,2025-11-21-Morgan State-vs-Old Dominion-m,2025-11-21,Old Dominion,home,NR,88,W
2130,2025-11-21-UNC Wilmington-vs-Radford-m,2025-11-21,UNC Wilmington,away,NR,81,W
2131,2025-11-21-UNC Wilmington-vs-Radford-m,2025-11-21,Radford,home,NR,73,L
2132,2025-11-21-Holy Cross-vs-Sacred Heart-m,2025-11-21,Holy Cross,away,NR,66,L
2133,2025-11-21-Holy Cross-vs-Sacred Heart-m,2025-11-21,Sacred Heart,home,NR,79,W
2134,2025-11-21-Albany (NY)-vs-Siena-m,2025-11-21,Albany (NY),away,NR,63,L
2135,2025-11-21-Albany (NY)-vs-Siena-m,2025-11-21,Siena,home,NR,73,W
2136,2025-11-21-Coastal Carolina-vs-Western Illinois-m,2025-11-21,Coastal Carolina,away,NR,84,W
2137,2025-11-21-Coastal Carolina-vs-Western Illinois-m,2025-11-21,Western Illinois,home,NR,64,L
2138,2025-11-21-Grambling-vs-California Baptist-m,2025-11-21,Grambling,away,NR,59,L
2139,2025-11-21-Grambling-vs-California Baptist-m,2025-11-21,California Baptist,home,NR,72,W
2140,2025-11-21-Omaha-vs-LSU-m,2025-11-21,Omaha,away,NR,73,L
2141,2025-11-21-Omaha-vs-LSU-m,2025-11-21,LSU,home,NR,99,W
2142,2025-11-21-Northern Illinois-vs-Loyola (IL)-m,2025-11-21,Northern Illinois,away,NR,76,W
2143,2025-11-21-Northern Illinois-vs-Loyola (IL)-m,2025-11-21,Loyola (IL),home,NR,59,L
2144,2025-11-21-Hampton-vs-Norfolk State-m,2025-11-21,Hampton,away,NR,60,L
2145,2025-11-21-Hampton-vs-Norfolk State-m,2025-11-21,Norfolk State,home,NR,62,W
2146,2025-11-21-Evansville-vs-Oregon State-m,2025-11-21,Evansville,away,NR,73,W
2147,2025-11-21-Evansville-vs-Oregon State-m,2025-11-21,Oregon State,home,NR,69,L
2148,2025-11-21-Purdue Fort Wayne-vs-Saint Louis-m,2025-11-21,Purdue Fort Wayne,away,NR,60,L
2149,2025-11-21-Purdue Fort Wayne-vs-Saint Louis-m,2025-11-21,Saint Louis,home,NR,91,W
2150,2025-11-21-Georgia State-vs-South Dakota State-m,2025-11-21,Georgia State,away,NR,58,L
2151,2025-11-21-Georgia State-vs-South Dakota State-m,2025-11-21,South Dakota State,home,NR,105,W
2152,2025-11-21-Arkansas State-vs-SMU-m,2025-11-21,Arkansas State,away,NR,69,L
2153,2025-11-21-Arkansas State-vs-SMU-m,2025-11-21,SMU,home,NR,100,W
2154,2025-11-21-Manhattan-vs-Texas A&M-m,2025-11-21,Manhattan,away,NR,68,L
2155,2025-11-21-Manhattan-vs-Texas A&M-m,2025-11-21,Texas A&M,home,NR,109,W
2156,2025-11-21-Little Rock-vs-Texas State-m,2025-11-21,Little Rock,away,NR,56,L
2157,2025-11-21-Little Rock-vs-Texas State-m,2025-11-21,Texas State,home,NR,65,W
2158,2025-11-21-Austin Peay-vs-Tulsa-m,2025-11-21,Austin Peay,away,NR,75,L
2159,2025-11-21-Austin Peay-vs-Tulsa-m,2025-11-21,Tulsa,home,NR,84,W
2160,2025-11-21-Nobel University-vs-Utah Tech-m,2025-11-21,Nobel University,away,NR,48,L
2161,2025-11-21-Nobel University-vs-Utah Tech-m,2025-11-21,Utah Tech,home,NR,96,W
2162,2025-11-21-New Orleans-vs-Fresno State-m,2025-11-21,New Orleans,away,NR,76,L
2163,2025-11-21-New Orleans-vs-Fresno State-m,2025-11-21,Fresno State,home,NR,85,W
2164,2025-11-21-Georgia-vs-Xavier-m,2025-11-21,Georgia,away,NR,78,W
2165,2025-11-21-Georgia-vs-Xavier-m,2025-11-21,Xavier,home,NR,77,L
2166,2025-11-21-Northwestern State-vs-Grand Canyon-m,2025-11-21,Northwestern State,away,NR,72,L
2167,2025-11-21-Northwestern State-vs-Grand Canyon-m,2025-11-21,Grand Canyon,home,NR,85,W
2168,2025-11-21-Nebraska-vs-Kansas State-m,2025-11-21,Nebraska,away,NR,86,W
2169,2025-11-21-Nebraska-vs-Kansas State-m,2025-11-21,Kansas State,home,NR,85,L
2170,2025-11-21-Samford-vs-New Mexico State-m,2025-11-21,Samford,away,NR,72,L
2171,2025-11-21-Samford-vs-New Mexico State-m,2025-11-21,New Mexico State,home,NR,81,W
2172,2025-11-21-Stephen F. Austin-vs-Pepperdine-m,2025-11-21,Stephen F. Austin,away,NR,63,W
2173,2025-11-21-Stephen F. Austin-vs-Pepperdine-m,2025-11-21,Pepperdine,home,NR,60,L
2174,2025-11-21-Cal State Fullerton-vs-Portland-m,2025-11-21,Cal State Fullerton,away,NR,85,L
2175,2025-11-21-Cal State Fullerton-vs-Portland-m,2025-11-21,Portland,home,NR,103,W
2176,2025-11-21-Montana State-vs-Long Beach State-m,2025-11-21,Montana State,away,NR,78,W
2177,2025-11-21-Montana State-vs-Long Beach State-m,2025-11-21,Long Beach State,home,NR,72,L
2178,2025-11-21-UC-Riverside-vs-San Diego-m,2025-11-21,UC-Riverside,away,NR,85,W
2179,2025-11-21-UC-Riverside-vs-San Diego-m,2025-11-21,San Diego,home,NR,71,L
2180,2025-11-21-Louisiana-vs-Santa Clara-m,2025-11-21,Louisiana,away,NR,43,L
2181,2025-11-21-Louisiana-vs-Santa Clara-m,2025-11-21,Santa Clara,home,NR,80,W
2182,2025-11-21-Seattle-vs-Stanford-m,2025-11-21,Seattle,away,NR,77,W
2183,2025-11-21-Seattle-vs-Stanford-m,2025-11-21,Stanford,home,NR,69,L
2184,2025-11-22-LIU-vs-Illinois-m,2025-11-22,LIU,away,NR,58,L
2185,2025-11-22-LIU-vs-Illinois-m,2025-11-22,Illinois,home, 8 ,98,W
2186,2025-11-22-North Carolina Central-vs-Dayton-m,2025-11-22,North Carolina Central,away,NR,55,L
2187,2025-11-22-North Carolina Central-vs-Dayton-m,2025-11-22,Dayton,home,NR,74,W
2188,2025-11-22-Mercer-vs-Eastern Kentucky-m,2025-11-22,Mercer,away,NR,95,W
2189,2025-11-22-Mercer-vs-Eastern Kentucky-m,2025-11-22,Eastern Kentucky,home,NR,83,L
2190,2025-11-22-Ball State-vs-Indiana State-m,2025-11-22,Ball State,away,NR,52,L
2191,2025-11-22-Ball State-vs-Indiana State-m,2025-11-22,Indiana State,home,NR,70,W
2192,2025-11-22-Gardner-Webb-vs-Richmond-m,2025-11-22,Gardner-Webb,away,NR,67,L
2193,2025-11-22-Gardner-Webb-vs-Richmond-m,2025-11-22,Richmond,home,NR,102,W
2194,2025-11-22-VMI-vs-Stetson-m,2025-11-22,VMI,away,NR,80,L
2195,2025-11-22-VMI-vs-Stetson-m,2025-11-22,Stetson,home,NR,99,W
2196,2025-11-22-Coppin State-vs-VCU-m,2025-11-22,Coppin State,away,NR,58,L
2197,2025-11-22-Coppin State-vs-VCU-m,2025-11-22,VCU,home,NR,101,W
2198,2025-11-22-Western Carolina-vs-Lipscomb-m,2025-11-22,Western Carolina,away,NR,62,L
2199,2025-11-22-Western Carolina-vs-Lipscomb-m,2025-11-22,Lipscomb,home,NR,83,W
2200,2025-11-22-UT-Martin-vs-Prairie View-m,2025-11-22,UT-Martin,away,NR,69,W
2201,2025-11-22-UT-Martin-vs-Prairie View-m,2025-11-22,Prairie View,home,NR,68,L
2202,2025-11-22-Milwaukee-vs-Wichita State-m,2025-11-22,Milwaukee,away,NR,58,L
2203,2025-11-22-Milwaukee-vs-Wichita State-m,2025-11-22,Wichita State,home,NR,75,W
2204,2025-11-22-UCSB-vs-Nevada-m,2025-11-22,UCSB,away,NR,64,L
2205,2025-11-22-UCSB-vs-Nevada-m,2025-11-22,Nevada,home,NR,77,W
2206,2025-11-22-Wagner-vs-Georgetown-m,2025-11-22,Wagner,away,NR,75,L
2207,2025-11-22-Wagner-vs-Georgetown-m,2025-11-22,Georgetown,home,NR,92,W
2208,2025-11-22-NJIT-vs-Navy-m,2025-11-22,NJIT,away,NR,70,L
2209,2025-11-22-NJIT-vs-Navy-m,2025-11-22,Navy,home,NR,86,W
2210,2025-11-22-Harvard-vs-Boston University-m,2025-11-22,Harvard,away,NR,74,L
2211,2025-11-22-Harvard-vs-Boston University-m,2025-11-22,Boston University,home,NR,75,W
2212,2025-11-22-Fairfield-vs-Le Moyne-m,2025-11-22,Fairfield,away,NR,97,W
2213,2025-11-22-Fairfield-vs-Le Moyne-m,2025-11-22,Le Moyne,home,NR,83,L
2214,2025-11-22-VTSU Lyndon-vs-New Haven-m,2025-11-22,VTSU Lyndon,away,NR,51,L
2215,2025-11-22-VTSU Lyndon-vs-New Haven-m,2025-11-22,New Haven,home,NR,122,W
2216,2025-11-22-Cleveland State-vs-Kent State-m,2025-11-22,Cleveland State,away,NR,71,L
2217,2025-11-22-Cleveland State-vs-Kent State-m,2025-11-22,Kent State,home,NR,91,W
2218,2025-11-22-Central Michigan-vs-Marquette-m,2025-11-22,Central Michigan,away,NR,71,L
2219,2025-11-22-Central Michigan-vs-Marquette-m,2025-11-22,Marquette,home,NR,85,W
2220,2025-11-22-UMass-Lowell-vs-St. Peter's-m,2025-11-22,UMass-Lowell,away,NR,66,L
2221,2025-11-22-UMass-Lowell-vs-St. Peter's-m,2025-11-22,St. Peter's,home,NR,68,W
2222,2025-11-22-Howard Payne-vs-Texas A&M-Corpus Christi-m,2025-11-22,Howard Payne,away,NR,75,L
2223,2025-11-22-Howard Payne-vs-Texas A&M-Corpus Christi-m,2025-11-22,Texas A&M-Corpus Christi,home,NR,122,W
2224,2025-11-22-Maryland-Eastern Shore-vs-Binghamton-m,2025-11-22,Maryland-Eastern Shore,away,NR,63,W
2225,2025-11-22-Maryland-Eastern Shore-vs-Binghamton-m,2025-11-22,Binghamton,home,NR,52,L
2226,2025-11-22-Green Bay-vs-UMass-m,2025-11-22,Green Bay,away,NR,79,W
2227,2025-11-22-Green Bay-vs-UMass-m,2025-11-22,UMass,home,NR,75,L
2228,2025-11-22-Nicholls State-vs-Oklahoma State-m,2025-11-22,Nicholls State,away,NR,81,L
2229,2025-11-22-Nicholls State-vs-Oklahoma State-m,2025-11-22,Oklahoma State,home,NR,95,W
2230,2025-11-22-Schreiner-vs-Sam Houston-m,2025-11-22,Schreiner,away,NR,54,L
2231,2025-11-22-Schreiner-vs-Sam Houston-m,2025-11-22,Sam Houston,home,NR,105,W
2232,2025-11-22-Mississippi Valley State-vs-Cal State Bakersfield-m,2025-11-22,Mississippi Valley State,away,NR,70,L
2233,2025-11-22-Mississippi Valley State-vs-Cal State Bakersfield-m,2025-11-22,Cal State Bakersfield,home,NR,86,W
2234,2025-11-22-North Alabama-vs-Chattanooga-m,2025-11-22,North Alabama,away,NR,57,L
2235,2025-11-22-North Alabama-vs-Chattanooga-m,2025-11-22,Chattanooga,home,NR,71,W
2236,2025-11-22-Northeastern-vs-Duquesne-m,2025-11-22,Northeastern,away,NR,93,W
2237,2025-11-22-Northeastern-vs-Duquesne-m,2025-11-22,Duquesne,home,NR,86,L
2238,2025-11-22-Niagara-vs-Howard-m,2025-11-22,Niagara,away,NR,70,L
2239,2025-11-22-Niagara-vs-Howard-m,2025-11-22,Howard,home,NR,80,W
2240,2025-11-22-Providence-vs-Penn State-m,2025-11-22,Providence,away,NR,77,W
2241,2025-11-22-Providence-vs-Penn State-m,2025-11-22,Penn State,home,NR,65,L
2242,2025-11-22-St. Thomas-vs-Cal State Fullerton-m,2025-11-22,St. Thomas,away,NR,80,L
2243,2025-11-22-St. Thomas-vs-Cal State Fullerton-m,2025-11-22,Cal State Fullerton,home,NR,88,W
2244,2025-11-22-Southern Indiana-vs-UIC-m,2025-11-22,Southern Indiana,away,NR,73,L
2245,2025-11-22-Southern Indiana-vs-UIC-m,2025-11-22,UIC,home,NR,84,W
2246,2025-11-22-Lancaster Bible-vs-La Salle-m,2025-11-22,Lancaster Bible,away,NR,46,L
2247,2025-11-22-Lancaster Bible-vs-La Salle-m,2025-11-22,La Salle,home,NR,75,W
2248,2025-11-22-San Francisco-vs-Minnesota-m,2025-11-22,San Francisco,away,NR,77,W
2249,2025-11-22-San Francisco-vs-Minnesota-m,2025-11-22,Minnesota,home,NR,65,L
2250,2025-11-22-Texas-Rio Grande Valley-vs-Missouri State-m,2025-11-22,Texas-Rio Grande Valley,away,NR,67,L
2251,2025-11-22-Texas-Rio Grande Valley-vs-Missouri State-m,2025-11-22,Missouri State,home,NR,74,W
2252,2025-11-22-Iona-vs-Oregon State-m,2025-11-22,Iona,away,NR,91,W
2253,2025-11-22-Iona-vs-Oregon State-m,2025-11-22,Oregon State,home,NR,84,L
2254,2025-11-22-Coastal Carolina-vs-North Dakota-m,2025-11-22,Coastal Carolina,away,NR,75,W
2255,2025-11-22-Coastal Carolina-vs-North Dakota-m,2025-11-22,North Dakota,home,NR,58,L
2256,2025-11-22-Incarnate Word-vs-High Point-m,2025-11-22,Incarnate Word,away,NR,80,L
2257,2025-11-22-Incarnate Word-vs-High Point-m,2025-11-22,High Point,home,NR,91,W
2258,2025-11-22-Morehead State-vs-Louisiana-Monroe-m,2025-11-22,Morehead State,away,NR,83,W
2259,2025-11-22-Morehead State-vs-Louisiana-Monroe-m,2025-11-22,Louisiana-Monroe,home,NR,80,L
2260,2025-11-22-North Florida-vs-Southern Miss-m,2025-11-22,North Florida,away,NR,83,L
2261,2025-11-22-North Florida-vs-Southern Miss-m,2025-11-22,Southern Miss,home,NR,92,W
2262,2025-11-22-Northern Colorado-vs-Portland-m,2025-11-22,Northern Colorado,away,NR,86,W
2263,2025-11-22-Northern Colorado-vs-Portland-m,2025-11-22,Portland,home,NR,80,L
2264,2025-11-22-Nobel University-vs-Southern Utah-m,2025-11-22,Nobel University,away,NR,68,L
2265,2025-11-22-Nobel University-vs-Southern Utah-m,2025-11-22,Southern Utah,home,NR,103,W
2266,2025-11-22-Eastern Oregon-vs-Idaho-m,2025-11-22,Eastern Oregon,away,NR,68,L
2267,2025-11-22-Eastern Oregon-vs-Idaho-m,2025-11-22,Idaho,home,NR,97,W
2268,2025-11-22-UT Arlington-vs-Weber State-m,2025-11-22,UT Arlington,away,NR,74,W
2269,2025-11-22-UT Arlington-vs-Weber State-m,2025-11-22,Weber State,home,NR,73,L
2270,2025-11-22-Northern Iowa-vs-UC-Irvine-m,2025-11-22,Northern Iowa,away,NR,70,W
2271,2025-11-22-Northern Iowa-vs-UC-Irvine-m,2025-11-22,UC-Irvine,home,NR,69,L
2272,2025-11-22-UC Merced-vs-Saint Mary's-m,2025-11-22,UC Merced,away,NR,42,L
2273,2025-11-22-UC Merced-vs-Saint Mary's-m,2025-11-22,Saint Mary's,home,NR,96,W
2274,2025-11-23-Bryant-vs-UConn-m,2025-11-23,Bryant,away,NR,49,L
2275,2025-11-23-Bryant-vs-UConn-m,2025-11-23,UConn,home, 3 ,72,W
2276,2025-11-23-Howard-vs-Duke-m,2025-11-23,Howard,away,NR,56,L
2277,2025-11-23-Howard-vs-Duke-m,2025-11-23,Duke,home, 5 ,93,W
2278,2025-11-23-Louisiana-Monroe-vs-ETSU-m,2025-11-23,Louisiana-Monroe,away,NR,55,L
2279,2025-11-23-Louisiana-Monroe-vs-ETSU-m,2025-11-23,ETSU,home,NR,97,W
2280,2025-11-23-Queens (NC)-vs-Furman-m,2025-11-23,Queens (NC),away,NR,79,L
2281,2025-11-23-Queens (NC)-vs-Furman-m,2025-11-23,Furman,home,NR,90,W
2282,2025-11-23-West Georgia-vs-Georgia Tech-m,2025-11-23,West Georgia,away,NR,66,L
2283,2025-11-23-West Georgia-vs-Georgia Tech-m,2025-11-23,Georgia Tech,home,NR,82,W
2284,2025-11-23-Coastal Carolina-vs-Illinois State-m,2025-11-23,Coastal Carolina,away,NR,42,L
2285,2025-11-23-Coastal Carolina-vs-Illinois State-m,2025-11-23,Illinois State,home,NR,94,W
2286,2025-11-23-Delaware State-vs-Miami (FL)-m,2025-11-23,Delaware State,away,NR,41,L
2287,2025-11-23-Delaware State-vs-Miami (FL)-m,2025-11-23,Miami (FL),home,NR,97,W
2288,2025-11-23-Quinnipiac-vs-Pitt-m,2025-11-23,Quinnipiac,away,NR,83,W
2289,2025-11-23-Quinnipiac-vs-Pitt-m,2025-11-23,Pitt,home,NR,75,L
2290,2025-11-23-Detroit Mercy-vs-DePaul-m,2025-11-23,Detroit Mercy,away,NR,75,L
2291,2025-11-23-Detroit Mercy-vs-DePaul-m,2025-11-23,DePaul,home,NR,95,W
2292,2025-11-23-Winthrop-vs-Jackson State-m,2025-11-23,Winthrop,away,NR,80,W
2293,2025-11-23-Winthrop-vs-Jackson State-m,2025-11-23,Jackson State,home,NR,62,L
2294,2025-11-23-Lamar-vs-Montana-m,2025-11-23,Lamar,away,NR,68,W
2295,2025-11-23-Lamar-vs-Montana-m,2025-11-23,Montana,home,NR,63,L
2296,2025-11-23-Norfolk State-vs-Wyoming-m,2025-11-23,Norfolk State,away,NR,67,L
2297,2025-11-23-Norfolk State-vs-Wyoming-m,2025-11-23,Wyoming,home,NR,75,W
2298,2025-11-23-Alabama State-vs-SIU-Edwardsville-m,2025-11-23,Alabama State,away,NR,68,L
2299,2025-11-23-Alabama State-vs-SIU-Edwardsville-m,2025-11-23,SIU-Edwardsville,home,NR,83,W
2300,2025-11-23-Binghamton-vs-Canisius-m,2025-11-23,Binghamton,away,NR,66,L
2301,2025-11-23-Binghamton-vs-Canisius-m,2025-11-23,Canisius,home,NR,75,W
2302,2025-11-23-Clemson-vs-Georgia-m,2025-11-23,Clemson,away,NR,97,W
2303,2025-11-23-Clemson-vs-Georgia-m,2025-11-23,Georgia,home,NR,94,L
2304,2025-11-23-Arkansas-Pine Bluff-vs-Miami (OH)-m,2025-11-23,Arkansas-Pine Bluff,away,NR,84,L
2305,2025-11-23-Arkansas-Pine Bluff-vs-Miami (OH)-m,2025-11-23,Miami (OH),home,NR,111,W
2306,2025-11-23-Cal State Fullerton-vs-Northern Colorado-m,2025-11-23,Cal State Fullerton,away,NR,93,L
2307,2025-11-23-Cal State Fullerton-vs-Northern Colorado-m,2025-11-23,Northern Colorado,home,NR,97,W
2308,2025-11-23-Eastern Washington-vs-Central Arkansas-m,2025-11-23,Eastern Washington,away,NR,65,L
2309,2025-11-23-Eastern Washington-vs-Central Arkansas-m,2025-11-23,Central Arkansas,home,NR,92,W
2310,2025-11-23-Shaw-vs-Charlotte-m,2025-11-23,Shaw,away,NR,79,L
2311,2025-11-23-Shaw-vs-Charlotte-m,2025-11-23,Charlotte,home,NR,83,W
2312,2025-11-23-Longwood-vs-Columbia-m,2025-11-23,Longwood,away,NR,70,L
2313,2025-11-23-Longwood-vs-Columbia-m,2025-11-23,Columbia,home,NR,95,W
2314,2025-11-23-Old Dominion-vs-Drexel-m,2025-11-23,Old Dominion,away,NR,71,L
2315,2025-11-23-Old Dominion-vs-Drexel-m,2025-11-23,Drexel,home,NR,75,W
2316,2025-11-23-Brown-vs-Maine-m,2025-11-23,Brown,away,NR,58,W
2317,2025-11-23-Brown-vs-Maine-m,2025-11-23,Maine,home,NR,53,L
2318,2025-11-23-Prairie View-vs-North Florida-m,2025-11-23,Prairie View,away,NR,85,W
2319,2025-11-23-Prairie View-vs-North Florida-m,2025-11-23,North Florida,home,NR,82,L
2320,2025-11-23-Alcorn State-vs-Oklahoma-m,2025-11-23,Alcorn State,away,NR,53,L
2321,2025-11-23-Alcorn State-vs-Oklahoma-m,2025-11-23,Oklahoma,home,NR,72,W
2322,2025-11-23-South Carolina State-vs-South Dakota-m,2025-11-23,South Carolina State,away,NR,81,L
2323,2025-11-23-South Carolina State-vs-South Dakota-m,2025-11-23,South Dakota,home,NR,82,W
2324,2025-11-23-Butler-vs-Virginia-m,2025-11-23,Butler,away,NR,80,W
2325,2025-11-23-Butler-vs-Virginia-m,2025-11-23,Virginia,home,NR,73,L
2326,2025-11-23-Southern Illinois-vs-Delaware-m,2025-11-23,Southern Illinois,away,NR,79,W
2327,2025-11-23-Southern Illinois-vs-Delaware-m,2025-11-23,Delaware,home,NR,59,L
2328,2025-11-23-Robert Morris-vs-Monmouth-m,2025-11-23,Robert Morris,away,NR,70,L
2329,2025-11-23-Robert Morris-vs-Monmouth-m,2025-11-23,Monmouth,home,NR,71,W
2330,2025-11-23-Mount St. Mary's-vs-Western Michigan-m,2025-11-23,Mount St. Mary's,away,NR,60,L
2331,2025-11-23-Mount St. Mary's-vs-Western Michigan-m,2025-11-23,Western Michigan,home,NR,83,W
2332,2025-11-23-West Virginia-vs-Xavier-m,2025-11-23,West Virginia,away,NR,68,L
2333,2025-11-23-West Virginia-vs-Xavier-m,2025-11-23,Xavier,home,NR,78,W
2334,2025-11-23-St. Thomas-vs-Portland-m,2025-11-23,St. Thomas,away,NR,76,W
2335,2025-11-23-St. Thomas-vs-Portland-m,2025-11-23,Portland,home,NR,66,L
2336,2025-11-23-IU Indianapolis-vs-Air Force-m,2025-11-23,IU Indianapolis,away,NR,85,L
2337,2025-11-23-IU Indianapolis-vs-Air Force-m,2025-11-23,Air Force,home,NR,98,W
2338,2025-11-23-Yale-vs-College of Charleston-m,2025-11-23,Yale,away,NR,74,W
2339,2025-11-23-Yale-vs-College of Charleston-m,2025-11-23,College of Charleston,home,NR,63,L
2340,2025-11-23-McNeese State-vs-George Washington-m,2025-11-23,McNeese State,away,NR,92,W
2341,2025-11-23-McNeese State-vs-George Washington-m,2025-11-23,George Washington,home,NR,86,L
2342,2025-11-23-Youngstown State-vs-UNC Greensboro-m,2025-11-23,Youngstown State,away,NR,62,L
2343,2025-11-23-Youngstown State-vs-UNC Greensboro-m,2025-11-23,UNC Greensboro,home,NR,68,W
2344,2025-11-23-Northwestern-vs-South Carolina-m,2025-11-23,Northwestern,away,NR,79,W
2345,2025-11-23-Northwestern-vs-South Carolina-m,2025-11-23,South Carolina,home,NR,77,L
2346,2025-11-23-UT-Martin-vs-Southern Miss-m,2025-11-23,UT-Martin,away,NR,60,L
2347,2025-11-23-UT-Martin-vs-Southern Miss-m,2025-11-23,Southern Miss,home,NR,70,W
2348,2025-11-23-Tulane-vs-Boston College-m,2025-11-23,Tulane,away,NR,93,W
2349,2025-11-23-Tulane-vs-Boston College-m,2025-11-23,Boston College,home,NR,90,L
2350,2025-11-23-Mercyhurst-vs-Marshall-m,2025-11-23,Mercyhurst,away,NR,60,L
2351,2025-11-23-Mercyhurst-vs-Marshall-m,2025-11-23,Marshall,home,NR,69,W
2352,2025-11-23-Murray State-vs-Middle Tennessee-m,2025-11-23,Murray State,away,NR,87,L
2353,2025-11-23-Murray State-vs-Middle Tennessee-m,2025-11-23,Middle Tennessee,home,NR,90,W
2354,2025-11-23-North Dakota-vs-Western Illinois-m,2025-11-23,North Dakota,away,NR,78,W
2355,2025-11-23-North Dakota-vs-Western Illinois-m,2025-11-23,Western Illinois,home,NR,69,L
2356,2025-11-23-Akron-vs-Evansville-m,2025-11-23,Akron,away,NR,97,W
2357,2025-11-23-Akron-vs-Evansville-m,2025-11-23,Evansville,home,NR,59,L
2358,2025-11-23-Utah State-vs-Davidson-m,2025-11-23,Utah State,away,NR,94,W
2359,2025-11-23-Utah State-vs-Davidson-m,2025-11-23,Davidson,home,NR,60,L
2360,2025-11-24-Denver-vs-Arizona-m,2025-11-24,Denver,away,NR,73,L
2361,2025-11-24-Denver-vs-Arizona-m,2025-11-24,Arizona,home, 2 ,103,W
2362,2025-11-24-Syracuse-vs-Houston-m,2025-11-24,Syracuse,away,NR,74,L
2363,2025-11-24-Syracuse-vs-Houston-m,2025-11-24,Houston,home, 3 ,78,W
2364,2025-11-24-Eastern Michigan-vs-Louisville-m,2025-11-24,Eastern Michigan,away,NR,46,L
2365,2025-11-24-Eastern Michigan-vs-Louisville-m,2025-11-24,Louisville,home, 6 ,87,W
2366,2025-11-24-San Diego State-vs-Michigan-m,2025-11-24,San Diego State,away,NR,54,L
2367,2025-11-24-San Diego State-vs-Michigan-m,2025-11-24,Michigan,home, 7 ,94,W
2368,2025-11-24-Gonzaga-vs-Alabama-m,2025-11-24,Gonzaga,away, 12 ,95,W
2369,2025-11-24-Gonzaga-vs-Alabama-m,2025-11-24,Alabama,home, 8 ,85,L
2370,2025-11-24-Texas-Rio Grande Valley-vs-Illinois-m,2025-11-24,Texas-Rio Grande Valley,away,NR,73,L
2371,2025-11-24-Texas-Rio Grande Valley-vs-Illinois-m,2025-11-24,Illinois,home, 13 ,87,W
2372,2025-11-24-Iowa State-vs-St. John's (NY)-m,2025-11-24,Iowa State,away, 15 ,83,W
2373,2025-11-24-Iowa State-vs-St. John's (NY)-m,2025-11-24,St. John's (NY),home, 14 ,82,L
2374,2025-11-24-Rutgers-vs-Tennessee-m,2025-11-24,Rutgers,away,NR,60,L
2375,2025-11-24-Rutgers-vs-Tennessee-m,2025-11-24,Tennessee,home, 17 ,85,W
2376,2025-11-24-Auburn-vs-Oregon-m,2025-11-24,Auburn,away, 21 ,84,W
2377,2025-11-24-Auburn-vs-Oregon-m,2025-11-24,Oregon,home,NR,73,L
2378,2025-11-24-Seton Hall-vs-NC State-m,2025-11-24,Seton Hall,away,NR,85,W
2379,2025-11-24-Seton Hall-vs-NC State-m,2025-11-24,NC State,home, 23 ,74,L
2380,2025-11-24-NJIT-vs-Cincinnati-m,2025-11-24,NJIT,away,NR,67,L
2381,2025-11-24-NJIT-vs-Cincinnati-m,2025-11-24,Cincinnati,home,NR,94,W
2382,2025-11-24-Bellarmine-vs-The Citadel-m,2025-11-24,Bellarmine,away,NR,70,W
2383,2025-11-24-Bellarmine-vs-The Citadel-m,2025-11-24,The Citadel,home,NR,58,L
2384,2025-11-24-James Madison-vs-Florida International-m,2025-11-24,James Madison,away,NR,80,W
2385,2025-11-24-James Madison-vs-Florida International-m,2025-11-24,Florida International,home,NR,72,L
2386,2025-11-24-Siena-vs-Holy Cross-m,2025-11-24,Siena,away,NR,73,W
2387,2025-11-24-Siena-vs-Holy Cross-m,2025-11-24,Holy Cross,home,NR,69,L
2388,2025-11-24-Stony Brook-vs-Pacific-m,2025-11-24,Stony Brook,away,NR,58,L
2389,2025-11-24-Stony Brook-vs-Pacific-m,2025-11-24,Pacific,home,NR,86,W
2390,2025-11-24-UAB-vs-Southern Illinois-m,2025-11-24,UAB,away,NR,81,W
2391,2025-11-24-UAB-vs-Southern Illinois-m,2025-11-24,Southern Illinois,home,NR,73,L
2392,2025-11-24-Oakland-vs-Lamar-m,2025-11-24,Oakland,away,NR,83,W
2393,2025-11-24-Oakland-vs-Lamar-m,2025-11-24,Lamar,home,NR,68,L
2394,2025-11-24-Louisiana-vs-UC-Davis-m,2025-11-24,Louisiana,away,NR,56,L
2395,2025-11-24-Louisiana-vs-UC-Davis-m,2025-11-24,UC-Davis,home,NR,77,W
2396,2025-11-24-Toledo-vs-Troy-m,2025-11-24,Toledo,away,NR,75,W
2397,2025-11-24-Toledo-vs-Troy-m,2025-11-24,Troy,home,NR,68,L
2398,2025-11-24-Rhode Island-vs-Towson-m,2025-11-24,Rhode Island,away,NR,55,L
2399,2025-11-24-Rhode Island-vs-Towson-m,2025-11-24,Towson,home,NR,62,W
2400,2025-11-24-Bucknell-vs-Bowling Green-m,2025-11-24,Bucknell,away,NR,66,L
2401,2025-11-24-Bucknell-vs-Bowling Green-m,2025-11-24,Bowling Green,home,NR,71,W
2402,2025-11-24-East Texas A&M-vs-FDU-m,2025-11-24,East Texas A&M,away,NR,70,W
2403,2025-11-24-East Texas A&M-vs-FDU-m,2025-11-24,FDU,home,NR,65,L
2404,2025-11-24-UMass-vs-Oregon State-m,2025-11-24,UMass,away,NR,73,W
2405,2025-11-24-UMass-vs-Oregon State-m,2025-11-24,Oregon State,home,NR,65,L
2406,2025-11-24-Liberty-vs-Vermont-m,2025-11-24,Liberty,away,NR,79,W
2407,2025-11-24-Liberty-vs-Vermont-m,2025-11-24,Vermont,home,NR,73,L
2408,2025-11-24-Creighton-vs-Baylor-m,2025-11-24,Creighton,away,NR,74,L
2409,2025-11-24-Creighton-vs-Baylor-m,2025-11-24,Baylor,home,NR,81,W
2410,2025-11-24-Saint Francis (PA)-vs-Belmont-m,2025-11-24,Saint Francis (PA),away,NR,57,L
2411,2025-11-24-Saint Francis (PA)-vs-Belmont-m,2025-11-24,Belmont,home,NR,94,W
2412,2025-11-24-Jacksonville-vs-Bethune-Cookman-m,2025-11-24,Jacksonville,away,NR,69,W
2413,2025-11-24-Jacksonville-vs-Bethune-Cookman-m,2025-11-24,Bethune-Cookman,home,NR,64,L
2414,2025-11-24-USC-vs-Boise State-m,2025-11-24,USC,away,NR,70,W
2415,2025-11-24-USC-vs-Boise State-m,2025-11-24,Boise State,home,NR,67,L
2416,2025-11-24-Buffalo-vs-VMI-m,2025-11-24,Buffalo,away,NR,78,W
2417,2025-11-24-Buffalo-vs-VMI-m,2025-11-24,VMI,home,NR,70,L
2418,2025-11-24-Grambling-vs-UC-Riverside-m,2025-11-24,Grambling,away,NR,74,L
2419,2025-11-24-Grambling-vs-UC-Riverside-m,2025-11-24,UC-Riverside,home,NR,83,W
2420,2025-11-24-Green Bay-vs-Iona-m,2025-11-24,Green Bay,away,NR,80,W
2421,2025-11-24-Green Bay-vs-Iona-m,2025-11-24,Iona,home,NR,75,L
2422,2025-11-24-Notre Dame-vs-Kansas-m,2025-11-24,Notre Dame,away,NR,61,L
2423,2025-11-24-Notre Dame-vs-Kansas-m,2025-11-24,Kansas,home,NR,71,W
2424,2025-11-24-Rice-vs-Kennesaw State-m,2025-11-24,Rice,away,NR,84,L
2425,2025-11-24-Rice-vs-Kennesaw State-m,2025-11-24,Kennesaw State,home,NR,89,W
2426,2025-11-24-Temple-vs-UC-San Diego-m,2025-11-24,Temple,away,NR,76,L
2427,2025-11-24-Temple-vs-UC-San Diego-m,2025-11-24,UC-San Diego,home,NR,91,W
2428,2025-11-24-William & Mary-vs-UTEP-m,2025-11-24,William & Mary,away,NR,74,W
2429,2025-11-24-William & Mary-vs-UTEP-m,2025-11-24,UTEP,home,NR,63,L
2430,2025-11-24-College of Charleston-vs-Evansville-m,2025-11-24,College of Charleston,away,NR,78,W
2431,2025-11-24-College of Charleston-vs-Evansville-m,2025-11-24,Evansville,home,NR,59,L
2432,2025-11-24-Florida Atlantic-vs-Loyola Marymount-m,2025-11-24,Florida Atlantic,away,NR,76,W
2433,2025-11-24-Florida Atlantic-vs-Loyola Marymount-m,2025-11-24,Loyola Marymount,home,NR,65,L
2434,2025-11-24-George Washington-vs-Middle Tennessee-m,2025-11-24,George Washington,away,NR,92,W
2435,2025-11-24-George Washington-vs-Middle Tennessee-m,2025-11-24,Middle Tennessee,home,NR,79,L
2436,2025-11-24-Elon-vs-Appalachian State-m,2025-11-24,Elon,away,NR,88,W
2437,2025-11-24-Elon-vs-Appalachian State-m,2025-11-24,Appalachian State,home,NR,53,L
2438,2025-11-24-George Mason-vs-Ohio-m,2025-11-24,George Mason,away,NR,92,W
2439,2025-11-24-George Mason-vs-Ohio-m,2025-11-24,Ohio,home,NR,69,L
2440,2025-11-24-Georgia Southern-vs-Youngstown State-m,2025-11-24,Georgia Southern,away,NR,61,L
2441,2025-11-24-Georgia Southern-vs-Youngstown State-m,2025-11-24,Youngstown State,home,NR,67,W
2442,2025-11-24-Notre Dame (MD)-vs-UMBC-m,2025-11-24,Notre Dame (MD),away,NR,52,L
2443,2025-11-24-Notre Dame (MD)-vs-UMBC-m,2025-11-24,UMBC,home,NR,102,W
2444,2025-11-24-Marywood-vs-American-m,2025-11-24,Marywood,away,NR,53,L
2445,2025-11-24-Marywood-vs-American-m,2025-11-24,American,home,NR,113,W
2446,2025-11-24-Princeton-vs-Bradley-m,2025-11-24,Princeton,away,NR,64,L
2447,2025-11-24-Princeton-vs-Bradley-m,2025-11-24,Bradley,home,NR,88,W
2448,2025-11-24-Sacred Heart-vs-Central Connecticut-m,2025-11-24,Sacred Heart,away,NR,106,L
2449,2025-11-24-Sacred Heart-vs-Central Connecticut-m,2025-11-24,Central Connecticut,home,NR,108,W
2450,2025-11-24-Oral Roberts-vs-Florida Gulf Coast-m,2025-11-24,Oral Roberts,away,NR,88,L
2451,2025-11-24-Oral Roberts-vs-Florida Gulf Coast-m,2025-11-24,Florida Gulf Coast,home,NR,93,W
2452,2025-11-24-Kansas City-vs-Lindenwood-m,2025-11-24,Kansas City,away,NR,67,L
2453,2025-11-24-Kansas City-vs-Lindenwood-m,2025-11-24,Lindenwood,home,NR,80,W
2454,2025-11-24-McNeese State-vs-Murray State-m,2025-11-24,McNeese State,away,NR,73,W
2455,2025-11-24-McNeese State-vs-Murray State-m,2025-11-24,Murray State,home,NR,60,L
2456,2025-11-24-New Orleans-vs-Mississippi State-m,2025-11-24,New Orleans,away,NR,78,L
2457,2025-11-24-New Orleans-vs-Mississippi State-m,2025-11-24,Mississippi State,home,NR,81,W
2458,2025-11-24-Eastern Kentucky-vs-Northern Kentucky-m,2025-11-24,Eastern Kentucky,away,NR,71,L
2459,2025-11-24-Eastern Kentucky-vs-Northern Kentucky-m,2025-11-24,Northern Kentucky,home,NR,82,W
2460,2025-11-24-Texas Lutheran-vs-Texas State-m,2025-11-24,Texas Lutheran,away,NR,41,L
2461,2025-11-24-Texas Lutheran-vs-Texas State-m,2025-11-24,Texas State,home,NR,93,W
2462,2025-11-24-Yale-vs-Akron-m,2025-11-24,Yale,away,NR,97,W
2463,2025-11-24-Yale-vs-Akron-m,2025-11-24,Akron,home,NR,94,L
2464,2025-11-24-Jacksonville State-vs-Arkansas State-m,2025-11-24,Jacksonville State,away,NR,63,L
2465,2025-11-24-Jacksonville State-vs-Arkansas State-m,2025-11-24,Arkansas State,home,NR,74,W
2466,2025-11-24-LIU-vs-Missouri State-m,2025-11-24,LIU,away,NR,75,W
2467,2025-11-24-LIU-vs-Missouri State-m,2025-11-24,Missouri State,home,NR,61,L
2468,2025-11-24-Cal Poly-vs-Northern Arizona-m,2025-11-24,Cal Poly,away,NR,87,L
2469,2025-11-24-Cal Poly-vs-Northern Arizona-m,2025-11-24,Northern Arizona,home,NR,93,W
2470,2025-11-24-UTSA-vs-Abilene Christian-m,2025-11-24,UTSA,away,NR,50,L
2471,2025-11-24-UTSA-vs-Abilene Christian-m,2025-11-24,Abilene Christian,home,NR,61,W
2472,2025-11-24-Nobel University-vs-UCSB-m,2025-11-24,Nobel University,away,NR,49,L
2473,2025-11-24-Nobel University-vs-UCSB-m,2025-11-24,UCSB,home,NR,84,W
2474,2025-11-24-Radford-vs-SMU-m,2025-11-24,Radford,away,NR,72,L
2475,2025-11-24-Radford-vs-SMU-m,2025-11-24,SMU,home,NR,89,W
2476,2025-11-24-Arizona State-vs-Texas-m,2025-11-24,Arizona State,away,NR,87,W
2477,2025-11-24-Arizona State-vs-Texas-m,2025-11-24,Texas,home,NR,86,L
2478,2025-11-25-Tennessee-vs-Houston-m,2025-11-25,Tennessee,away, 17 ,76,W
2479,2025-11-25-Tennessee-vs-Houston-m,2025-11-25,Houston,home, 3 ,73,L
2480,2025-11-25-Auburn-vs-Michigan-m,2025-11-25,Auburn,away, 21 ,72,L
2481,2025-11-25-Auburn-vs-Michigan-m,2025-11-25,Michigan,home, 7 ,102,W
2482,2025-11-25-Michigan State-vs-East Carolina-m,2025-11-25,Michigan State,away, 11 ,89,W
2483,2025-11-25-Michigan State-vs-East Carolina-m,2025-11-25,East Carolina,home,NR,56,L
2484,2025-11-25-Maryland-vs-Gonzaga-m,2025-11-25,Maryland,away,NR,61,L
2485,2025-11-25-Maryland-vs-Gonzaga-m,2025-11-25,Gonzaga,home, 12 ,100,W
2486,2025-11-25-Baylor-vs-St. John's (NY)-m,2025-11-25,Baylor,away,NR,81,L
2487,2025-11-25-Baylor-vs-St. John's (NY)-m,2025-11-25,St. John's (NY),home, 14 ,96,W
2488,2025-11-25-Creighton-vs-Iowa State-m,2025-11-25,Creighton,away,NR,60,L
2489,2025-11-25-Creighton-vs-Iowa State-m,2025-11-25,Iowa State,home, 15 ,78,W
2490,2025-11-25-St. Bonaventure-vs-UNC-m,2025-11-25,St. Bonaventure,away,NR,70,L
2491,2025-11-25-St. Bonaventure-vs-UNC-m,2025-11-25,UNC,home, 16 ,85,W
2492,2025-11-25-UCLA-vs-California-m,2025-11-25,UCLA,away, 18 ,72,L
2493,2025-11-25-UCLA-vs-California-m,2025-11-25,California,home,NR,80,W
2494,2025-11-25-NC State-vs-Boise State-m,2025-11-25,NC State,away, 23 ,81,W
2495,2025-11-25-NC State-vs-Boise State-m,2025-11-25,Boise State,home,NR,70,L
2496,2025-11-25-Kansas State-vs-Indiana-m,2025-11-25,Kansas State,away,NR,69,L
2497,2025-11-25-Kansas State-vs-Indiana-m,2025-11-25,Indiana,home, 25 ,86,W
2498,2025-11-25-East Texas A&M-vs-Army-m,2025-11-25,East Texas A&M,away,NR,84,W
2499,2025-11-25-East Texas A&M-vs-Army-m,2025-11-25,Army,home,NR,67,L
2500,2025-11-25-Quinnipiac-vs-UCF-m,2025-11-25,Quinnipiac,away,NR,91,L
2501,2025-11-25-Quinnipiac-vs-UCF-m,2025-11-25,UCF,home,NR,102,W
2502,2025-11-25-Adrian-vs-Central Michigan-m,2025-11-25,Adrian,away,NR,67,L
2503,2025-11-25-Adrian-vs-Central Michigan-m,2025-11-25,Central Michigan,home,NR,112,W
2504,2025-11-25-Cal State Bakersfield-vs-Florida State-m,2025-11-25,Cal State Bakersfield,away,NR,59,L
2505,2025-11-25-Cal State Bakersfield-vs-Florida State-m,2025-11-25,Florida State,home,NR,89,W
2506,2025-11-25-Georgia Southern-vs-UTSA-m,2025-11-25,Georgia Southern,away,NR,64,L
2507,2025-11-25-Georgia Southern-vs-UTSA-m,2025-11-25,UTSA,home,NR,77,W
2508,2025-11-25-Hawaii Pacific-vs-Hawaii-m,2025-11-25,Hawaii Pacific,away,NR,76,L
2509,2025-11-25-Hawaii Pacific-vs-Hawaii-m,2025-11-25,Hawaii,home,NR,88,W
2510,2025-11-25-Omaha-vs-James Madison-m,2025-11-25,Omaha,away,NR,77,L
2511,2025-11-25-Omaha-vs-James Madison-m,2025-11-25,James Madison,home,NR,88,W
2512,2025-11-25-UNLV-vs-Maryland-m,2025-11-25,UNLV,away,NR,67,L
2513,2025-11-25-UNLV-vs-Maryland-m,2025-11-25,Maryland,home,NR,74,W
2514,2025-11-25-Mount St. Mary's-vs-Ohio State-m,2025-11-25,Mount St. Mary's,away,NR,60,L
2515,2025-11-25-Mount St. Mary's-vs-Ohio State-m,2025-11-25,Ohio State,home,NR,113,W
2516,2025-11-25-Boston University-vs-Penn State-m,2025-11-25,Boston University,away,NR,87,L
2517,2025-11-25-Boston University-vs-Penn State-m,2025-11-25,Penn State,home,NR,96,W
2518,2025-11-25-Old Dominion-vs-Villanova-m,2025-11-25,Old Dominion,away,NR,75,L
2519,2025-11-25-Old Dominion-vs-Villanova-m,2025-11-25,Villanova,home,NR,89,W
2520,2025-11-25-Campbell-vs-Wake Forest-m,2025-11-25,Campbell,away,NR,51,L
2521,2025-11-25-Campbell-vs-Wake Forest-m,2025-11-25,Wake Forest,home,NR,99,W
2522,2025-11-25-Northern Illinois-vs-Austin Peay-m,2025-11-25,Northern Illinois,away,NR,59,L
2523,2025-11-25-Northern Illinois-vs-Austin Peay-m,2025-11-25,Austin Peay,home,NR,77,W
2524,2025-11-25-Eastern Washington-vs-North Texas-m,2025-11-25,Eastern Washington,away,NR,71,L
2525,2025-11-25-Eastern Washington-vs-North Texas-m,2025-11-25,North Texas,home,NR,79,W
2526,2025-11-25-Southeast Missouri State-vs-Cal Poly-m,2025-11-25,Southeast Missouri State,away,NR,84,W
2527,2025-11-25-Southeast Missouri State-vs-Cal Poly-m,2025-11-25,Cal Poly,home,NR,68,L
2528,2025-11-25-Oakland-vs-Montana-m,2025-11-25,Oakland,away,NR,95,W
2529,2025-11-25-Oakland-vs-Montana-m,2025-11-25,Montana,home,NR,87,L
2530,2025-11-25-Stony Brook-vs-Bethune-Cookman-m,2025-11-25,Stony Brook,away,NR,61,W
2531,2025-11-25-Stony Brook-vs-Bethune-Cookman-m,2025-11-25,Bethune-Cookman,home,NR,54,L
2532,2025-11-25-Towson-vs-Liberty-m,2025-11-25,Towson,away,NR,72,W
2533,2025-11-25-Towson-vs-Liberty-m,2025-11-25,Liberty,home,NR,69,L
2534,2025-11-25-Pacific-vs-Jacksonville-m,2025-11-25,Pacific,away,NR,68,W
2535,2025-11-25-Pacific-vs-Jacksonville-m,2025-11-25,Jacksonville,home,NR,53,L
2536,2025-11-25-UT-Southern-vs-North Alabama-m,2025-11-25,UT-Southern,away,NR,60,L
2537,2025-11-25-UT-Southern-vs-North Alabama-m,2025-11-25,North Alabama,home,NR,92,W
2538,2025-11-25-Notre Dame-vs-Rutgers-m,2025-11-25,Notre Dame,away,NR,68,W
2539,2025-11-25-Notre Dame-vs-Rutgers-m,2025-11-25,Rutgers,home,NR,63,L
2540,2025-11-25-UNC Greensboro-vs-Delaware-m,2025-11-25,UNC Greensboro,away,NR,60,L
2541,2025-11-25-UNC Greensboro-vs-Delaware-m,2025-11-25,Delaware,home,NR,73,W
2542,2025-11-25-Rhode Island-vs-Vermont-m,2025-11-25,Rhode Island,away,NR,80,W
2543,2025-11-25-Rhode Island-vs-Vermont-m,2025-11-25,Vermont,home,NR,65,L
2544,2025-11-25-Samford-vs-Georgia State-m,2025-11-25,Samford,away,NR,78,W
2545,2025-11-25-Samford-vs-Georgia State-m,2025-11-25,Georgia State,home,NR,63,L
2546,2025-11-25-Syracuse-vs-Kansas-m,2025-11-25,Syracuse,away,NR,60,L
2547,2025-11-25-Syracuse-vs-Kansas-m,2025-11-25,Kansas,home,NR,71,W
2548,2025-11-25-Tulsa-vs-San Jose State-m,2025-11-25,Tulsa,away,NR,81,W
2549,2025-11-25-Tulsa-vs-San Jose State-m,2025-11-25,San Jose State,home,NR,51,L
2550,2025-11-25-UTEP-vs-UAB-m,2025-11-25,UTEP,away,NR,59,L
2551,2025-11-25-UTEP-vs-UAB-m,2025-11-25,UAB,home,NR,75,W
2552,2025-11-25-UC-San Diego-vs-Bradley-m,2025-11-25,UC-San Diego,away,NR,87,W
2553,2025-11-25-UC-San Diego-vs-Bradley-m,2025-11-25,Bradley,home,NR,77,L
2554,2025-11-25-Ohio-vs-Loyola Marymount-m,2025-11-25,Ohio,away,NR,58,L
2555,2025-11-25-Ohio-vs-Loyola Marymount-m,2025-11-25,Loyola Marymount,home,NR,70,W
2556,2025-11-25-Middle Tennessee-vs-McNeese State-m,2025-11-25,Middle Tennessee,away,NR,62,L
2557,2025-11-25-Middle Tennessee-vs-McNeese State-m,2025-11-25,McNeese State,home,NR,72,W
2558,2025-11-25-Seton Hall-vs-USC-m,2025-11-25,Seton Hall,away,NR,81,L
2559,2025-11-25-Seton Hall-vs-USC-m,2025-11-25,USC,home,NR,83,W
2560,2025-11-25-Abilene Christian-vs-William & Mary-m,2025-11-25,Abilene Christian,away,NR,58,L
2561,2025-11-25-Abilene Christian-vs-William & Mary-m,2025-11-25,William & Mary,home,NR,92,W
2562,2025-11-25-San Diego-vs-California Baptist-m,2025-11-25,San Diego,away,NR,61,L
2563,2025-11-25-San Diego-vs-California Baptist-m,2025-11-25,California Baptist,home,NR,76,W
2564,2025-11-25-Kennesaw State-vs-Oral Roberts-m,2025-11-25,Kennesaw State,away,NR,83,L
2565,2025-11-25-Kennesaw State-vs-Oral Roberts-m,2025-11-25,Oral Roberts,home,NR,91,W
2566,2025-11-25-Northern Iowa-vs-Loyola (IL)-m,2025-11-25,Northern Iowa,away,NR,72,W
2567,2025-11-25-Northern Iowa-vs-Loyola (IL)-m,2025-11-25,Loyola (IL),home,NR,51,L
2568,2025-11-25-Washington College-vs-Loyola (MD)-m,2025-11-25,Washington College,away,NR,51,L
2569,2025-11-25-Washington College-vs-Loyola (MD)-m,2025-11-25,Loyola (MD),home,NR,101,W
2570,2025-11-25-Drexel-vs-Morgan State-m,2025-11-25,Drexel,away,NR,71,W
2571,2025-11-25-Drexel-vs-Morgan State-m,2025-11-25,Morgan State,home,NR,66,L
2572,2025-11-25-Tennessee State-vs-UNC Asheville-m,2025-11-25,Tennessee State,away,NR,75,W
2573,2025-11-25-Tennessee State-vs-UNC Asheville-m,2025-11-25,UNC Asheville,home,NR,73,L
2574,2025-11-25-Utah Valley-vs-South Dakota State-m,2025-11-25,Utah Valley,away,NR,75,W
2575,2025-11-25-Utah Valley-vs-South Dakota State-m,2025-11-25,South Dakota State,home,NR,52,L
2576,2025-11-25-Bellarmine-vs-Houston Christian-m,2025-11-25,Bellarmine,away,NR,74,W
2577,2025-11-25-Bellarmine-vs-Houston Christian-m,2025-11-25,Houston Christian,home,NR,69,L
2578,2025-11-25-Eastern Illinois-vs-Central Arkansas-m,2025-11-25,Eastern Illinois,away,NR,60,L
2579,2025-11-25-Eastern Illinois-vs-Central Arkansas-m,2025-11-25,Central Arkansas,home,NR,81,W
2580,2025-11-25-Piedmont-vs-Charleston Southern-m,2025-11-25,Piedmont,away,NR,81,L
2581,2025-11-25-Piedmont-vs-Charleston Southern-m,2025-11-25,Charleston Southern,home,NR,93,W
2582,2025-11-25-Waynesburg-vs-Cleveland State-m,2025-11-25,Waynesburg,away,NR,56,L
2583,2025-11-25-Waynesburg-vs-Cleveland State-m,2025-11-25,Cleveland State,home,NR,109,W
2584,2025-11-25-George Mason-vs-Florida Atlantic-m,2025-11-25,George Mason,away,NR,74,W
2585,2025-11-25-George Mason-vs-Florida Atlantic-m,2025-11-25,Florida Atlantic,home,NR,65,L
2586,2025-11-25-Rice-vs-Florida Gulf Coast-m,2025-11-25,Rice,away,NR,63,L
2587,2025-11-25-Rice-vs-Florida Gulf Coast-m,2025-11-25,Florida Gulf Coast,home,NR,78,W
2588,2025-11-25-Murray State-vs-George Washington-m,2025-11-25,Murray State,away,NR,96,W
2589,2025-11-25-Murray State-vs-George Washington-m,2025-11-25,George Washington,home,NR,95,L
2590,2025-11-25-Chicago State-vs-Purdue Fort Wayne-m,2025-11-25,Chicago State,away,NR,77,L
2591,2025-11-25-Chicago State-vs-Purdue Fort Wayne-m,2025-11-25,Purdue Fort Wayne,home,NR,90,W
2592,2025-11-25-Lehigh-vs-Marist-m,2025-11-25,Lehigh,away,NR,55,L
2593,2025-11-25-Lehigh-vs-Marist-m,2025-11-25,Marist,home,NR,78,W
2594,2025-11-25-Hampton-vs-Maryland-Eastern Shore-m,2025-11-25,Hampton,away,NR,74,W
2595,2025-11-25-Hampton-vs-Maryland-Eastern Shore-m,2025-11-25,Maryland-Eastern Shore,home,NR,68,L
2596,2025-11-25-Dominican (IL)-vs-Milwaukee-m,2025-11-25,Dominican (IL),away,NR,70,L
2597,2025-11-25-Dominican (IL)-vs-Milwaukee-m,2025-11-25,Milwaukee,home,NR,125,W
2598,2025-11-25-Salve Regina-vs-New Haven-m,2025-11-25,Salve Regina,away,NR,47,L
2599,2025-11-25-Salve Regina-vs-New Haven-m,2025-11-25,New Haven,home,NR,78,W
2600,2025-11-25-Virginia University of Lynchburg-vs-Norfolk State-m,2025-11-25,Virginia University of Lynchburg,away,NR,79,L
2601,2025-11-25-Virginia University of Lynchburg-vs-Norfolk State-m,2025-11-25,Norfolk State,home,NR,136,W
2602,2025-11-25-Temple-vs-Princeton-m,2025-11-25,Temple,away,NR,79,W
2603,2025-11-25-Temple-vs-Princeton-m,2025-11-25,Princeton,home,NR,75,L
2604,2025-11-25-Coppin State-vs-Rider-m,2025-11-25,Coppin State,away,NR,68,W
2605,2025-11-25-Coppin State-vs-Rider-m,2025-11-25,Rider,home,NR,65,L
2606,2025-11-25-Rutgers-Camden-vs-St. Joseph's-m,2025-11-25,Rutgers-Camden,away,NR,61,L
2607,2025-11-25-Rutgers-Camden-vs-St. Joseph's-m,2025-11-25,St. Joseph's,home,NR,100,W
2608,2025-11-25-North Carolina Central-vs-USC Upstate-m,2025-11-25,North Carolina Central,away,NR,67,L
2609,2025-11-25-North Carolina Central-vs-USC Upstate-m,2025-11-25,USC Upstate,home,NR,82,W
2610,2025-11-25-Wright State-vs-Stetson-m,2025-11-25,Wright State,away,NR,79,W
2611,2025-11-25-Wright State-vs-Stetson-m,2025-11-25,Stetson,home,NR,62,L
2612,2025-11-25-Brescia-vs-UT-Martin-m,2025-11-25,Brescia,away,NR,50,L
2613,2025-11-25-Brescia-vs-UT-Martin-m,2025-11-25,UT-Martin,home,NR,75,W
2614,2025-11-25-Washington State-vs-Arizona State-m,2025-11-25,Washington State,away,NR,94,L
2615,2025-11-25-Washington State-vs-Arizona State-m,2025-11-25,Arizona State,home,NR,100,W
2616,2025-11-25-South Carolina State-vs-Missouri-m,2025-11-25,South Carolina State,away,NR,66,L
2617,2025-11-25-South Carolina State-vs-Missouri-m,2025-11-25,Missouri,home,NR,98,W
2618,2025-11-25-Winthrop-vs-Nebraska-m,2025-11-25,Winthrop,away,NR,73,L
2619,2025-11-25-Winthrop-vs-Nebraska-m,2025-11-25,Nebraska,home,NR,80,W
2620,2025-11-25-New Mexico State-vs-UC-Irvine-m,2025-11-25,New Mexico State,away,NR,57,W
2621,2025-11-25-New Mexico State-vs-UC-Irvine-m,2025-11-25,UC-Irvine,home,NR,45,L
2622,2025-11-25-Mississippi Valley State-vs-Texas A&M-m,2025-11-25,Mississippi Valley State,away,NR,84,L
2623,2025-11-25-Mississippi Valley State-vs-Texas A&M-m,2025-11-25,Texas A&M,home,NR,120,W
2624,2025-11-25-Portland State-vs-Utah Tech-m,2025-11-25,Portland State,away,NR,68,W
2625,2025-11-25-Portland State-vs-Utah Tech-m,2025-11-25,Utah Tech,home,NR,63,L
2626,2025-11-25-Ole Miss-vs-Iowa-m,2025-11-25,Ole Miss,away,NR,69,L
2627,2025-11-25-Ole Miss-vs-Iowa-m,2025-11-25,Iowa,home,NR,74,W
2628,2025-11-25-San Francisco State-vs-Sacramento State-m,2025-11-25,San Francisco State,away,NR,46,L
2629,2025-11-25-San Francisco State-vs-Sacramento State-m,2025-11-25,Sacramento State,home,NR,94,W
2630,2025-11-25-San Diego State-vs-Oregon-m,2025-11-25,San Diego State,away,NR,97,W
2631,2025-11-25-San Diego State-vs-Oregon-m,2025-11-25,Oregon,home,NR,80,L
2632,2025-11-26-Notre Dame-vs-Houston-m,2025-11-26,Notre Dame,away,NR,56,L
2633,2025-11-26-Notre Dame-vs-Houston-m,2025-11-26,Houston,home, 3 ,66,W
2634,2025-11-26-NJIT-vs-Louisville-m,2025-11-26,NJIT,away,NR,47,L
2635,2025-11-26-NJIT-vs-Louisville-m,2025-11-26,Louisville,home, 6 ,104,W
2636,2025-11-26-Gonzaga-vs-Michigan-m,2025-11-26,Gonzaga,away, 12 ,61,L
2637,2025-11-26-Gonzaga-vs-Michigan-m,2025-11-26,Michigan,home, 7 ,101,W
2638,2025-11-26-UNLV-vs-Alabama-m,2025-11-26,UNLV,away,NR,76,L
2639,2025-11-26-UNLV-vs-Alabama-m,2025-11-26,Alabama,home, 8 ,115,W
2640,2025-11-26-St. John's (NY)-vs-Auburn-m,2025-11-26,St. John's (NY),away, 14 ,74,L
2641,2025-11-26-St. John's (NY)-vs-Auburn-m,2025-11-26,Auburn,home, 21 ,85,W
2642,2025-11-26-Syracuse-vs-Iowa State-m,2025-11-26,Syracuse,away,NR,64,L
2643,2025-11-26-Syracuse-vs-Iowa State-m,2025-11-26,Iowa State,home, 15 ,95,W
2644,2025-11-26-Kansas-vs-Tennessee-m,2025-11-26,Kansas,away,NR,81,W
2645,2025-11-26-Kansas-vs-Tennessee-m,2025-11-26,Tennessee,home, 17 ,76,L
2646,2025-11-26-Tennessee Tech-vs-Kentucky-m,2025-11-26,Tennessee Tech,away,NR,54,L
2647,2025-11-26-Tennessee Tech-vs-Kentucky-m,2025-11-26,Kentucky,home, 19 ,104,W
2648,2025-11-26-New Orleans-vs-Texas Tech-m,2025-11-26,New Orleans,away,NR,50,L
2649,2025-11-26-New Orleans-vs-Texas Tech-m,2025-11-26,Texas Tech,home, 20 ,82,W
2650,2025-11-26-NC State-vs-Texas-m,2025-11-26,NC State,away, 23 ,97,L
2651,2025-11-26-NC State-vs-Texas-m,2025-11-26,Texas,home,NR,102,W
2652,2025-11-26-Vanderbilt-vs-Western Kentucky-m,2025-11-26,Vanderbilt,away, 24 ,83,W
2653,2025-11-26-Vanderbilt-vs-Western Kentucky-m,2025-11-26,Western Kentucky,home,NR,78,L
2654,2025-11-26-Harvard-vs-Boston College-m,2025-11-26,Harvard,away,NR,60,L
2655,2025-11-26-Harvard-vs-Boston College-m,2025-11-26,Boston College,home,NR,73,W
2656,2025-11-26-Mercy-vs-Bryant-m,2025-11-26,Mercy,away,NR,61,L
2657,2025-11-26-Mercy-vs-Bryant-m,2025-11-26,Bryant,home,NR,87,W
2658,2025-11-26-Eastern Michigan-vs-Cincinnati-m,2025-11-26,Eastern Michigan,away,NR,64,W
2659,2025-11-26-Eastern Michigan-vs-Cincinnati-m,2025-11-26,Cincinnati,home,NR,56,L
2660,2025-11-26-Virginia State-vs-Delaware State-m,2025-11-26,Virginia State,away,NR,62,W
2661,2025-11-26-Virginia State-vs-Delaware State-m,2025-11-26,Delaware State,home,NR,58,L
2662,2025-11-26-Utah-vs-Grand Canyon-m,2025-11-26,Utah,away,NR,58,L
2663,2025-11-26-Utah-vs-Grand Canyon-m,2025-11-26,Grand Canyon,home,NR,68,W
2664,2025-11-26-Worcester State-vs-Holy Cross-m,2025-11-26,Worcester State,away,NR,53,L
2665,2025-11-26-Worcester State-vs-Holy Cross-m,2025-11-26,Holy Cross,home,NR,77,W
2666,2025-11-26-Appalachian State-vs-Mercer-m,2025-11-26,Appalachian State,away,NR,67,L
2667,2025-11-26-Appalachian State-vs-Mercer-m,2025-11-26,Mercer,home,NR,75,W
2668,2025-11-26-Brown-vs-New Hampshire-m,2025-11-26,Brown,away,NR,59,W
2669,2025-11-26-Brown-vs-New Hampshire-m,2025-11-26,New Hampshire,home,NR,47,L
2670,2025-11-26-Southeastern Louisiana-vs-UNC Wilmington-m,2025-11-26,Southeastern Louisiana,away,NR,57,L
2671,2025-11-26-Southeastern Louisiana-vs-UNC Wilmington-m,2025-11-26,UNC Wilmington,home,NR,70,W
2672,2025-11-26-Wofford-vs-Northern Kentucky-m,2025-11-26,Wofford,away,NR,83,L
2673,2025-11-26-Wofford-vs-Northern Kentucky-m,2025-11-26,Northern Kentucky,home,NR,93,W
2674,2025-11-26-Columbia International-vs-Presbyterian-m,2025-11-26,Columbia International,away,NR,50,L
2675,2025-11-26-Columbia International-vs-Presbyterian-m,2025-11-26,Presbyterian,home,NR,93,W
2676,2025-11-26-UIC-vs-Robert Morris-m,2025-11-26,UIC,away,NR,74,L
2677,2025-11-26-UIC-vs-Robert Morris-m,2025-11-26,Robert Morris,home,NR,88,W
2678,2025-11-26-Texas Lutheran-vs-Incarnate Word-m,2025-11-26,Texas Lutheran,away,NR,55,L
2679,2025-11-26-Texas Lutheran-vs-Incarnate Word-m,2025-11-26,Incarnate Word,home,NR,117,W
2680,2025-11-26-Southern Illinois-vs-Memphis-m,2025-11-26,Southern Illinois,away,NR,58,L
2681,2025-11-26-Southern Illinois-vs-Memphis-m,2025-11-26,Memphis,home,NR,74,W
2682,2025-11-26-College of Biblical Studies-vs-Texas Southern-m,2025-11-26,College of Biblical Studies,away,NR,44,L
2683,2025-11-26-College of Biblical Studies-vs-Texas Southern-m,2025-11-26,Texas Southern,home,NR,102,W
2684,2025-11-26-Virginia Tech-vs-Colorado State-m,2025-11-26,Virginia Tech,away,NR,66,W
2685,2025-11-26-Virginia Tech-vs-Colorado State-m,2025-11-26,Colorado State,home,NR,64,L
2686,2025-11-26-Alabama State-vs-New Mexico-m,2025-11-26,Alabama State,away,NR,87,L
2687,2025-11-26-Alabama State-vs-New Mexico-m,2025-11-26,New Mexico,home,NR,93,W
2688,2025-11-26-Denver-vs-Wyoming-m,2025-11-26,Denver,away,NR,59,L
2689,2025-11-26-Denver-vs-Wyoming-m,2025-11-26,Wyoming,home,NR,101,W
2690,2025-11-26-Saint Francis (PA)-vs-Troy-m,2025-11-26,Saint Francis (PA),away,NR,64,L
2691,2025-11-26-Saint Francis (PA)-vs-Troy-m,2025-11-26,Troy,home,NR,74,W
2692,2025-11-26-Bowling Green-vs-VMI-m,2025-11-26,Bowling Green,away,NR,81,W
2693,2025-11-26-Bowling Green-vs-VMI-m,2025-11-26,VMI,home,NR,48,L
2694,2025-11-26-Towson-vs-UC-San Diego-m,2025-11-26,Towson,away,NR,73,L
2695,2025-11-26-Towson-vs-UC-San Diego-m,2025-11-26,UC-San Diego,home,NR,87,W
2696,2025-11-26-Misericordia-vs-Cornell-m,2025-11-26,Misericordia,away,NR,70,L
2697,2025-11-26-Misericordia-vs-Cornell-m,2025-11-26,Cornell,home,NR,114,W
2698,2025-11-26-UMass-Lowell-vs-Stonehill-m,2025-11-26,UMass-Lowell,away,NR,75,W
2699,2025-11-26-UMass-Lowell-vs-Stonehill-m,2025-11-26,Stonehill,home,NR,64,L
2700,2025-11-26-Buffalo-vs-Bucknell-m,2025-11-26,Buffalo,away,NR,73,W
2701,2025-11-26-Buffalo-vs-Bucknell-m,2025-11-26,Bucknell,home,NR,71,L
2702,2025-11-26-Belmont-vs-Toledo-m,2025-11-26,Belmont,away,NR,87,W
2703,2025-11-26-Belmont-vs-Toledo-m,2025-11-26,Toledo,home,NR,72,L
2704,2025-11-26-USC-vs-Arizona State-m,2025-11-26,USC,away,NR,88,W
2705,2025-11-26-USC-vs-Arizona State-m,2025-11-26,Arizona State,home,NR,75,L
2706,2025-11-26-Liberty-vs-Bradley-m,2025-11-26,Liberty,away,NR,64,L
2707,2025-11-26-Liberty-vs-Bradley-m,2025-11-26,Bradley,home,NR,74,W
2708,2025-11-26-Army-vs-FDU-m,2025-11-26,Army,away,NR,81,W
2709,2025-11-26-Army-vs-FDU-m,2025-11-26,FDU,home,NR,73,L
2710,2025-11-26-Omaha-vs-Florida International-m,2025-11-26,Omaha,away,NR,61,L
2711,2025-11-26-Omaha-vs-Florida International-m,2025-11-26,Florida International,home,NR,74,W
2712,2025-11-26-San Jose State-vs-Loyola (IL)-m,2025-11-26,San Jose State,away,NR,63,W
2713,2025-11-26-San Jose State-vs-Loyola (IL)-m,2025-11-26,Loyola (IL),home,NR,51,L
2714,2025-11-26-Miami (OH)-vs-UNC Greensboro-m,2025-11-26,Miami (OH),away,NR,82,W
2715,2025-11-26-Miami (OH)-vs-UNC Greensboro-m,2025-11-26,UNC Greensboro,home,NR,71,L
2716,2025-11-26-South Florida-vs-VCU-m,2025-11-26,South Florida,away,NR,66,L
2717,2025-11-26-South Florida-vs-VCU-m,2025-11-26,VCU,home,NR,78,W
2718,2025-11-26-Georgia State-vs-New Mexico State-m,2025-11-26,Georgia State,away,NR,58,L
2719,2025-11-26-Georgia State-vs-New Mexico State-m,2025-11-26,New Mexico State,home,NR,77,W
2720,2025-11-26-North Dakota State-vs-Jacksonville State-m,2025-11-26,North Dakota State,away,NR,56,W
2721,2025-11-26-North Dakota State-vs-Jacksonville State-m,2025-11-26,Jacksonville State,home,NR,43,L
2722,2025-11-26-Southern Indiana-vs-Valparaiso-m,2025-11-26,Southern Indiana,away,NR,64,W
2723,2025-11-26-Southern Indiana-vs-Valparaiso-m,2025-11-26,Valparaiso,home,NR,56,L
2724,2025-11-26-Gardner-Webb-vs-Navy-m,2025-11-26,Gardner-Webb,away,NR,51,L
2725,2025-11-26-Gardner-Webb-vs-Navy-m,2025-11-26,Navy,home,NR,84,W
2726,2025-11-26-Lipscomb-vs-Marshall-m,2025-11-26,Lipscomb,away,NR,90,W
2727,2025-11-26-Lipscomb-vs-Marshall-m,2025-11-26,Marshall,home,NR,67,L
2728,2025-11-26-Oral Roberts-vs-Rice-m,2025-11-26,Oral Roberts,away,NR,62,L
2729,2025-11-26-Oral Roberts-vs-Rice-m,2025-11-26,Rice,home,NR,81,W
2730,2025-11-26-Northern Iowa-vs-Tulsa-m,2025-11-26,Northern Iowa,away,NR,60,L
2731,2025-11-26-Northern Iowa-vs-Tulsa-m,2025-11-26,Tulsa,home,NR,63,W
2732,2025-11-26-Wagner-vs-Manhattan-m,2025-11-26,Wagner,away,NR,103,W
2733,2025-11-26-Wagner-vs-Manhattan-m,2025-11-26,Manhattan,home,NR,101,L
2734,2025-11-26-Vermont-vs-Princeton-m,2025-11-26,Vermont,away,NR,79,W
2735,2025-11-26-Vermont-vs-Princeton-m,2025-11-26,Princeton,home,NR,74,L
2736,2025-11-26-Seton Hall-vs-Washington State-m,2025-11-26,Seton Hall,away,NR,75,W
2737,2025-11-26-Seton Hall-vs-Washington State-m,2025-11-26,Washington State,home,NR,61,L
2738,2025-11-26-Northern Colorado-vs-Air Force-m,2025-11-26,Northern Colorado,away,NR,71,W
2739,2025-11-26-Northern Colorado-vs-Air Force-m,2025-11-26,Air Force,home,NR,53,L
2740,2025-11-26-Sam Houston-vs-Idaho State-m,2025-11-26,Sam Houston,away,NR,84,W
2741,2025-11-26-Sam Houston-vs-Idaho State-m,2025-11-26,Idaho State,home,NR,81,L
2742,2025-11-26-Samford-vs-Utah Valley-m,2025-11-26,Samford,away,NR,45,L
2743,2025-11-26-Samford-vs-Utah Valley-m,2025-11-26,Utah Valley,home,NR,89,W
2744,2025-11-26-Houston Christian-vs-The Citadel-m,2025-11-26,Houston Christian,away,NR,72,W
2745,2025-11-26-Houston Christian-vs-The Citadel-m,2025-11-26,The Citadel,home,NR,65,L
2746,2025-11-26-Central State (OH)-vs-Duquesne-m,2025-11-26,Central State (OH),away,NR,80,L
2747,2025-11-26-Central State (OH)-vs-Duquesne-m,2025-11-26,Duquesne,home,NR,101,W
2748,2025-11-26-Columbia-vs-Fairfield-m,2025-11-26,Columbia,away,NR,106,W
2749,2025-11-26-Columbia-vs-Fairfield-m,2025-11-26,Fairfield,home,NR,77,L
2750,2025-11-26-Kennesaw State-vs-Florida Gulf Coast-m,2025-11-26,Kennesaw State,away,NR,102,W
2751,2025-11-26-Kennesaw State-vs-Florida Gulf Coast-m,2025-11-26,Florida Gulf Coast,home,NR,100,L
2752,2025-11-26-Pepperdine-vs-Fresno State-m,2025-11-26,Pepperdine,away,NR,53,L
2753,2025-11-26-Pepperdine-vs-Fresno State-m,2025-11-26,Fresno State,home,NR,76,W
2754,2025-11-26-St. Mary's (MD)-vs-Howard-m,2025-11-26,St. Mary's (MD),away,NR,61,L
2755,2025-11-26-St. Mary's (MD)-vs-Howard-m,2025-11-26,Howard,home,NR,115,W
2756,2025-11-26-Indiana State-vs-Louisiana Tech-m,2025-11-26,Indiana State,away,NR,73,L
2757,2025-11-26-Indiana State-vs-Louisiana Tech-m,2025-11-26,Louisiana Tech,home,NR,75,W
2758,2025-11-26-Saint Mary's-vs-Wichita State-m,2025-11-26,Saint Mary's,away,NR,70,W
2759,2025-11-26-Saint Mary's-vs-Wichita State-m,2025-11-26,Wichita State,home,NR,65,L
2760,2025-11-26-Rhode Island-vs-Temple-m,2025-11-26,Rhode Island,away,NR,90,W
2761,2025-11-26-Rhode Island-vs-Temple-m,2025-11-26,Temple,home,NR,75,L
2762,2025-11-26-Southeast Missouri State-vs-Northern Arizona-m,2025-11-26,Southeast Missouri State,away,NR,72,L
2763,2025-11-26-Southeast Missouri State-vs-Northern Arizona-m,2025-11-26,Northern Arizona,home,NR,79,W
2764,2025-11-26-South Dakota State-vs-UC-Irvine-m,2025-11-26,South Dakota State,away,NR,52,L
2765,2025-11-26-South Dakota State-vs-UC-Irvine-m,2025-11-26,UC-Irvine,home,NR,64,W
2766,2025-11-26-Idaho-vs-Cal State Northridge-m,2025-11-26,Idaho,away,NR,78,W
2767,2025-11-26-Idaho-vs-Cal State Northridge-m,2025-11-26,Cal State Northridge,home,NR,64,L
2768,2025-11-26-Grand Canyon-vs-Iowa-m,2025-11-26,Grand Canyon,away,NR,46,L
2769,2025-11-26-Grand Canyon-vs-Iowa-m,2025-11-26,Iowa,home,NR,59,W
2770,2025-11-26-Long Beach State-vs-Portland-m,2025-11-26,Long Beach State,away,NR,73,L
2771,2025-11-26-Long Beach State-vs-Portland-m,2025-11-26,Portland,home,NR,93,W
2772,2025-11-26-Baylor-vs-San Diego State-m,2025-11-26,Baylor,away,NR,91,W
2773,2025-11-26-Baylor-vs-San Diego State-m,2025-11-26,San Diego State,home,NR,81,L
2774,2025-11-27-Duke-vs-Arkansas-m,2025-11-27,Duke,away, 4 ,80,W
2775,2025-11-27-Duke-vs-Arkansas-m,2025-11-27,Arkansas,home, 22 ,71,L
2776,2025-11-27-Maryland-vs-Alabama-m,2025-11-27,Maryland,away,NR,72,L
2777,2025-11-27-Maryland-vs-Alabama-m,2025-11-27,Alabama,home, 8 ,105,W
2778,2025-11-27-BYU-vs-Miami (FL)-m,2025-11-27,BYU,away, 9 ,72,W
2779,2025-11-27-BYU-vs-Miami (FL)-m,2025-11-27,Miami (FL),home,NR,62,L
2780,2025-11-27-TCU-vs-Florida-m,2025-11-27,TCU,away,NR,84,W
2781,2025-11-27-TCU-vs-Florida-m,2025-11-27,Florida,home, 10 ,80,L
2782,2025-11-27-Michigan State-vs-UNC-m,2025-11-27,Michigan State,away, 11 ,74,W
2783,2025-11-27-Michigan State-vs-UNC-m,2025-11-27,UNC,home, 16 ,58,L
2784,2025-11-27-VCU-vs-Vanderbilt-m,2025-11-27,VCU,away,NR,74,L
2785,2025-11-27-VCU-vs-Vanderbilt-m,2025-11-27,Vanderbilt,home, 24 ,89,W
2786,2025-11-27-Utah-vs-Ole Miss-m,2025-11-27,Utah,away,NR,75,W
2787,2025-11-27-Utah-vs-Ole Miss-m,2025-11-27,Ole Miss,home,NR,74,L
2788,2025-11-27-Nevada-vs-Washington-m,2025-11-27,Nevada,away,NR,66,L
2789,2025-11-27-Nevada-vs-Washington-m,2025-11-27,Washington,home,NR,83,W
2790,2025-11-27-Richmond-vs-Furman-m,2025-11-27,Richmond,away,NR,72,L
2791,2025-11-27-Richmond-vs-Furman-m,2025-11-27,Furman,home,NR,73,W
2792,2025-11-27-St. Bonaventure-vs-East Carolina-m,2025-11-27,St. Bonaventure,away,NR,67,W
2793,2025-11-27-St. Bonaventure-vs-East Carolina-m,2025-11-27,East Carolina,home,NR,58,L
2794,2025-11-27-Charlotte-vs-Illinois State-m,2025-11-27,Charlotte,away,NR,69,L
2795,2025-11-27-Charlotte-vs-Illinois State-m,2025-11-27,Illinois State,home,NR,79,W
2796,2025-11-27-San Francisco-vs-Colorado-m,2025-11-27,San Francisco,away,NR,69,L
2797,2025-11-27-San Francisco-vs-Colorado-m,2025-11-27,Colorado,home,NR,79,W
2798,2025-11-27-Oregon-vs-Creighton-m,2025-11-27,Oregon,away,NR,66,L
2799,2025-11-27-Oregon-vs-Creighton-m,2025-11-27,Creighton,home,NR,76,W
2800,2025-11-27-Saint Mary's-vs-Virginia Tech-m,2025-11-27,Saint Mary's,away,NR,77,W
2801,2025-11-27-Saint Mary's-vs-Virginia Tech-m,2025-11-27,Virginia Tech,home,NR,66,L
2802,2025-11-27-UNLV-vs-Rutgers-m,2025-11-27,UNLV,away,NR,65,L
2803,2025-11-27-UNLV-vs-Rutgers-m,2025-11-27,Rutgers,home,NR,80,W
2804,2025-11-27-Providence-vs-Wisconsin-m,2025-11-27,Providence,away,NR,83,L
2805,2025-11-27-Providence-vs-Wisconsin-m,2025-11-27,Wisconsin,home,NR,104,W
2806,2025-11-27-South Florida-vs-Western Kentucky-m,2025-11-27,South Florida,away,NR,97,W
2807,2025-11-27-South Florida-vs-Western Kentucky-m,2025-11-27,Western Kentucky,home,NR,91,L
2808,2025-11-27-Georgetown-vs-Dayton-m,2025-11-27,Georgetown,away,NR,79,L
2809,2025-11-27-Georgetown-vs-Dayton-m,2025-11-27,Dayton,home,NR,84,W
2810,2025-11-27-Santa Clara-vs-Saint Louis-m,2025-11-27,Santa Clara,away,NR,70,L
2811,2025-11-27-Santa Clara-vs-Saint Louis-m,2025-11-27,Saint Louis,home,NR,71,W
2812,2025-11-27-Wichita State-vs-Colorado State-m,2025-11-27,Wichita State,away,NR,70,L
2813,2025-11-27-Wichita State-vs-Colorado State-m,2025-11-27,Colorado State,home,NR,76,W
2814,2025-11-27-Stanford-vs-Minnesota-m,2025-11-27,Stanford,away,NR,72,W
2815,2025-11-27-Stanford-vs-Minnesota-m,2025-11-27,Minnesota,home,NR,68,L
2816,2025-11-27-Oklahoma State-vs-Northwestern-m,2025-11-27,Oklahoma State,away,NR,86,W
2817,2025-11-27-Oklahoma State-vs-Northwestern-m,2025-11-27,Northwestern,home,NR,81,L
2818,2025-11-28-Eastern Illinois-vs-Purdue-m,2025-11-28,Eastern Illinois,away,NR,62,L
2819,2025-11-28-Eastern Illinois-vs-Purdue-m,2025-11-28,Purdue,home, 1 ,109,W
2820,2025-11-28-Illinois-vs-UConn-m,2025-11-28,Illinois,away, 13 ,61,L
2821,2025-11-28-Illinois-vs-UConn-m,2025-11-28,UConn,home, 5 ,74,W
2822,2025-11-28-BYU-vs-Dayton-m,2025-11-28,BYU,away, 9 ,83,W
2823,2025-11-28-BYU-vs-Dayton-m,2025-11-28,Dayton,home,NR,79,L
2824,2025-11-28-Providence-vs-Florida-m,2025-11-28,Providence,away,NR,78,L
2825,2025-11-28-Providence-vs-Florida-m,2025-11-28,Florida,home, 10 ,90,W
2826,2025-11-28-Saint Mary's-vs-Vanderbilt-m,2025-11-28,Saint Mary's,away,NR,71,L
2827,2025-11-28-Saint Mary's-vs-Vanderbilt-m,2025-11-28,Vanderbilt,home, 24 ,96,W
2828,2025-11-28-Alabama A&M-vs-Clemson-m,2025-11-28,Alabama A&M,away,NR,56,L
2829,2025-11-28-Alabama A&M-vs-Clemson-m,2025-11-28,Clemson,home,NR,92,W
2830,2025-11-28-Miami (FL)-vs-Georgetown-m,2025-11-28,Miami (FL),away,NR,78,W
2831,2025-11-28-Miami (FL)-vs-Georgetown-m,2025-11-28,Georgetown,home,NR,65,L
2832,2025-11-28-Navy-vs-UNC Wilmington-m,2025-11-28,Navy,away,NR,57,L
2833,2025-11-28-Navy-vs-UNC Wilmington-m,2025-11-28,UNC Wilmington,home,NR,87,W
2834,2025-11-28-Ohio State-vs-Pitt-m,2025-11-28,Ohio State,away,NR,66,L
2835,2025-11-28-Ohio State-vs-Pitt-m,2025-11-28,Pitt,home,NR,67,W
2836,2025-11-28-Southern Utah-vs-Robert Morris-m,2025-11-28,Southern Utah,away,NR,54,L
2837,2025-11-28-Southern Utah-vs-Robert Morris-m,2025-11-28,Robert Morris,home,NR,61,W
2838,2025-11-28-Northeastern-vs-Wake Forest-m,2025-11-28,Northeastern,away,NR,73,L
2839,2025-11-28-Northeastern-vs-Wake Forest-m,2025-11-28,Wake Forest,home,NR,86,W
2840,2025-11-28-Alcorn State-vs-Indiana State-m,2025-11-28,Alcorn State,away,NR,81,W
2841,2025-11-28-Alcorn State-vs-Indiana State-m,2025-11-28,Indiana State,home,NR,74,L
2842,2025-11-28-Missouri Baptist University-vs-SIU-Edwardsville-m,2025-11-28,Missouri Baptist University,away,NR,55,L
2843,2025-11-28-Missouri Baptist University-vs-SIU-Edwardsville-m,2025-11-28,SIU-Edwardsville,home,NR,92,W
2844,2025-11-28-Virginia Tech-vs-VCU-m,2025-11-28,Virginia Tech,away,NR,68,L
2845,2025-11-28-Virginia Tech-vs-VCU-m,2025-11-28,VCU,home,NR,86,W
2846,2025-11-28-Richmond-vs-Charlotte-m,2025-11-28,Richmond,away,NR,71,W
2847,2025-11-28-Richmond-vs-Charlotte-m,2025-11-28,Charlotte,home,NR,66,L
2848,2025-11-28-Southeastern Louisiana-vs-Gardner-Webb-m,2025-11-28,Southeastern Louisiana,away,NR,76,W
2849,2025-11-28-Southeastern Louisiana-vs-Gardner-Webb-m,2025-11-28,Gardner-Webb,home,NR,68,L
2850,2025-11-28-Longwood-vs-Siena-m,2025-11-28,Longwood,away,NR,63,L
2851,2025-11-28-Longwood-vs-Siena-m,2025-11-28,Siena,home,NR,70,W
2852,2025-11-28-Ball State-vs-Monmouth-m,2025-11-28,Ball State,away,NR,73,L
2853,2025-11-28-Ball State-vs-Monmouth-m,2025-11-28,Monmouth,home,NR,80,W
2854,2025-11-28-Wright State-vs-Butler-m,2025-11-28,Wright State,away,NR,69,L
2855,2025-11-28-Wright State-vs-Butler-m,2025-11-28,Butler,home,NR,94,W
2856,2025-11-28-Tennessee Wesleyan-vs-Chattanooga-m,2025-11-28,Tennessee Wesleyan,away,NR,59,L
2857,2025-11-28-Tennessee Wesleyan-vs-Chattanooga-m,2025-11-28,Chattanooga,home,NR,109,W
2858,2025-11-28-Hofstra-vs-La Salle-m,2025-11-28,Hofstra,away,NR,63,W
2859,2025-11-28-Hofstra-vs-La Salle-m,2025-11-28,La Salle,home,NR,58,L
2860,2025-11-28-Holy Cross (IN)-vs-Purdue Fort Wayne-m,2025-11-28,Holy Cross (IN),away,NR,59,L
2861,2025-11-28-Holy Cross (IN)-vs-Purdue Fort Wayne-m,2025-11-28,Purdue Fort Wayne,home,NR,92,W
2862,2025-11-28-Oklahoma-vs-Marquette-m,2025-11-28,Oklahoma,away,NR,75,W
2863,2025-11-28-Oklahoma-vs-Marquette-m,2025-11-28,Marquette,home,NR,74,L
2864,2025-11-28-Cleveland State-vs-Missouri-m,2025-11-28,Cleveland State,away,NR,59,L
2865,2025-11-28-Cleveland State-vs-Missouri-m,2025-11-28,Missouri,home,NR,86,W
2866,2025-11-28-Nevada-vs-San Francisco-m,2025-11-28,Nevada,away,NR,81,W
2867,2025-11-28-Nevada-vs-San Francisco-m,2025-11-28,San Francisco,home,NR,65,L
2868,2025-11-28-Texas State-vs-Seattle-m,2025-11-28,Texas State,away,NR,52,L
2869,2025-11-28-Texas State-vs-Seattle-m,2025-11-28,Seattle,home,NR,66,W
2870,2025-11-28-North Dakota State-vs-Arkansas State-m,2025-11-28,North Dakota State,away,NR,80,L
2871,2025-11-28-North Dakota State-vs-Arkansas State-m,2025-11-28,Arkansas State,home,NR,85,W
2872,2025-11-28-Furman-vs-Illinois State-m,2025-11-28,Furman,away,NR,65,L
2873,2025-11-28-Furman-vs-Illinois State-m,2025-11-28,Illinois State,home,NR,72,W
2874,2025-11-28-Nicholls State-vs-Tulane-m,2025-11-28,Nicholls State,away,NR,72,L
2875,2025-11-28-Nicholls State-vs-Tulane-m,2025-11-28,Tulane,home,NR,82,W
2876,2025-11-28-Chicago State-vs-Youngstown State-m,2025-11-28,Chicago State,away,NR,64,L
2877,2025-11-28-Chicago State-vs-Youngstown State-m,2025-11-28,Youngstown State,home,NR,87,W
2878,2025-11-28-Jarvis Christian-vs-Abilene Christian-m,2025-11-28,Jarvis Christian,away,NR,55,L
2879,2025-11-28-Jarvis Christian-vs-Abilene Christian-m,2025-11-28,Abilene Christian,home,NR,87,W
2880,2025-11-28-Maine-vs-American-m,2025-11-28,Maine,away,NR,61,L
2881,2025-11-28-Maine-vs-American-m,2025-11-28,American,home,NR,74,W
2882,2025-11-28-Washington-vs-Colorado-m,2025-11-28,Washington,away,NR,68,L
2883,2025-11-28-Washington-vs-Colorado-m,2025-11-28,Colorado,home,NR,81,W
2884,2025-11-28-Colorado State-vs-South Florida-m,2025-11-28,Colorado State,away,NR,83,W
2885,2025-11-28-Colorado State-vs-South Florida-m,2025-11-28,South Florida,home,NR,68,L
2886,2025-11-28-North Carolina A&T-vs-Davidson-m,2025-11-28,North Carolina A&T,away,NR,74,L
2887,2025-11-28-North Carolina A&T-vs-Davidson-m,2025-11-28,Davidson,home,NR,90,W
2888,2025-11-28-NJIT-vs-Eastern Michigan-m,2025-11-28,NJIT,away,NR,55,L
2889,2025-11-28-NJIT-vs-Eastern Michigan-m,2025-11-28,Eastern Michigan,home,NR,73,W
2890,2025-11-28-Le Moyne-vs-Lafayette-m,2025-11-28,Le Moyne,away,NR,76,W
2891,2025-11-28-Le Moyne-vs-Lafayette-m,2025-11-28,Lafayette,home,NR,63,L
2892,2025-11-28-UCSB-vs-Lehigh-m,2025-11-28,UCSB,away,NR,72,W
2893,2025-11-28-UCSB-vs-Lehigh-m,2025-11-28,Lehigh,home,NR,70,L
2894,2025-11-28-Merrimack-vs-Penn-m,2025-11-28,Merrimack,away,NR,65,L
2895,2025-11-28-Merrimack-vs-Penn-m,2025-11-28,Penn,home,NR,77,W
2896,2025-11-28-Charleston Southern-vs-South Carolina-m,2025-11-28,Charleston Southern,away,NR,62,L
2897,2025-11-28-Charleston Southern-vs-South Carolina-m,2025-11-28,South Carolina,home,NR,74,W
2898,2025-11-28-Queens (NC)-vs-Virginia-m,2025-11-28,Queens (NC),away,NR,69,L
2899,2025-11-28-Queens (NC)-vs-Virginia-m,2025-11-28,Virginia,home,NR,94,W
2900,2025-11-28-Texas A&M-vs-Florida State-m,2025-11-28,Texas A&M,away,NR,95,W
2901,2025-11-28-Texas A&M-vs-Florida State-m,2025-11-28,Florida State,home,NR,59,L
2902,2025-11-28-Franklin Pierce-vs-Fordham-m,2025-11-28,Franklin Pierce,away,NR,72,L
2903,2025-11-28-Franklin Pierce-vs-Fordham-m,2025-11-28,Fordham,home,NR,74,W
2904,2025-11-28-Midwestern State-vs-Tarleton State-m,2025-11-28,Midwestern State,away,NR,57,L
2905,2025-11-28-Midwestern State-vs-Tarleton State-m,2025-11-28,Tarleton State,home,NR,67,W
2906,2025-11-28-TCU-vs-Wisconsin-m,2025-11-28,TCU,away,NR,74,W
2907,2025-11-28-TCU-vs-Wisconsin-m,2025-11-28,Wisconsin,home,NR,63,L
2908,2025-11-28-Texas A&M-Corpus Christi-vs-Xavier-m,2025-11-28,Texas A&M-Corpus Christi,away,NR,67,L
2909,2025-11-28-Texas A&M-Corpus Christi-vs-Xavier-m,2025-11-28,Xavier,home,NR,88,W
2910,2025-11-28-Idaho State-vs-Cal State Northridge-m,2025-11-28,Idaho State,away,NR,82,W
2911,2025-11-28-Idaho State-vs-Cal State Northridge-m,2025-11-28,Cal State Northridge,home,NR,50,L
2912,2025-11-28-Colgate-vs-Albany (NY)-m,2025-11-28,Colgate,away,NR,69,W
2913,2025-11-28-Colgate-vs-Albany (NY)-m,2025-11-28,Albany (NY),home,NR,67,L
2914,2025-11-28-DePaul-vs-Georgia Tech-m,2025-11-28,DePaul,away,NR,75,W
2915,2025-11-28-DePaul-vs-Georgia Tech-m,2025-11-28,Georgia Tech,home,NR,61,L
2916,2025-11-28-SMU-vs-Mississippi State-m,2025-11-28,SMU,away,NR,87,W
2917,2025-11-28-SMU-vs-Mississippi State-m,2025-11-28,Mississippi State,home,NR,81,L
2918,2025-11-28-Stanford-vs-Saint Louis-m,2025-11-28,Stanford,away,NR,78,W
2919,2025-11-28-Stanford-vs-Saint Louis-m,2025-11-28,Saint Louis,home,NR,77,L
2920,2025-11-28-Wichita State-vs-Western Kentucky-m,2025-11-28,Wichita State,away,NR,70,L
2921,2025-11-28-Wichita State-vs-Western Kentucky-m,2025-11-28,Western Kentucky,home,NR,75,W
2922,2025-11-28-Jackson State-vs-Louisiana-m,2025-11-28,Jackson State,away,NR,51,W
2923,2025-11-28-Jackson State-vs-Louisiana-m,2025-11-28,Louisiana,home,NR,45,L
2924,2025-11-28-LSU-vs-Drake-m,2025-11-28,LSU,away,NR,71,W
2925,2025-11-28-LSU-vs-Drake-m,2025-11-28,Drake,home,NR,62,L
2926,2025-11-28-Sam Houston-vs-Idaho-m,2025-11-28,Sam Houston,away,NR,94,W
2927,2025-11-28-Sam Houston-vs-Idaho-m,2025-11-28,Idaho,home,NR,68,L
2928,2025-11-28-Santa Clara-vs-Minnesota-m,2025-11-28,Santa Clara,away,NR,86,W
2929,2025-11-28-Santa Clara-vs-Minnesota-m,2025-11-28,Minnesota,home,NR,75,L
2930,2025-11-28-Stony Brook-vs-Loyola Marymount-m,2025-11-28,Stony Brook,away,NR,71,W
2931,2025-11-28-Stony Brook-vs-Loyola Marymount-m,2025-11-28,Loyola Marymount,home,NR,68,L
2932,2025-11-29-Norfolk State-vs-Arizona-m,2025-11-29,Norfolk State,away,NR,61,L
2933,2025-11-29-Norfolk State-vs-Arizona-m,2025-11-29,Arizona,home, 2 ,98,W
2934,2025-11-29-Bethune-Cookman-vs-Indiana-m,2025-11-29,Bethune-Cookman,away,NR,56,L
2935,2025-11-29-Bethune-Cookman-vs-Indiana-m,2025-11-29,Indiana,home, 25 ,100,W
2936,2025-11-29-Milwaukee-vs-Akron-m,2025-11-29,Milwaukee,away,NR,81,L
2937,2025-11-29-Milwaukee-vs-Akron-m,2025-11-29,Akron,home,NR,105,W
2938,2025-11-29-VMI-vs-UCF-m,2025-11-29,VMI,away,NR,57,L
2939,2025-11-29-VMI-vs-UCF-m,2025-11-29,UCF,home,NR,82,W
2940,2025-11-29-Central Arkansas-vs-ETSU-m,2025-11-29,Central Arkansas,away,NR,57,L
2941,2025-11-29-Central Arkansas-vs-ETSU-m,2025-11-29,ETSU,home,NR,80,W
2942,2025-11-29-Wofford-vs-Eastern Kentucky-m,2025-11-29,Wofford,away,NR,83,W
2943,2025-11-29-Wofford-vs-Eastern Kentucky-m,2025-11-29,Eastern Kentucky,home,NR,77,L
2944,2025-11-29-Mercer-vs-Elon-m,2025-11-29,Mercer,away,NR,91,W
2945,2025-11-29-Mercer-vs-Elon-m,2025-11-29,Elon,home,NR,84,L
2946,2025-11-29-James Madison-vs-George Mason-m,2025-11-29,James Madison,away,NR,66,L
2947,2025-11-29-James Madison-vs-George Mason-m,2025-11-29,George Mason,home,NR,82,W
2948,2025-11-29-North Dakota-vs-Hawaii-m,2025-11-29,North Dakota,away,NR,55,L
2949,2025-11-29-North Dakota-vs-Hawaii-m,2025-11-29,Hawaii,home,NR,92,W
2950,2025-11-29-Monmouth-vs-Le Moyne-m,2025-11-29,Monmouth,away,NR,79,L
2951,2025-11-29-Monmouth-vs-Le Moyne-m,2025-11-29,Le Moyne,home,NR,83,W
2952,2025-11-29-Maine-vs-Longwood-m,2025-11-29,Maine,away,NR,61,L
2953,2025-11-29-Maine-vs-Longwood-m,2025-11-29,Longwood,home,NR,65,W
2954,2025-11-29-Gwynedd-Mercy-vs-Maryland-Eastern Shore-m,2025-11-29,Gwynedd-Mercy,away,NR,60,L
2955,2025-11-29-Gwynedd-Mercy-vs-Maryland-Eastern Shore-m,2025-11-29,Maryland-Eastern Shore,home,NR,84,W
2956,2025-11-29-Gardner-Webb-vs-UNC Wilmington-m,2025-11-29,Gardner-Webb,away,NR,62,L
2957,2025-11-29-Gardner-Webb-vs-UNC Wilmington-m,2025-11-29,UNC Wilmington,home,NR,88,W
2958,2025-11-29-Boston University-vs-Northern Kentucky-m,2025-11-29,Boston University,away,NR,65,L
2959,2025-11-29-Boston University-vs-Northern Kentucky-m,2025-11-29,Northern Kentucky,home,NR,74,W
2960,2025-11-29-Sacred Heart-vs-Penn State-m,2025-11-29,Sacred Heart,away,NR,59,L
2961,2025-11-29-Sacred Heart-vs-Penn State-m,2025-11-29,Penn State,home,NR,90,W
2962,2025-11-29-Southern Utah-vs-Stetson-m,2025-11-29,Southern Utah,away,NR,70,W
2963,2025-11-29-Southern Utah-vs-Stetson-m,2025-11-29,Stetson,home,NR,68,L
2964,2025-11-29-Tennessee Wesleyan-vs-Tennessee State-m,2025-11-29,Tennessee Wesleyan,away,NR,77,L
2965,2025-11-29-Tennessee Wesleyan-vs-Tennessee State-m,2025-11-29,Tennessee State,home,NR,98,W
2966,2025-11-29-Lipscomb-vs-Southeast Missouri State-m,2025-11-29,Lipscomb,away,NR,88,W
2967,2025-11-29-Lipscomb-vs-Southeast Missouri State-m,2025-11-29,Southeast Missouri State,home,NR,77,L
2968,2025-11-29-Little Rock-vs-Southern Illinois-m,2025-11-29,Little Rock,away,NR,65,L
2969,2025-11-29-Little Rock-vs-Southern Illinois-m,2025-11-29,Southern Illinois,home,NR,74,W
2970,2025-11-29-Franciscan-vs-Saint Francis (PA)-m,2025-11-29,Franciscan,away,NR,60,L
2971,2025-11-29-Franciscan-vs-Saint Francis (PA)-m,2025-11-29,Saint Francis (PA),home,NR,85,W
2972,2025-11-29-Montana State-vs-Utah State-m,2025-11-29,Montana State,away,NR,81,L
2973,2025-11-29-Montana State-vs-Utah State-m,2025-11-29,Utah State,home,NR,84,W
2974,2025-11-29-Redlands-vs-Cal Poly-m,2025-11-29,Redlands,away,NR,81,L
2975,2025-11-29-Redlands-vs-Cal Poly-m,2025-11-29,Cal Poly,home,NR,87,W
2976,2025-11-29-California Baptist-vs-Oregon State-m,2025-11-29,California Baptist,away,NR,75,W
2977,2025-11-29-California Baptist-vs-Oregon State-m,2025-11-29,Oregon State,home,NR,69,L
2978,2025-11-29-Southeastern Louisiana-vs-Navy-m,2025-11-29,Southeastern Louisiana,away,NR,69,W
2979,2025-11-29-Southeastern Louisiana-vs-Navy-m,2025-11-29,Navy,home,NR,65,L
2980,2025-11-29-Manhattan-vs-Army-m,2025-11-29,Manhattan,away,NR,78,L
2981,2025-11-29-Manhattan-vs-Army-m,2025-11-29,Army,home,NR,81,W
2982,2025-11-29-Alcorn State-vs-Louisiana Tech-m,2025-11-29,Alcorn State,away,NR,58,L
2983,2025-11-29-Alcorn State-vs-Louisiana Tech-m,2025-11-29,Louisiana Tech,home,NR,83,W
2984,2025-11-29-Emerson-vs-UMass-Lowell-m,2025-11-29,Emerson,away,NR,67,L
2985,2025-11-29-Emerson-vs-UMass-Lowell-m,2025-11-29,UMass-Lowell,home,NR,90,W
2986,2025-11-29-Detroit Mercy-vs-Niagara-m,2025-11-29,Detroit Mercy,away,NR,70,W
2987,2025-11-29-Detroit Mercy-vs-Niagara-m,2025-11-29,Niagara,home,NR,66,L
2988,2025-11-29-Sarah Lawrence-vs-Columbia-m,2025-11-29,Sarah Lawrence,away,NR,44,L
2989,2025-11-29-Sarah Lawrence-vs-Columbia-m,2025-11-29,Columbia,home,NR,92,W
2990,2025-11-29-Tennessee Tech-vs-Georgia-m,2025-11-29,Tennessee Tech,away,NR,81,L
2991,2025-11-29-Tennessee Tech-vs-Georgia-m,2025-11-29,Georgia,home,NR,123,W
2992,2025-11-29-Haskell (KS)-vs-Green Bay-m,2025-11-29,Haskell (KS),away,NR,55,L
2993,2025-11-29-Haskell (KS)-vs-Green Bay-m,2025-11-29,Green Bay,home,NR,95,W
2994,2025-11-29-Bryant-vs-Harvard-m,2025-11-29,Bryant,away,NR,53,L
2995,2025-11-29-Bryant-vs-Harvard-m,2025-11-29,Harvard,home,NR,56,W
2996,2025-11-29-Western Carolina-vs-High Point-m,2025-11-29,Western Carolina,away,NR,73,L
2997,2025-11-29-Western Carolina-vs-High Point-m,2025-11-29,High Point,home,NR,93,W
2998,2025-11-29-Merrimack-vs-Hofstra-m,2025-11-29,Merrimack,away,NR,58,L
2999,2025-11-29-Merrimack-vs-Hofstra-m,2025-11-29,Hofstra,home,NR,78,W
3000,2025-11-29-Morehead State-vs-IU Indianapolis-m,2025-11-29,Morehead State,away,NR,80,L
3001,2025-11-29-Morehead State-vs-IU Indianapolis-m,2025-11-29,IU Indianapolis,home,NR,85,W
3002,2025-11-29-Lehigh-vs-Texas State-m,2025-11-29,Lehigh,away,NR,78,W
3003,2025-11-29-Lehigh-vs-Texas State-m,2025-11-29,Texas State,home,NR,74,L
3004,2025-11-29-Delaware State-vs-UMBC-m,2025-11-29,Delaware State,away,NR,57,L
3005,2025-11-29-Delaware State-vs-UMBC-m,2025-11-29,UMBC,home,NR,71,W
3006,2025-11-29-USC Upstate-vs-Nebraska-m,2025-11-29,USC Upstate,away,NR,63,L
3007,2025-11-29-USC Upstate-vs-Nebraska-m,2025-11-29,Nebraska,home,NR,72,W
3008,2025-11-29-Carolina-vs-North Carolina Central-m,2025-11-29,Carolina,away,NR,61,L
3009,2025-11-29-Carolina-vs-North Carolina Central-m,2025-11-29,North Carolina Central,home,NR,109,W
3010,2025-11-29-Southern-vs-Northwestern State-m,2025-11-29,Southern,away,NR,75,W
3011,2025-11-29-Southern-vs-Northwestern State-m,2025-11-29,Northwestern State,home,NR,73,L
3012,2025-11-29-Notre Dame (MD)-vs-Radford-m,2025-11-29,Notre Dame (MD),away,NR,75,L
3013,2025-11-29-Notre Dame (MD)-vs-Radford-m,2025-11-29,Radford,home,NR,102,W
3014,2025-11-29-Dartmouth-vs-St. Peter's-m,2025-11-29,Dartmouth,away,NR,87,W
3015,2025-11-29-Dartmouth-vs-St. Peter's-m,2025-11-29,St. Peter's,home,NR,61,L
3016,2025-11-29-Houston Christian-vs-Georgia Southern-m,2025-11-29,Houston Christian,away,NR,62,L
3017,2025-11-29-Houston Christian-vs-Georgia Southern-m,2025-11-29,Georgia Southern,home,NR,80,W
3018,2025-11-29-Stephen F. Austin-vs-UT Arlington-m,2025-11-29,Stephen F. Austin,away,NR,61,L
3019,2025-11-29-Stephen F. Austin-vs-UT Arlington-m,2025-11-29,UT Arlington,home,NR,66,W
3020,2025-11-29-Western Michigan-vs-Valparaiso-m,2025-11-29,Western Michigan,away,NR,55,L
3021,2025-11-29-Western Michigan-vs-Valparaiso-m,2025-11-29,Valparaiso,home,NR,84,W
3022,2025-11-29-Air Force-vs-South Dakota-m,2025-11-29,Air Force,away,NR,63,L
3023,2025-11-29-Air Force-vs-South Dakota-m,2025-11-29,South Dakota,home,NR,80,W
3024,2025-11-29-Siena-vs-American-m,2025-11-29,Siena,away,NR,59,W
3025,2025-11-29-Siena-vs-American-m,2025-11-29,American,home,NR,55,L
3026,2025-11-29-Georgia Tech-vs-Drake-m,2025-11-29,Georgia Tech,away,NR,74,L
3027,2025-11-29-Georgia Tech-vs-Drake-m,2025-11-29,Drake,home,NR,84,W
3028,2025-11-29-Ball State-vs-Lafayette-m,2025-11-29,Ball State,away,NR,37,L
3029,2025-11-29-Ball State-vs-Lafayette-m,2025-11-29,Lafayette,home,NR,55,W
3030,2025-11-29-Howard-vs-Mount St. Mary's-m,2025-11-29,Howard,away,NR,75,L
3031,2025-11-29-Howard-vs-Mount St. Mary's-m,2025-11-29,Mount St. Mary's,home,NR,79,W
3032,2025-11-29-La Salle-vs-Penn-m,2025-11-29,La Salle,away,NR,71,L
3033,2025-11-29-La Salle-vs-Penn-m,2025-11-29,Penn,home,NR,73,W
3034,2025-11-29-Seattle-vs-UCSB-m,2025-11-29,Seattle,away,NR,71,L
3035,2025-11-29-Seattle-vs-UCSB-m,2025-11-29,UCSB,home,NR,74,W
3036,2025-11-29-Kentucky State-vs-Southern Indiana-m,2025-11-29,Kentucky State,away,NR,56,L
3037,2025-11-29-Kentucky State-vs-Southern Indiana-m,2025-11-29,Southern Indiana,home,NR,93,W
3038,2025-11-29-Kansas City-vs-Weber State-m,2025-11-29,Kansas City,away,NR,61,L
3039,2025-11-29-Kansas City-vs-Weber State-m,2025-11-29,Weber State,home,NR,82,W
3040,2025-11-29-South Carolina State-vs-Winthrop-m,2025-11-29,South Carolina State,away,NR,79,L
3041,2025-11-29-South Carolina State-vs-Winthrop-m,2025-11-29,Winthrop,home,NR,101,W
3042,2025-11-29-Pepperdine-vs-Cal State Fullerton-m,2025-11-29,Pepperdine,away,NR,69,L
3043,2025-11-29-Pepperdine-vs-Cal State Fullerton-m,2025-11-29,Cal State Fullerton,home,NR,83,W
3044,2025-11-29-SUNY Oneonta-vs-Colgate-m,2025-11-29,SUNY Oneonta,away,NR,50,L
3045,2025-11-29-SUNY Oneonta-vs-Colgate-m,2025-11-29,Colgate,home,NR,85,W
3046,2025-11-29-UC-Riverside-vs-Utah Tech-m,2025-11-29,UC-Riverside,away,NR,69,L
3047,2025-11-29-UC-Riverside-vs-Utah Tech-m,2025-11-29,Utah Tech,home,NR,77,W
3048,2025-11-29-Trinity Baptist-vs-North Florida-m,2025-11-29,Trinity Baptist,away,NR,67,L
3049,2025-11-29-Trinity Baptist-vs-North Florida-m,2025-11-29,North Florida,home,NR,111,W
3050,2025-11-29-Regis (CO)-vs-Northern Colorado-m,2025-11-29,Regis (CO),away,NR,63,L
3051,2025-11-29-Regis (CO)-vs-Northern Colorado-m,2025-11-29,Northern Colorado,home,NR,104,W
3052,2025-11-29-Buffalo-vs-Canisius-m,2025-11-29,Buffalo,away,NR,71,W
3053,2025-11-29-Buffalo-vs-Canisius-m,2025-11-29,Canisius,home,NR,53,L
3054,2025-11-29-Albany (NY)-vs-Fordham-m,2025-11-29,Albany (NY),away,NR,68,L
3055,2025-11-29-Albany (NY)-vs-Fordham-m,2025-11-29,Fordham,home,NR,88,W
3056,2025-11-29-DePaul-vs-LSU-m,2025-11-29,DePaul,away,NR,63,L
3057,2025-11-29-DePaul-vs-LSU-m,2025-11-29,LSU,home,NR,96,W
3058,2025-11-29-Penn State Shenango-vs-Kent State-m,2025-11-29,Penn State Shenango,away,NR,59,L
3059,2025-11-29-Penn State Shenango-vs-Kent State-m,2025-11-29,Kent State,home,NR,123,W
3060,2025-11-29-Our Lady of the Lake-vs-Lamar-m,2025-11-29,Our Lady of the Lake,away,NR,46,L
3061,2025-11-29-Our Lady of the Lake-vs-Lamar-m,2025-11-29,Lamar,home,NR,90,W
3062,2025-11-29-Mid-America Christian-vs-Omaha-m,2025-11-29,Mid-America Christian,away,NR,62,L
3063,2025-11-29-Mid-America Christian-vs-Omaha-m,2025-11-29,Omaha,home,NR,84,W
3064,2025-11-29-Lawrence-vs-St. Thomas-m,2025-11-29,Lawrence,away,NR,52,L
3065,2025-11-29-Lawrence-vs-St. Thomas-m,2025-11-29,St. Thomas,home,NR,87,W
3066,2025-11-29-Sacramento State-vs-Pacific-m,2025-11-29,Sacramento State,away,NR,54,L
3067,2025-11-29-Sacramento State-vs-Pacific-m,2025-11-29,Pacific,home,NR,68,W
3068,2025-11-30-Wyoming-vs-Texas Tech-m,2025-11-30,Wyoming,away,NR,72,L
3069,2025-11-30-Wyoming-vs-Texas Tech-m,2025-11-30,Texas Tech,home, 20 ,76,W
3070,2025-11-30-SUNY Oneonta-vs-Albany (NY)-m,2025-11-30,SUNY Oneonta,away,NR,62,L
3071,2025-11-30-SUNY Oneonta-vs-Albany (NY)-m,2025-11-30,Albany (NY),home,NR,90,W
3072,2025-11-30-Cornell-vs-Bucknell-m,2025-11-30,Cornell,away,NR,101,W
3073,2025-11-30-Cornell-vs-Bucknell-m,2025-11-30,Bucknell,home,NR,72,L
3074,2025-11-30-Alabama A&M-vs-Coastal Carolina-m,2025-11-30,Alabama A&M,away,NR,60,L
3075,2025-11-30-Alabama A&M-vs-Coastal Carolina-m,2025-11-30,Coastal Carolina,home,NR,67,W
3076,2025-11-30-The Citadel-vs-Presbyterian-m,2025-11-30,The Citadel,away,NR,41,L
3077,2025-11-30-The Citadel-vs-Presbyterian-m,2025-11-30,Presbyterian,home,NR,69,W
3078,2025-11-30-Princeton-vs-St. Joseph's-m,2025-11-30,Princeton,away,NR,58,L
3079,2025-11-30-Princeton-vs-St. Joseph's-m,2025-11-30,St. Joseph's,home,NR,60,W
3080,2025-11-30-Stonehill-vs-Quinnipiac-m,2025-11-30,Stonehill,away,NR,62,L
3081,2025-11-30-Stonehill-vs-Quinnipiac-m,2025-11-30,Quinnipiac,home,NR,76,W
3082,2025-11-30-Yale-vs-Vermont-m,2025-11-30,Yale,away,NR,77,W
3083,2025-11-30-Yale-vs-Vermont-m,2025-11-30,Vermont,home,NR,74,L
3084,2025-11-30-Mercyhurst-vs-West Virginia-m,2025-11-30,Mercyhurst,away,NR,38,L
3085,2025-11-30-Mercyhurst-vs-West Virginia-m,2025-11-30,West Virginia,home,NR,70,W
3086,2025-11-30-Le Moyne-vs-Ball State-m,2025-11-30,Le Moyne,away,NR,85,L
3087,2025-11-30-Le Moyne-vs-Ball State-m,2025-11-30,Ball State,home,NR,96,W
3088,2025-11-30-Merrimack-vs-La Salle-m,2025-11-30,Merrimack,away,NR,66,W
3089,2025-11-30-Merrimack-vs-La Salle-m,2025-11-30,La Salle,home,NR,60,L
3090,2025-11-30-Appalachian State-vs-UNC Asheville-m,2025-11-30,Appalachian State,away,NR,55,L
3091,2025-11-30-Appalachian State-vs-UNC Asheville-m,2025-11-30,UNC Asheville,home,NR,67,W
3092,2025-11-30-Johnson & Wales (RI)-vs-Central Connecticut-m,2025-11-30,Johnson & Wales (RI),away,NR,57,L
3093,2025-11-30-Johnson & Wales (RI)-vs-Central Connecticut-m,2025-11-30,Central Connecticut,home,NR,122,W
3094,2025-11-30-Siena-vs-Maine-m,2025-11-30,Siena,away,NR,64,W
3095,2025-11-30-Siena-vs-Maine-m,2025-11-30,Maine,home,NR,60,L
3096,2025-11-30-Mitchell-vs-New Haven-m,2025-11-30,Mitchell,away,NR,69,L
3097,2025-11-30-Mitchell-vs-New Haven-m,2025-11-30,New Haven,home,NR,92,W
3098,2025-11-30-Tennessee State-vs-Chattanooga-m,2025-11-30,Tennessee State,away,NR,70,W
3099,2025-11-30-Tennessee State-vs-Chattanooga-m,2025-11-30,Chattanooga,home,NR,64,L
3100,2025-11-30-New Hampshire-vs-Fairfield-m,2025-11-30,New Hampshire,away,NR,68,L
3101,2025-11-30-New Hampshire-vs-Fairfield-m,2025-11-30,Fairfield,home,NR,72,W
3102,2025-11-30-Monmouth-vs-Lafayette-m,2025-11-30,Monmouth,away,NR,88,W
3103,2025-11-30-Monmouth-vs-Lafayette-m,2025-11-30,Lafayette,home,NR,74,L
3104,2025-11-30-Hofstra-vs-Penn-m,2025-11-30,Hofstra,away,NR,77,W
3105,2025-11-30-Hofstra-vs-Penn-m,2025-11-30,Penn,home,NR,60,L
3106,2025-11-30-Stetson-vs-Robert Morris-m,2025-11-30,Stetson,away,NR,62,L
3107,2025-11-30-Stetson-vs-Robert Morris-m,2025-11-30,Robert Morris,home,NR,80,W
3108,2025-11-30-South Alabama-vs-UTSA-m,2025-11-30,South Alabama,away,NR,82,W
3109,2025-11-30-South Alabama-vs-UTSA-m,2025-11-30,UTSA,home,NR,58,L
3110,2025-11-30-Old Dominion-vs-William & Mary-m,2025-11-30,Old Dominion,away,NR,75,L
3111,2025-11-30-Old Dominion-vs-William & Mary-m,2025-11-30,William & Mary,home,NR,88,W
3112,2025-11-30-Fordham-vs-Colgate-m,2025-11-30,Fordham,away,NR,62,L
3113,2025-11-30-Fordham-vs-Colgate-m,2025-11-30,Colgate,home,NR,72,W
3114,2025-11-30-Belmont-vs-College of Charleston-m,2025-11-30,Belmont,away,NR,96,W
3115,2025-11-30-Belmont-vs-College of Charleston-m,2025-11-30,College of Charleston,home,NR,73,L
3116,2025-11-30-St. Bonaventure-vs-Florida Atlantic-m,2025-11-30,St. Bonaventure,away,NR,70,W
3117,2025-11-30-St. Bonaventure-vs-Florida Atlantic-m,2025-11-30,Florida Atlantic,home,NR,65,L
3118,2025-11-30-Northeastern State-vs-Missouri State-m,2025-11-30,Northeastern State,away,NR,71,L
3119,2025-11-30-Northeastern State-vs-Missouri State-m,2025-11-30,Missouri State,home,NR,92,W
3120,2025-11-30-Longwood-vs-American-m,2025-11-30,Longwood,away,NR,66,L
3121,2025-11-30-Longwood-vs-American-m,2025-11-30,American,home,NR,92,W
3122,2025-11-30-Prairie View-vs-North Texas-m,2025-11-30,Prairie View,away,NR,69,L
3123,2025-11-30-Prairie View-vs-North Texas-m,2025-11-30,North Texas,home,NR,72,W
3124,2025-11-30-St. Ambrose-vs-Western Illinois-m,2025-11-30,St. Ambrose,away,NR,73,L
3125,2025-11-30-St. Ambrose-vs-Western Illinois-m,2025-11-30,Western Illinois,home,NR,89,W
3126,2025-11-30-San Diego-vs-Long Beach State-m,2025-11-30,San Diego,away,NR,72,L
3127,2025-11-30-San Diego-vs-Long Beach State-m,2025-11-30,Long Beach State,home,NR,76,W
3128,2025-11-30-UC-Irvine-vs-San Jose State-m,2025-11-30,UC-Irvine,away,NR,72,W
3129,2025-11-30-UC-Irvine-vs-San Jose State-m,2025-11-30,San Jose State,home,NR,63,L
3130,2025-11-30-Cal State Bakersfield-vs-Fresno State-m,2025-11-30,Cal State Bakersfield,away,NR,76,W
3131,2025-11-30-Cal State Bakersfield-vs-Fresno State-m,2025-11-30,Fresno State,home,NR,71,L
3132,2025-11-30-Coppin State-vs-Loyola (MD)-m,2025-11-30,Coppin State,away,NR,84,L
3133,2025-11-30-Coppin State-vs-Loyola (MD)-m,2025-11-30,Loyola (MD),home,NR,95,W
3134,2025-12-01-Iona-vs-Delaware-m,2025-12-01,Iona,away,NR,89,W
3135,2025-12-01-Iona-vs-Delaware-m,2025-12-01,Delaware,home,NR,66,L
3136,2025-12-01-Newport News-Apprentice-vs-Hampton-m,2025-12-01,Newport News-Apprentice,away,NR,58,L
3137,2025-12-01-Newport News-Apprentice-vs-Hampton-m,2025-12-01,Hampton,home,NR,94,W
3138,2025-12-01-Temple-vs-Villanova-m,2025-12-01,Temple,away,NR,56,L
3139,2025-12-01-Temple-vs-Villanova-m,2025-12-01,Villanova,home,NR,74,W
3140,2025-12-01-Tarleton State-vs-Cincinnati-m,2025-12-01,Tarleton State,away,NR,58,L
3141,2025-12-01-Tarleton State-vs-Cincinnati-m,2025-12-01,Cincinnati,home,NR,76,W
3142,2025-12-01-UAB-vs-Middle Tennessee-m,2025-12-01,UAB,away,NR,61,L
3143,2025-12-01-UAB-vs-Middle Tennessee-m,2025-12-01,Middle Tennessee,home,NR,76,W
3144,2025-12-01-West Georgia-vs-Troy-m,2025-12-01,West Georgia,away,NR,93,W
3145,2025-12-01-West Georgia-vs-Troy-m,2025-12-01,Troy,home,NR,89,L
3146,2025-12-01-California Baptist-vs-Colorado-m,2025-12-01,California Baptist,away,NR,70,L
3147,2025-12-01-California Baptist-vs-Colorado-m,2025-12-01,Colorado,home,NR,78,W
3148,2025-12-01-New Mexico Highlands-vs-New Mexico-m,2025-12-01,New Mexico Highlands,away,NR,47,L
3149,2025-12-01-New Mexico Highlands-vs-New Mexico-m,2025-12-01,New Mexico,home,NR,97,W
3150,2025-12-01-Saint Xavier (IL)-vs-Chicago State-m,2025-12-01,Saint Xavier (IL),away,NR,62,L
3151,2025-12-01-Saint Xavier (IL)-vs-Chicago State-m,2025-12-01,Chicago State,home,NR,85,W
3152,2025-12-01-Louisiana Christian-vs-Southern-m,2025-12-01,Louisiana Christian,away,NR,48,L
3153,2025-12-01-Louisiana Christian-vs-Southern-m,2025-12-01,Southern,home,NR,101,W
3154,2025-12-01-McNeese State-vs-Incarnate Word-m,2025-12-01,McNeese State,away,NR,67,L
3155,2025-12-01-McNeese State-vs-Incarnate Word-m,2025-12-01,Incarnate Word,home,NR,71,W
3156,2025-12-01-Central State (OH)-vs-Toledo-m,2025-12-01,Central State (OH),away,NR,58,L
3157,2025-12-01-Central State (OH)-vs-Toledo-m,2025-12-01,Toledo,home,NR,102,W
3158,2025-12-01-North Alabama-vs-Jacksonville State-m,2025-12-01,North Alabama,away,NR,73,W
3159,2025-12-01-North Alabama-vs-Jacksonville State-m,2025-12-01,Jacksonville State,home,NR,66,L
3160,2025-12-01-Saint Francis (PA)-vs-Xavier-m,2025-12-01,Saint Francis (PA),away,NR,74,L
3161,2025-12-01-Saint Francis (PA)-vs-Xavier-m,2025-12-01,Xavier,home,NR,96,W
3162,2025-12-01-Bowling Green-vs-Kansas State-m,2025-12-01,Bowling Green,away,NR,82,W
3163,2025-12-01-Bowling Green-vs-Kansas State-m,2025-12-01,Kansas State,home,NR,66,L
3164,2025-12-01-Coe-vs-Northern Iowa-m,2025-12-01,Coe,away,NR,34,L
3165,2025-12-01-Coe-vs-Northern Iowa-m,2025-12-01,Northern Iowa,home,NR,99,W
3166,2025-12-01-West Coast Baptist-vs-Southern Utah-m,2025-12-01,West Coast Baptist,away,NR,59,L
3167,2025-12-01-West Coast Baptist-vs-Southern Utah-m,2025-12-01,Southern Utah,home,NR,124,W
3168,2025-12-01-Portland-vs-Stanford-m,2025-12-01,Portland,away,NR,72,L
3169,2025-12-01-Portland-vs-Stanford-m,2025-12-01,Stanford,home,NR,94,W
3170,2025-12-02-Purdue-vs-Rutgers-m,2025-12-02,Purdue,away, 1 ,81,W
3171,2025-12-02-Purdue-vs-Rutgers-m,2025-12-02,Rutgers,home,NR,65,L
3172,2025-12-02-Florida-vs-Duke-m,2025-12-02,Florida,away, 15 ,66,L
3173,2025-12-02-Florida-vs-Duke-m,2025-12-02,Duke,home, 4 ,67,W
3174,2025-12-02-UConn-vs-Kansas-m,2025-12-02,UConn,away, 5 ,61,W
3175,2025-12-02-UConn-vs-Kansas-m,2025-12-02,Kansas,home, 21 ,56,L
3176,2025-12-02-Iowa-vs-Michigan State-m,2025-12-02,Iowa,away,NR,52,L
3177,2025-12-02-Iowa-vs-Michigan State-m,2025-12-02,Michigan State,home, 7 ,71,W
3178,2025-12-02-Tennessee-vs-Syracuse-m,2025-12-02,Tennessee,away, 13 ,60,L
3179,2025-12-02-Tennessee-vs-Syracuse-m,2025-12-02,Syracuse,home,NR,62,W
3180,2025-12-02-UNC-vs-Kentucky-m,2025-12-02,UNC,away, 16 ,67,W
3181,2025-12-02-UNC-vs-Kentucky-m,2025-12-02,Kentucky,home, 18 ,64,L
3182,2025-12-02-USC-vs-Oregon-m,2025-12-02,USC,away, 24 ,82,W
3183,2025-12-02-USC-vs-Oregon-m,2025-12-02,Oregon,home,NR,77,L
3184,2025-12-02-Stonehill-vs-Bryant-m,2025-12-02,Stonehill,away,NR,65,L
3185,2025-12-02-Stonehill-vs-Bryant-m,2025-12-02,Bryant,home,NR,77,W
3186,2025-12-02-ETSU-vs-Dayton-m,2025-12-02,ETSU,away,NR,71,L
3187,2025-12-02-ETSU-vs-Dayton-m,2025-12-02,Dayton,home,NR,88,W
3188,2025-12-02-Cornell-vs-George Mason-m,2025-12-02,Cornell,away,NR,81,L
3189,2025-12-02-Cornell-vs-George Mason-m,2025-12-02,George Mason,home,NR,99,W
3190,2025-12-02-Eureka-vs-Indiana State-m,2025-12-02,Eureka,away,NR,57,L
3191,2025-12-02-Eureka-vs-Indiana State-m,2025-12-02,Indiana State,home,NR,99,W
3192,2025-12-02-Florida A&M-vs-Jacksonville-m,2025-12-02,Florida A&M,away,NR,82,L
3193,2025-12-02-Florida A&M-vs-Jacksonville-m,2025-12-02,Jacksonville,home,NR,85,W
3194,2025-12-02-Jackson State-vs-Kennesaw State-m,2025-12-02,Jackson State,away,NR,73,L
3195,2025-12-02-Jackson State-vs-Kennesaw State-m,2025-12-02,Kennesaw State,home,NR,88,W
3196,2025-12-02-Winthrop-vs-LIU-m,2025-12-02,Winthrop,away,NR,94,W
3197,2025-12-02-Winthrop-vs-LIU-m,2025-12-02,LIU,home,NR,92,L
3198,2025-12-02-Wagner-vs-Maryland-m,2025-12-02,Wagner,away,NR,63,L
3199,2025-12-02-Wagner-vs-Maryland-m,2025-12-02,Maryland,home,NR,89,W
3200,2025-12-02-Campbell-vs-Penn State-m,2025-12-02,Campbell,away,NR,76,L
3201,2025-12-02-Campbell-vs-Penn State-m,2025-12-02,Penn State,home,NR,87,W
3202,2025-12-02-FDU-vs-Providence-m,2025-12-02,FDU,away,NR,64,L
3203,2025-12-02-FDU-vs-Providence-m,2025-12-02,Providence,home,NR,94,W
3204,2025-12-02-Virginia University of Lynchburg-vs-Western Carolina-m,2025-12-02,Virginia University of Lynchburg,away,NR,62,L
3205,2025-12-02-Virginia University of Lynchburg-vs-Western Carolina-m,2025-12-02,Western Carolina,home,NR,124,W
3206,2025-12-02-Sacramento State-vs-Baylor-m,2025-12-02,Sacramento State,away,NR,88,L
3207,2025-12-02-Sacramento State-vs-Baylor-m,2025-12-02,Baylor,home,NR,110,W
3208,2025-12-02-Western Illinois-vs-Drake-m,2025-12-02,Western Illinois,away,NR,57,L
3209,2025-12-02-Western Illinois-vs-Drake-m,2025-12-02,Drake,home,NR,108,W
3210,2025-12-02-Central Michigan-vs-Loyola (IL)-m,2025-12-02,Central Michigan,away,NR,72,L
3211,2025-12-02-Central Michigan-vs-Loyola (IL)-m,2025-12-02,Loyola (IL),home,NR,83,W
3212,2025-12-02-Morehead State-vs-Murray State-m,2025-12-02,Morehead State,away,NR,52,L
3213,2025-12-02-Morehead State-vs-Murray State-m,2025-12-02,Murray State,home,NR,84,W
3214,2025-12-02-Houston Christian-vs-North Texas-m,2025-12-02,Houston Christian,away,NR,75,L
3215,2025-12-02-Houston Christian-vs-North Texas-m,2025-12-02,North Texas,home,NR,77,W
3216,2025-12-02-Lindenwood-vs-Northern Illinois-m,2025-12-02,Lindenwood,away,NR,99,W
3217,2025-12-02-Lindenwood-vs-Northern Illinois-m,2025-12-02,Northern Illinois,home,NR,64,L
3218,2025-12-02-Mount Marty-vs-Wichita State-m,2025-12-02,Mount Marty,away,NR,69,L
3219,2025-12-02-Mount Marty-vs-Wichita State-m,2025-12-02,Wichita State,home,NR,95,W
3220,2025-12-02-New Mexico State-vs-South Alabama-m,2025-12-02,New Mexico State,away,NR,75,L
3221,2025-12-02-New Mexico State-vs-South Alabama-m,2025-12-02,South Alabama,home,NR,77,W
3222,2025-12-02-Utah-vs-California-m,2025-12-02,Utah,away,NR,72,L
3223,2025-12-02-Utah-vs-California-m,2025-12-02,California,home,NR,79,W
3224,2025-12-02-George Washington-vs-Army-m,2025-12-02,George Washington,away,NR,84,W
3225,2025-12-02-George Washington-vs-Army-m,2025-12-02,Army,home,NR,70,L
3226,2025-12-02-Charleston Southern-vs-UT-Martin-m,2025-12-02,Charleston Southern,away,NR,56,L
3227,2025-12-02-Charleston Southern-vs-UT-Martin-m,2025-12-02,UT-Martin,home,NR,73,W
3228,2025-12-02-Lehigh-vs-Binghamton-m,2025-12-02,Lehigh,away,NR,71,L
3229,2025-12-02-Lehigh-vs-Binghamton-m,2025-12-02,Binghamton,home,NR,80,W
3230,2025-12-02-Eastern Michigan-vs-Butler-m,2025-12-02,Eastern Michigan,away,NR,68,L
3231,2025-12-02-Eastern Michigan-vs-Butler-m,2025-12-02,Butler,home,NR,84,W
3232,2025-12-02-North Carolina A&T-vs-Charlotte-m,2025-12-02,North Carolina A&T,away,NR,57,L
3233,2025-12-02-North Carolina A&T-vs-Charlotte-m,2025-12-02,Charlotte,home,NR,74,W
3234,2025-12-02-William & Mary-vs-Duquesne-m,2025-12-02,William & Mary,away,NR,83,W
3235,2025-12-02-William & Mary-vs-Duquesne-m,2025-12-02,Duquesne,home,NR,79,L
3236,2025-12-02-Maryland-Eastern Shore-vs-East Carolina-m,2025-12-02,Maryland-Eastern Shore,away,NR,56,L
3237,2025-12-02-Maryland-Eastern Shore-vs-East Carolina-m,2025-12-02,East Carolina,home,NR,68,W
3238,2025-12-02-Georgia State-vs-Mercer-m,2025-12-02,Georgia State,away,NR,67,L
3239,2025-12-02-Georgia State-vs-Mercer-m,2025-12-02,Mercer,home,NR,78,W
3240,2025-12-02-Indiana University East-vs-Miami (OH)-m,2025-12-02,Indiana University East,away,NR,65,L
3241,2025-12-02-Indiana University East-vs-Miami (OH)-m,2025-12-02,Miami (OH),home,NR,109,W
3242,2025-12-02-UNC Greensboro-vs-UNC Asheville-m,2025-12-02,UNC Greensboro,away,NR,77,L
3243,2025-12-02-UNC Greensboro-vs-UNC Asheville-m,2025-12-02,UNC Asheville,home,NR,82,W
3244,2025-12-02-SIU-Edwardsville-vs-North Florida-m,2025-12-02,SIU-Edwardsville,away,NR,72,W
3245,2025-12-02-SIU-Edwardsville-vs-North Florida-m,2025-12-02,North Florida,home,NR,63,L
3246,2025-12-02-Texas A&M-vs-Pitt-m,2025-12-02,Texas A&M,away,NR,81,W
3247,2025-12-02-Texas A&M-vs-Pitt-m,2025-12-02,Pitt,home,NR,73,L
3248,2025-12-02-Brown-vs-Rhode Island-m,2025-12-02,Brown,away,NR,56,L
3249,2025-12-02-Brown-vs-Rhode Island-m,2025-12-02,Rhode Island,home,NR,66,W
3250,2025-12-02-Virginia Tech-vs-South Carolina-m,2025-12-02,Virginia Tech,away,NR,86,W
3251,2025-12-02-Virginia Tech-vs-South Carolina-m,2025-12-02,South Carolina,home,NR,83,L
3252,2025-12-02-Saint Mary-of-the-Woods College-vs-Southeast Missouri State-m,2025-12-02,Saint Mary-of-the-Woods College,away,NR,57,L
3253,2025-12-02-Saint Mary-of-the-Woods College-vs-Southeast Missouri State-m,2025-12-02,Southeast Missouri State,home,NR,88,W
3254,2025-12-02-Grambling-vs-Tulane-m,2025-12-02,Grambling,away,NR,63,L
3255,2025-12-02-Grambling-vs-Tulane-m,2025-12-02,Tulane,home,NR,65,W
3256,2025-12-02-Oklahoma-vs-Wake Forest-m,2025-12-02,Oklahoma,away,NR,86,W
3257,2025-12-02-Oklahoma-vs-Wake Forest-m,2025-12-02,Wake Forest,home,NR,68,L
3258,2025-12-02-SUNY Maritime-vs-Yale-m,2025-12-02,SUNY Maritime,away,NR,53,L
3259,2025-12-02-SUNY Maritime-vs-Yale-m,2025-12-02,Yale,home,NR,117,W
3260,2025-12-02-UT Arlington-vs-Arkansas State-m,2025-12-02,UT Arlington,away,NR,63,L
3261,2025-12-02-UT Arlington-vs-Arkansas State-m,2025-12-02,Arkansas State,home,NR,83,W
3262,2025-12-02-Washington State-vs-Bradley-m,2025-12-02,Washington State,away,NR,60,L
3263,2025-12-02-Washington State-vs-Bradley-m,2025-12-02,Bradley,home,NR,64,W
3264,2025-12-02-Valparaiso-vs-Marquette-m,2025-12-02,Valparaiso,away,NR,72,L
3265,2025-12-02-Valparaiso-vs-Marquette-m,2025-12-02,Marquette,home,NR,75,W
3266,2025-12-02-Sam Houston-vs-Oklahoma State-m,2025-12-02,Sam Houston,away,NR,83,L
3267,2025-12-02-Sam Houston-vs-Oklahoma State-m,2025-12-02,Oklahoma State,home,NR,93,W
3268,2025-12-02-Manhattan Christian-vs-Tulsa-m,2025-12-02,Manhattan Christian,away,NR,60,L
3269,2025-12-02-Manhattan Christian-vs-Tulsa-m,2025-12-02,Tulsa,home,NR,111,W
3270,2025-12-02-Nicholls State-vs-Creighton-m,2025-12-02,Nicholls State,away,NR,76,L
3271,2025-12-02-Nicholls State-vs-Creighton-m,2025-12-02,Creighton,home,NR,96,W
3272,2025-12-02-Georgia-vs-Florida State-m,2025-12-02,Georgia,away,NR,107,W
3273,2025-12-02-Georgia-vs-Florida State-m,2025-12-02,Florida State,home,NR,73,L
3274,2025-12-02-Stetson-vs-Grand Canyon-m,2025-12-02,Stetson,away,NR,45,L
3275,2025-12-02-Stetson-vs-Grand Canyon-m,2025-12-02,Grand Canyon,home,NR,67,W
3276,2025-12-02-Miami (FL)-vs-Ole Miss-m,2025-12-02,Miami (FL),away,NR,75,W
3277,2025-12-02-Miami (FL)-vs-Ole Miss-m,2025-12-02,Ole Miss,home,NR,66,L
3278,2025-12-02-Missouri-vs-Notre Dame-m,2025-12-02,Missouri,away,NR,71,L
3279,2025-12-02-Missouri-vs-Notre Dame-m,2025-12-02,Notre Dame,home,NR,76,W
3280,2025-12-02-Abilene Christian-vs-Pepperdine-m,2025-12-02,Abilene Christian,away,NR,71,W
3281,2025-12-02-Abilene Christian-vs-Pepperdine-m,2025-12-02,Pepperdine,home,NR,63,L
3282,2025-12-02-Saint Louis-vs-Loyola Marymount-m,2025-12-02,Saint Louis,away,NR,91,W
3283,2025-12-02-Saint Louis-vs-Loyola Marymount-m,2025-12-02,Loyola Marymount,home,NR,70,L
3284,2025-12-02-UC-San Diego-vs-Nevada-m,2025-12-02,UC-San Diego,away,NR,70,L
3285,2025-12-02-UC-San Diego-vs-Nevada-m,2025-12-02,Nevada,home,NR,76,W
3286,2025-12-03-Louisville-vs-Arkansas-m,2025-12-03,Louisville,away, 6 ,80,L
3287,2025-12-03-Louisville-vs-Arkansas-m,2025-12-03,Arkansas,home, 25 ,89,W
3288,2025-12-03-California Baptist-vs-BYU-m,2025-12-03,California Baptist,away,NR,60,L
3289,2025-12-03-California Baptist-vs-BYU-m,2025-12-03,BYU,home, 9 ,91,W
3290,2025-12-03-Alcorn State-vs-Iowa State-m,2025-12-03,Alcorn State,away,NR,68,L
3291,2025-12-03-Alcorn State-vs-Iowa State-m,2025-12-03,Iowa State,home, 10 ,132,W
3292,2025-12-03-Clemson-vs-Alabama-m,2025-12-03,Clemson,away,NR,84,L
3293,2025-12-03-Clemson-vs-Alabama-m,2025-12-03,Alabama,home, 12 ,90,W
3294,2025-12-03-SMU-vs-Vanderbilt-m,2025-12-03,SMU,away,NR,69,L
3295,2025-12-03-SMU-vs-Vanderbilt-m,2025-12-03,Vanderbilt,home, 17 ,88,W
3296,2025-12-03-NC State-vs-Auburn-m,2025-12-03,NC State,away,NR,73,L
3297,2025-12-03-NC State-vs-Auburn-m,2025-12-03,Auburn,home, 20 ,83,W
3298,2025-12-03-Indiana-vs-Minnesota-m,2025-12-03,Indiana,away, 22 ,64,L
3299,2025-12-03-Indiana-vs-Minnesota-m,2025-12-03,Minnesota,home,NR,73,W
3300,2025-12-03-Bucknell-vs-Akron-m,2025-12-03,Bucknell,away,NR,77,L
3301,2025-12-03-Bucknell-vs-Akron-m,2025-12-03,Akron,home,NR,97,W
3302,2025-12-03-Midway-vs-Bellarmine-m,2025-12-03,Midway,away,NR,60,L
3303,2025-12-03-Midway-vs-Bellarmine-m,2025-12-03,Bellarmine,home,NR,99,W
3304,2025-12-03-VTSU Johnson-vs-Boston University-m,2025-12-03,VTSU Johnson,away,NR,57,L
3305,2025-12-03-VTSU Johnson-vs-Boston University-m,2025-12-03,Boston University,home,NR,104,W
3306,2025-12-03-Navy-vs-Delaware State-m,2025-12-03,Navy,away,NR,66,W
3307,2025-12-03-Navy-vs-Delaware State-m,2025-12-03,Delaware State,home,NR,59,L
3308,2025-12-03-Furman-vs-Elon-m,2025-12-03,Furman,away,NR,97,W
3309,2025-12-03-Furman-vs-Elon-m,2025-12-03,Elon,home,NR,88,L
3310,2025-12-03-Loyola (MD)-vs-Hampton-m,2025-12-03,Loyola (MD),away,NR,71,L
3311,2025-12-03-Loyola (MD)-vs-Hampton-m,2025-12-03,Hampton,home,NR,93,W
3312,2025-12-03-Northeastern-vs-Holy Cross-m,2025-12-03,Northeastern,away,NR,59,L
3313,2025-12-03-Northeastern-vs-Holy Cross-m,2025-12-03,Holy Cross,home,NR,76,W
3314,2025-12-03-North Carolina Central-vs-James Madison-m,2025-12-03,North Carolina Central,away,NR,62,L
3315,2025-12-03-North Carolina Central-vs-James Madison-m,2025-12-03,James Madison,home,NR,67,W
3316,2025-12-03-Harvard-vs-UMass-m,2025-12-03,Harvard,away,NR,71,L
3317,2025-12-03-Harvard-vs-UMass-m,2025-12-03,UMass,home,NR,78,W
3318,2025-12-03-Maine-vs-Ohio-m,2025-12-03,Maine,away,NR,57,L
3319,2025-12-03-Maine-vs-Ohio-m,2025-12-03,Ohio,home,NR,79,W
3320,2025-12-03-Cornell-vs-Towson-m,2025-12-03,Cornell,away,NR,80,L
3321,2025-12-03-Cornell-vs-Towson-m,2025-12-03,Towson,home,NR,93,W
3322,2025-12-03-Coppin State-vs-West Virginia-m,2025-12-03,Coppin State,away,NR,49,L
3323,2025-12-03-Coppin State-vs-West Virginia-m,2025-12-03,West Virginia,home,NR,91,W
3324,2025-12-03-Presbyterian-vs-Wofford-m,2025-12-03,Presbyterian,away,NR,56,L
3325,2025-12-03-Presbyterian-vs-Wofford-m,2025-12-03,Wofford,home,NR,63,W
3326,2025-12-03-Little Rock-vs-Central Arkansas-m,2025-12-03,Little Rock,away,NR,47,L
3327,2025-12-03-Little Rock-vs-Central Arkansas-m,2025-12-03,Central Arkansas,home,NR,85,W
3328,2025-12-03-Ball State-vs-Evansville-m,2025-12-03,Ball State,away,NR,52,L
3329,2025-12-03-Ball State-vs-Evansville-m,2025-12-03,Evansville,home,NR,64,W
3330,2025-12-03-Louisiana-vs-Lamar-m,2025-12-03,Louisiana,away,NR,55,L
3331,2025-12-03-Louisiana-vs-Lamar-m,2025-12-03,Lamar,home,NR,65,W
3332,2025-12-03-New Orleans-vs-Memphis-m,2025-12-03,New Orleans,away,NR,70,L
3333,2025-12-03-New Orleans-vs-Memphis-m,2025-12-03,Memphis,home,NR,86,W
3334,2025-12-03-Idaho State-vs-Kansas City-m,2025-12-03,Idaho State,away,NR,68,W
3335,2025-12-03-Idaho State-vs-Kansas City-m,2025-12-03,Kansas City,home,NR,59,L
3336,2025-12-03-Northern Colorado-vs-Omaha-m,2025-12-03,Northern Colorado,away,NR,75,W
3337,2025-12-03-Northern Colorado-vs-Omaha-m,2025-12-03,Omaha,home,NR,70,L
3338,2025-12-03-Northwestern-vs-Wisconsin-m,2025-12-03,Northwestern,away,NR,73,L
3339,2025-12-03-Northwestern-vs-Wisconsin-m,2025-12-03,Wisconsin,home,NR,85,W
3340,2025-12-03-Vermont-vs-Oregon State-m,2025-12-03,Vermont,away,NR,58,L
3341,2025-12-03-Vermont-vs-Oregon State-m,2025-12-03,Oregon State,home,NR,80,W
3342,2025-12-03-Utah Valley-vs-San Diego State-m,2025-12-03,Utah Valley,away,NR,66,L
3343,2025-12-03-Utah Valley-vs-San Diego State-m,2025-12-03,San Diego State,home,NR,77,W
3344,2025-12-03-North Alabama-vs-San Francisco-m,2025-12-03,North Alabama,away,NR,65,W
3345,2025-12-03-North Alabama-vs-San Francisco-m,2025-12-03,San Francisco,home,NR,63,L
3346,2025-12-03-UCLA-vs-Washington-m,2025-12-03,UCLA,away,NR,82,W
3347,2025-12-03-UCLA-vs-Washington-m,2025-12-03,Washington,home,NR,80,L
3348,2025-12-03-Penn State Shenango-vs-Saint Francis (PA)-m,2025-12-03,Penn State Shenango,away,NR,41,L
3349,2025-12-03-Penn State Shenango-vs-Saint Francis (PA)-m,2025-12-03,Saint Francis (PA),home,NR,100,W
3350,2025-12-03-Arkansas-Pine Bluff-vs-UIC-m,2025-12-03,Arkansas-Pine Bluff,away,NR,63,W
3351,2025-12-03-Arkansas-Pine Bluff-vs-UIC-m,2025-12-03,UIC,home,NR,62,L
3352,2025-12-03-Tennessee Tech-vs-Lipscomb-m,2025-12-03,Tennessee Tech,away,NR,80,L
3353,2025-12-03-Tennessee Tech-vs-Lipscomb-m,2025-12-03,Lipscomb,home,NR,83,W
3354,2025-12-03-Virginia University of Lynchburg-vs-Appalachian State-m,2025-12-03,Virginia University of Lynchburg,away,NR,45,L
3355,2025-12-03-Virginia University of Lynchburg-vs-Appalachian State-m,2025-12-03,Appalachian State,home,NR,133,W
3356,2025-12-03-Drexel-vs-American-m,2025-12-03,Drexel,away,NR,73,L
3357,2025-12-03-Drexel-vs-American-m,2025-12-03,American,home,NR,75,W
3358,2025-12-03-Richmond-vs-Belmont-m,2025-12-03,Richmond,away,NR,84,W
3359,2025-12-03-Richmond-vs-Belmont-m,2025-12-03,Belmont,home,NR,76,L
3360,2025-12-03-LSU-vs-Boston College-m,2025-12-03,LSU,away,NR,78,W
3361,2025-12-03-LSU-vs-Boston College-m,2025-12-03,Boston College,home,NR,69,L
3362,2025-12-03-Hofstra-vs-Columbia-m,2025-12-03,Hofstra,away,NR,70,L
3363,2025-12-03-Hofstra-vs-Columbia-m,2025-12-03,Columbia,home,NR,72,W
3364,2025-12-03-New Hampshire-vs-Dartmouth-m,2025-12-03,New Hampshire,away,NR,68,L
3365,2025-12-03-New Hampshire-vs-Dartmouth-m,2025-12-03,Dartmouth,home,NR,69,W
3366,2025-12-03-IU Indianapolis-vs-Detroit Mercy-m,2025-12-03,IU Indianapolis,away,NR,78,L
3367,2025-12-03-IU Indianapolis-vs-Detroit Mercy-m,2025-12-03,Detroit Mercy,home,NR,92,W
3368,2025-12-03-Florida Gulf Coast-vs-Florida International-m,2025-12-03,Florida Gulf Coast,away,NR,83,L
3369,2025-12-03-Florida Gulf Coast-vs-Florida International-m,2025-12-03,Florida International,home,NR,89,W
3370,2025-12-03-Louisiana Tech-vs-Georgia Southern-m,2025-12-03,Louisiana Tech,away,NR,69,L
3371,2025-12-03-Louisiana Tech-vs-Georgia Southern-m,2025-12-03,Georgia Southern,home,NR,77,W
3372,2025-12-03-Southern Illinois-vs-High Point-m,2025-12-03,Southern Illinois,away,NR,86,W
3373,2025-12-03-Southern Illinois-vs-High Point-m,2025-12-03,High Point,home,NR,84,L
3374,2025-12-03-Austin Peay-vs-Kent State-m,2025-12-03,Austin Peay,away,NR,84,L
3375,2025-12-03-Austin Peay-vs-Kent State-m,2025-12-03,Kent State,home,NR,96,W
3376,2025-12-03-Pfeiffer-vs-Longwood-m,2025-12-03,Pfeiffer,away,NR,55,L
3377,2025-12-03-Pfeiffer-vs-Longwood-m,2025-12-03,Longwood,home,NR,101,W
3378,2025-12-03-Mississippi Valley State-vs-Louisiana-Monroe-m,2025-12-03,Mississippi Valley State,away,NR,52,L
3379,2025-12-03-Mississippi Valley State-vs-Louisiana-Monroe-m,2025-12-03,Louisiana-Monroe,home,NR,66,W
3380,2025-12-03-Sacred Heart-vs-Mount St. Mary's-m,2025-12-03,Sacred Heart,away,NR,87,W
3381,2025-12-03-Sacred Heart-vs-Mount St. Mary's-m,2025-12-03,Mount St. Mary's,home,NR,80,L
3382,2025-12-03-Marshall-vs-UNC Wilmington-m,2025-12-03,Marshall,away,NR,69,L
3383,2025-12-03-Marshall-vs-UNC Wilmington-m,2025-12-03,UNC Wilmington,home,NR,70,W
3384,2025-12-03-Cleveland State-vs-Northern Kentucky-m,2025-12-03,Cleveland State,away,NR,80,L
3385,2025-12-03-Cleveland State-vs-Northern Kentucky-m,2025-12-03,Northern Kentucky,home,NR,95,W
3386,2025-12-03-Purdue Fort Wayne-vs-Oakland-m,2025-12-03,Purdue Fort Wayne,away,NR,92,L
3387,2025-12-03-Purdue Fort Wayne-vs-Oakland-m,2025-12-03,Oakland,home,NR,101,W
3388,2025-12-03-Gardner-Webb-vs-Queens (NC)-m,2025-12-03,Gardner-Webb,away,NR,74,L
3389,2025-12-03-Gardner-Webb-vs-Queens (NC)-m,2025-12-03,Queens (NC),home,NR,107,W
3390,2025-12-03-Southern Miss-vs-Radford-m,2025-12-03,Southern Miss,away,NR,82,W
3391,2025-12-03-Southern Miss-vs-Radford-m,2025-12-03,Radford,home,NR,75,L
3392,2025-12-03-Central Connecticut-vs-Seton Hall-m,2025-12-03,Central Connecticut,away,NR,61,L
3393,2025-12-03-Central Connecticut-vs-Seton Hall-m,2025-12-03,Seton Hall,home,NR,77,W
3394,2025-12-03-Coastal Carolina-vs-USC Upstate-m,2025-12-03,Coastal Carolina,away,NR,78,L
3395,2025-12-03-Coastal Carolina-vs-USC Upstate-m,2025-12-03,USC Upstate,home,NR,85,W
3396,2025-12-03-Bloomsburg-vs-St. Bonaventure-m,2025-12-03,Bloomsburg,away,NR,43,L
3397,2025-12-03-Bloomsburg-vs-St. Bonaventure-m,2025-12-03,St. Bonaventure,home,NR,83,W
3398,2025-12-03-Texas-Rio Grande Valley-vs-Stephen F. Austin-m,2025-12-03,Texas-Rio Grande Valley,away,NR,60,L
3399,2025-12-03-Texas-Rio Grande Valley-vs-Stephen F. Austin-m,2025-12-03,Stephen F. Austin,home,NR,73,W
3400,2025-12-03-Southern Indiana-vs-Western Michigan-m,2025-12-03,Southern Indiana,away,NR,74,L
3401,2025-12-03-Southern Indiana-vs-Western Michigan-m,2025-12-03,Western Michigan,home,NR,88,W
3402,2025-12-03-Brandeis-vs-Yale-m,2025-12-03,Brandeis,away,NR,61,L
3403,2025-12-03-Brandeis-vs-Yale-m,2025-12-03,Yale,home,NR,79,W
3404,2025-12-03-Wright State-vs-Youngstown State-m,2025-12-03,Wright State,away,NR,68,L
3405,2025-12-03-Wright State-vs-Youngstown State-m,2025-12-03,Youngstown State,home,NR,69,W
3406,2025-12-03-Tennessee State-vs-Alabama A&M-m,2025-12-03,Tennessee State,away,NR,53,L
3407,2025-12-03-Tennessee State-vs-Alabama A&M-m,2025-12-03,Alabama A&M,home,NR,80,W
3408,2025-12-03-UMBC-vs-Georgetown-m,2025-12-03,UMBC,away,NR,81,L
3409,2025-12-03-UMBC-vs-Georgetown-m,2025-12-03,Georgetown,home,NR,90,W
3410,2025-12-03-Eastern Kentucky-vs-Illinois State-m,2025-12-03,Eastern Kentucky,away,NR,78,L
3411,2025-12-03-Eastern Kentucky-vs-Illinois State-m,2025-12-03,Illinois State,home,NR,89,W
3412,2025-12-03-Princeton-vs-Monmouth-m,2025-12-03,Princeton,away,NR,58,L
3413,2025-12-03-Princeton-vs-Monmouth-m,2025-12-03,Monmouth,home,NR,63,W
3414,2025-12-03-South Dakota State-vs-Northern Arizona-m,2025-12-03,South Dakota State,away,NR,75,W
3415,2025-12-03-South Dakota State-vs-Northern Arizona-m,2025-12-03,Northern Arizona,home,NR,62,L
3416,2025-12-03-Portland State-vs-South Dakota-m,2025-12-03,Portland State,away,NR,77,W
3417,2025-12-03-Portland State-vs-South Dakota-m,2025-12-03,South Dakota,home,NR,71,L
3418,2025-12-03-Howard Payne-vs-Tarleton State-m,2025-12-03,Howard Payne,away,NR,54,L
3419,2025-12-03-Howard Payne-vs-Tarleton State-m,2025-12-03,Tarleton State,home,NR,119,W
3420,2025-12-03-Pacific-vs-Air Force-m,2025-12-03,Pacific,away,NR,80,W
3421,2025-12-03-Pacific-vs-Air Force-m,2025-12-03,Air Force,home,NR,65,L
3422,2025-12-03-Eastern Washington-vs-Denver-m,2025-12-03,Eastern Washington,away,NR,89,L
3423,2025-12-03-Eastern Washington-vs-Denver-m,2025-12-03,Denver,home,NR,93,W
3424,2025-12-03-Mississippi State-vs-Georgia Tech-m,2025-12-03,Mississippi State,away,NR,85,W
3425,2025-12-03-Mississippi State-vs-Georgia Tech-m,2025-12-03,Georgia Tech,home,NR,73,L
3426,2025-12-03-North Dakota-vs-Idaho-m,2025-12-03,North Dakota,away,NR,58,L
3427,2025-12-03-North Dakota-vs-Idaho-m,2025-12-03,Idaho,home,NR,90,W
3428,2025-12-03-North Dakota State-vs-Montana-m,2025-12-03,North Dakota State,away,NR,81,W
3429,2025-12-03-North Dakota State-vs-Montana-m,2025-12-03,Montana,home,NR,72,L
3430,2025-12-03-St. Thomas-vs-Montana State-m,2025-12-03,St. Thomas,away,NR,74,L
3431,2025-12-03-St. Thomas-vs-Montana State-m,2025-12-03,Montana State,home,NR,82,W
3432,2025-12-03-Texas State-vs-Rice-m,2025-12-03,Texas State,away,NR,72,L
3433,2025-12-03-Texas State-vs-Rice-m,2025-12-03,Rice,home,NR,77,W
3434,2025-12-03-Virginia-vs-Texas-m,2025-12-03,Virginia,away,NR,88,W
3435,2025-12-03-Virginia-vs-Texas-m,2025-12-03,Texas,home,NR,69,L
3436,2025-12-03-Oral Roberts-vs-Weber State-m,2025-12-03,Oral Roberts,away,NR,66,L
3437,2025-12-03-Oral Roberts-vs-Weber State-m,2025-12-03,Weber State,home,NR,92,W
3438,2025-12-03-Utah Tech-vs-Santa Clara-m,2025-12-03,Utah Tech,away,NR,80,L
3439,2025-12-03-Utah Tech-vs-Santa Clara-m,2025-12-03,Santa Clara,home,NR,90,W
3440,2025-12-03-Puget Sound-vs-Seattle-m,2025-12-03,Puget Sound,away,NR,43,L
3441,2025-12-03-Puget Sound-vs-Seattle-m,2025-12-03,Seattle,home,NR,97,W
3442,2025-12-04-Warren Wilson-vs-Charleston Southern-m,2025-12-04,Warren Wilson,away,NR,63,L
3443,2025-12-04-Warren Wilson-vs-Charleston Southern-m,2025-12-04,Charleston Southern,home,NR,124,W
3444,2025-12-04-Manor-vs-FDU-m,2025-12-04,Manor,away,NR,38,L
3445,2025-12-04-Manor-vs-FDU-m,2025-12-04,FDU,home,NR,86,W
3446,2025-12-04-The Citadel-vs-Davidson-m,2025-12-04,The Citadel,away,NR,63,L
3447,2025-12-04-The Citadel-vs-Davidson-m,2025-12-04,Davidson,home,NR,79,W
3448,2025-12-04-Robert Morris-vs-Green Bay-m,2025-12-04,Robert Morris,away,NR,80,W
3449,2025-12-04-Robert Morris-vs-Green Bay-m,2025-12-04,Green Bay,home,NR,78,L
3450,2025-12-04-Rider-vs-Merrimack-m,2025-12-04,Rider,away,NR,66,L
3451,2025-12-04-Rider-vs-Merrimack-m,2025-12-04,Merrimack,home,NR,68,W
3452,2025-12-04-Utah State-vs-South Florida-m,2025-12-04,Utah State,away,NR,61,L
3453,2025-12-04-Utah State-vs-South Florida-m,2025-12-04,South Florida,home,NR,74,W
3454,2025-12-04-Long Beach State-vs-UCSB-m,2025-12-04,Long Beach State,away,NR,77,L
3455,2025-12-04-Long Beach State-vs-UCSB-m,2025-12-04,UCSB,home,NR,84,W
3456,2025-12-04-Cal Poly-vs-Cal State Fullerton-m,2025-12-04,Cal Poly,away,NR,94,W
3457,2025-12-04-Cal Poly-vs-Cal State Fullerton-m,2025-12-04,Cal State Fullerton,home,NR,91,L
3458,2025-12-04-Cal State Bakersfield-vs-Cal State Northridge-m,2025-12-04,Cal State Bakersfield,away,NR,66,L
3459,2025-12-04-Cal State Bakersfield-vs-Cal State Northridge-m,2025-12-04,Cal State Northridge,home,NR,87,W
3460,2025-12-04-UC-Riverside-vs-UC-Irvine-m,2025-12-04,UC-Riverside,away,NR,60,L
3461,2025-12-04-UC-Riverside-vs-UC-Irvine-m,2025-12-04,UC-Irvine,home,NR,73,W
3462,2025-12-05-East Texas A&M-vs-UConn-m,2025-12-05,East Texas A&M,away,NR,59,L
3463,2025-12-05-East Texas A&M-vs-UConn-m,2025-12-05,UConn,home, 5 ,83,W
3464,2025-12-05-Gonzaga-vs-Kentucky-m,2025-12-05,Gonzaga,away, 11 ,94,W
3465,2025-12-05-Gonzaga-vs-Kentucky-m,2025-12-05,Kentucky,home, 18 ,59,L
3466,2025-12-05-South Carolina State-vs-Bethune-Cookman-m,2025-12-05,South Carolina State,away,NR,59,L
3467,2025-12-05-South Carolina State-vs-Bethune-Cookman-m,2025-12-05,Bethune-Cookman,home,NR,80,W
3468,2025-12-05-South Alabama-vs-ETSU-m,2025-12-05,South Alabama,away,NR,65,L
3469,2025-12-05-South Alabama-vs-ETSU-m,2025-12-05,ETSU,home,NR,91,W
3470,2025-12-05-UC-Davis-vs-Hawaii-m,2025-12-05,UC-Davis,away,NR,69,L
3471,2025-12-05-UC-Davis-vs-Hawaii-m,2025-12-05,Hawaii,home,NR,75,W
3472,2025-12-05-Samford-vs-VCU-m,2025-12-05,Samford,away,NR,57,L
3473,2025-12-05-Samford-vs-VCU-m,2025-12-05,VCU,home,NR,83,W
3474,2025-12-05-UAB-vs-Drake-m,2025-12-05,UAB,away,NR,74,W
3475,2025-12-05-UAB-vs-Drake-m,2025-12-05,Drake,home,NR,69,L
3476,2025-12-05-San Diego-vs-San Jose State-m,2025-12-05,San Diego,away,NR,69,L
3477,2025-12-05-San Diego-vs-San Jose State-m,2025-12-05,San Jose State,home,NR,86,W
3478,2025-12-05-Cleary University-vs-Eastern Michigan-m,2025-12-05,Cleary University,away,NR,48,L
3479,2025-12-05-Cleary University-vs-Eastern Michigan-m,2025-12-05,Eastern Michigan,home,NR,86,W
3480,2025-12-05-Bryant-vs-Brown-m,2025-12-05,Bryant,away,NR,56,L
3481,2025-12-05-Bryant-vs-Brown-m,2025-12-05,Brown,home,NR,75,W
3482,2025-12-05-NJIT-vs-High Point-m,2025-12-05,NJIT,away,NR,72,L
3483,2025-12-05-NJIT-vs-High Point-m,2025-12-05,High Point,home,NR,89,W
3484,2025-12-05-Quinnipiac-vs-Iona-m,2025-12-05,Quinnipiac,away,NR,89,W
3485,2025-12-05-Quinnipiac-vs-Iona-m,2025-12-05,Iona,home,NR,68,L
3486,2025-12-05-Mercyhurst-vs-Lafayette-m,2025-12-05,Mercyhurst,away,NR,71,L
3487,2025-12-05-Mercyhurst-vs-Lafayette-m,2025-12-05,Lafayette,home,NR,79,W
3488,2025-12-05-Fairfield-vs-Manhattan-m,2025-12-05,Fairfield,away,NR,66,L
3489,2025-12-05-Fairfield-vs-Manhattan-m,2025-12-05,Manhattan,home,NR,70,W
3490,2025-12-05-Mount St. Mary's-vs-Marist-m,2025-12-05,Mount St. Mary's,away,NR,56,L
3491,2025-12-05-Mount St. Mary's-vs-Marist-m,2025-12-05,Marist,home,NR,64,W
3492,2025-12-05-Northwestern State-vs-McNeese State-m,2025-12-05,Northwestern State,away,NR,54,L
3493,2025-12-05-Northwestern State-vs-McNeese State-m,2025-12-05,McNeese State,home,NR,92,W
3494,2025-12-05-Canisius-vs-St. Peter's-m,2025-12-05,Canisius,away,NR,57,L
3495,2025-12-05-Canisius-vs-St. Peter's-m,2025-12-05,St. Peter's,home,NR,69,W
3496,2025-12-05-Niagara-vs-Siena-m,2025-12-05,Niagara,away,NR,54,L
3497,2025-12-05-Niagara-vs-Siena-m,2025-12-05,Siena,home,NR,83,W
3498,2025-12-05-Christendom-vs-VMI-m,2025-12-05,Christendom,away,NR,36,L
3499,2025-12-05-Christendom-vs-VMI-m,2025-12-05,VMI,home,NR,89,W
3500,2025-12-05-Cincinnati-vs-Xavier-m,2025-12-05,Cincinnati,away,NR,74,L
3501,2025-12-05-Cincinnati-vs-Xavier-m,2025-12-05,Xavier,home,NR,79,W
3502,2025-12-05-Notre Dame-vs-TCU-m,2025-12-05,Notre Dame,away,NR,87,W
3503,2025-12-05-Notre Dame-vs-TCU-m,2025-12-05,TCU,home,NR,85,L
3504,2025-12-05-Lewis & Clark-vs-Portland-m,2025-12-05,Lewis & Clark,away,NR,87,L
3505,2025-12-05-Lewis & Clark-vs-Portland-m,2025-12-05,Portland,home,NR,104,W
3506,2025-12-06-Iowa State-vs-Purdue-m,2025-12-06,Iowa State,away, 10 ,81,W
3507,2025-12-06-Iowa State-vs-Purdue-m,2025-12-06,Purdue,home, 1 ,58,L
3508,2025-12-06-Auburn-vs-Arizona-m,2025-12-06,Auburn,away, 20 ,68,L
3509,2025-12-06-Auburn-vs-Arizona-m,2025-12-06,Arizona,home, 2 ,97,W
3510,2025-12-06-Rutgers-vs-Michigan-m,2025-12-06,Rutgers,away,NR,60,L
3511,2025-12-06-Rutgers-vs-Michigan-m,2025-12-06,Michigan,home, 3 ,101,W
3512,2025-12-06-Duke-vs-Michigan State-m,2025-12-06,Duke,away, 4 ,66,W
3513,2025-12-06-Duke-vs-Michigan State-m,2025-12-06,Michigan State,home, 7 ,60,L
3514,2025-12-06-Indiana-vs-Louisville-m,2025-12-06,Indiana,away, 22 ,78,L
3515,2025-12-06-Indiana-vs-Louisville-m,2025-12-06,Louisville,home, 6 ,87,W
3516,2025-12-06-Florida State-vs-Houston-m,2025-12-06,Florida State,away,NR,67,L
3517,2025-12-06-Florida State-vs-Houston-m,2025-12-06,Houston,home, 8 ,82,W
3518,2025-12-06-Illinois-vs-Tennessee-m,2025-12-06,Illinois,away, 14 ,75,W
3519,2025-12-06-Illinois-vs-Tennessee-m,2025-12-06,Tennessee,home, 13 ,62,L
3520,2025-12-06-Ole Miss-vs-St. John's (NY)-m,2025-12-06,Ole Miss,away,NR,58,L
3521,2025-12-06-Ole Miss-vs-St. John's (NY)-m,2025-12-06,St. John's (NY),home, 23 ,63,W
3522,2025-12-06-Washington-vs-USC-m,2025-12-06,Washington,away,NR,84,W
3523,2025-12-06-Washington-vs-USC-m,2025-12-06,USC,home, 24 ,76,L
3524,2025-12-06-Fresno State-vs-Arkansas-m,2025-12-06,Fresno State,away,NR,58,L
3525,2025-12-06-Fresno State-vs-Arkansas-m,2025-12-06,Arkansas,home, 25 ,82,W
3526,2025-12-06-New Haven-vs-Boston College-m,2025-12-06,New Haven,away,NR,63,L
3527,2025-12-06-New Haven-vs-Boston College-m,2025-12-06,Boston College,home,NR,67,W
3528,2025-12-06-Albany (NY)-vs-Columbia-m,2025-12-06,Albany (NY),away,NR,65,L
3529,2025-12-06-Albany (NY)-vs-Columbia-m,2025-12-06,Columbia,home,NR,93,W
3530,2025-12-06-Delaware-vs-Delaware State-m,2025-12-06,Delaware,away,NR,72,L
3531,2025-12-06-Delaware-vs-Delaware State-m,2025-12-06,Delaware State,home,NR,75,W
3532,2025-12-06-Stony Brook-vs-Duquesne-m,2025-12-06,Stony Brook,away,NR,75,L
3533,2025-12-06-Stony Brook-vs-Duquesne-m,2025-12-06,Duquesne,home,NR,84,W
3534,2025-12-06-Indiana University East-vs-Eastern Kentucky-m,2025-12-06,Indiana University East,away,NR,67,L
3535,2025-12-06-Indiana University East-vs-Eastern Kentucky-m,2025-12-06,Eastern Kentucky,home,NR,122,W
3536,2025-12-06-Jacksonville-vs-Florida International-m,2025-12-06,Jacksonville,away,NR,65,L
3537,2025-12-06-Jacksonville-vs-Florida International-m,2025-12-06,Florida International,home,NR,88,W
3538,2025-12-06-Harvard-vs-Furman-m,2025-12-06,Harvard,away,NR,69,L
3539,2025-12-06-Harvard-vs-Furman-m,2025-12-06,Furman,home,NR,79,W
3540,2025-12-06-Norfolk State-vs-James Madison-m,2025-12-06,Norfolk State,away,NR,67,L
3541,2025-12-06-Norfolk State-vs-James Madison-m,2025-12-06,James Madison,home,NR,68,W
3542,2025-12-06-Coppin State-vs-Liberty-m,2025-12-06,Coppin State,away,NR,50,L
3543,2025-12-06-Coppin State-vs-Liberty-m,2025-12-06,Liberty,home,NR,92,W
3544,2025-12-06-Marshall-vs-Ohio-m,2025-12-06,Marshall,away,NR,81,L
3545,2025-12-06-Marshall-vs-Ohio-m,2025-12-06,Ohio,home,NR,88,W
3546,2025-12-06-Morehead State-vs-Presbyterian-m,2025-12-06,Morehead State,away,NR,72,L
3547,2025-12-06-Morehead State-vs-Presbyterian-m,2025-12-06,Presbyterian,home,NR,80,W
3548,2025-12-06-Rhode Island-vs-Providence-m,2025-12-06,Rhode Island,away,NR,71,L
3549,2025-12-06-Rhode Island-vs-Providence-m,2025-12-06,Providence,home,NR,90,W
3550,2025-12-06-Old Dominion-vs-Richmond-m,2025-12-06,Old Dominion,away,NR,77,L
3551,2025-12-06-Old Dominion-vs-Richmond-m,2025-12-06,Richmond,home,NR,86,W
3552,2025-12-06-George Mason-vs-Virginia Tech-m,2025-12-06,George Mason,away,NR,62,L
3553,2025-12-06-George Mason-vs-Virginia Tech-m,2025-12-06,Virginia Tech,home,NR,73,W
3554,2025-12-06-Wake Forest-vs-West Virginia-m,2025-12-06,Wake Forest,away,NR,75,W
3555,2025-12-06-Wake Forest-vs-West Virginia-m,2025-12-06,West Virginia,home,NR,66,L
3556,2025-12-06-Coastal Carolina-vs-Winthrop-m,2025-12-06,Coastal Carolina,away,NR,88,W
3557,2025-12-06-Coastal Carolina-vs-Winthrop-m,2025-12-06,Winthrop,home,NR,84,L
3558,2025-12-06-Elon-vs-Wofford-m,2025-12-06,Elon,away,NR,73,W
3559,2025-12-06-Elon-vs-Wofford-m,2025-12-06,Wofford,home,NR,52,L
3560,2025-12-06-Chicago State-vs-Illinois State-m,2025-12-06,Chicago State,away,NR,53,L
3561,2025-12-06-Chicago State-vs-Illinois State-m,2025-12-06,Illinois State,home,NR,95,W
3562,2025-12-06-Princeton-vs-Loyola (IL)-m,2025-12-06,Princeton,away,NR,68,L
3563,2025-12-06-Princeton-vs-Loyola (IL)-m,2025-12-06,Loyola (IL),home,NR,73,W
3564,2025-12-06-Bellarmine-vs-Murray State-m,2025-12-06,Bellarmine,away,NR,68,L
3565,2025-12-06-Bellarmine-vs-Murray State-m,2025-12-06,Murray State,home,NR,81,W
3566,2025-12-06-Idaho-vs-South Dakota State-m,2025-12-06,Idaho,away,NR,84,W
3567,2025-12-06-Idaho-vs-South Dakota State-m,2025-12-06,South Dakota State,home,NR,81,L
3568,2025-12-06-Western Michigan-vs-SIU-Edwardsville-m,2025-12-06,Western Michigan,away,NR,83,W
3569,2025-12-06-Western Michigan-vs-SIU-Edwardsville-m,2025-12-06,SIU-Edwardsville,home,NR,73,L
3570,2025-12-06-Sam Houston-vs-Texas Southern-m,2025-12-06,Sam Houston,away,NR,82,W
3571,2025-12-06-Sam Houston-vs-Texas Southern-m,2025-12-06,Texas Southern,home,NR,70,L
3572,2025-12-06-LaGrange-vs-Troy-m,2025-12-06,LaGrange,away,NR,47,L
3573,2025-12-06-LaGrange-vs-Troy-m,2025-12-06,Troy,home,NR,101,W
3574,2025-12-06-Marquette-vs-Wisconsin-m,2025-12-06,Marquette,away,NR,76,L
3575,2025-12-06-Marquette-vs-Wisconsin-m,2025-12-06,Wisconsin,home,NR,96,W
3576,2025-12-06-Oklahoma-vs-Arizona State-m,2025-12-06,Oklahoma,away,NR,70,L
3577,2025-12-06-Oklahoma-vs-Arizona State-m,2025-12-06,Arizona State,home,NR,86,W
3578,2025-12-06-Colorado-vs-Colorado State-m,2025-12-06,Colorado,away,NR,86,L
3579,2025-12-06-Colorado-vs-Colorado State-m,2025-12-06,Colorado State,home,NR,91,W
3580,2025-12-06-Santa Clara-vs-New Mexico-m,2025-12-06,Santa Clara,away,NR,71,L
3581,2025-12-06-Santa Clara-vs-New Mexico-m,2025-12-06,New Mexico,home,NR,98,W
3582,2025-12-06-California Baptist-vs-Utah-m,2025-12-06,California Baptist,away,NR,85,L
3583,2025-12-06-California Baptist-vs-Utah-m,2025-12-06,Utah,home,NR,91,W
3584,2025-12-06-Dartmouth-vs-Wyoming-m,2025-12-06,Dartmouth,away,NR,80,L
3585,2025-12-06-Dartmouth-vs-Wyoming-m,2025-12-06,Wyoming,home,NR,93,W
3586,2025-12-06-UC-Riverside-vs-Cal Poly-m,2025-12-06,UC-Riverside,away,NR,88,W
3587,2025-12-06-UC-Riverside-vs-Cal Poly-m,2025-12-06,Cal Poly,home,NR,84,L
3588,2025-12-06-Pacific-vs-California-m,2025-12-06,Pacific,away,NR,61,L
3589,2025-12-06-Pacific-vs-California-m,2025-12-06,California,home,NR,67,W
3590,2025-12-06-Southern Utah-vs-Oregon State-m,2025-12-06,Southern Utah,away,NR,70,L
3591,2025-12-06-Southern Utah-vs-Oregon State-m,2025-12-06,Oregon State,home,NR,81,W
3592,2025-12-06-Oregon-vs-UCLA-m,2025-12-06,Oregon,away,NR,63,L
3593,2025-12-06-Oregon-vs-UCLA-m,2025-12-06,UCLA,home,NR,74,W
3594,2025-12-06-UMBC-vs-Bucknell-m,2025-12-06,UMBC,away,NR,73,W
3595,2025-12-06-UMBC-vs-Bucknell-m,2025-12-06,Bucknell,home,NR,66,L
3596,2025-12-06-Dayton-vs-Virginia-m,2025-12-06,Dayton,away,NR,73,L
3597,2025-12-06-Dayton-vs-Virginia-m,2025-12-06,Virginia,home,NR,86,W
3598,2025-12-06-Monmouth-vs-Georgia Tech-m,2025-12-06,Monmouth,away,NR,67,L
3599,2025-12-06-Monmouth-vs-Georgia Tech-m,2025-12-06,Georgia Tech,home,NR,79,W
3600,2025-12-06-Southern Miss-vs-Miami (FL)-m,2025-12-06,Southern Miss,away,NR,64,L
3601,2025-12-06-Southern Miss-vs-Miami (FL)-m,2025-12-06,Miami (FL),home,NR,88,W
3602,2025-12-06-Utah Valley-vs-Bowling Green-m,2025-12-06,Utah Valley,away,NR,82,W
3603,2025-12-06-Utah Valley-vs-Bowling Green-m,2025-12-06,Bowling Green,home,NR,71,L
3604,2025-12-06-Bowie State-vs-Howard-m,2025-12-06,Bowie State,away,NR,69,L
3605,2025-12-06-Bowie State-vs-Howard-m,2025-12-06,Howard,home,NR,85,W
3606,2025-12-06-UNC Asheville-vs-NC State-m,2025-12-06,UNC Asheville,away,NR,63,L
3607,2025-12-06-UNC Asheville-vs-NC State-m,2025-12-06,NC State,home,NR,75,W
3608,2025-12-06-Bryant & Stratton Albany-vs-Wagner-m,2025-12-06,Bryant & Stratton Albany,away,NR,36,L
3609,2025-12-06-Bryant & Stratton Albany-vs-Wagner-m,2025-12-06,Wagner,home,NR,92,W
3610,2025-12-06-Maryland-Eastern Shore-vs-American-m,2025-12-06,Maryland-Eastern Shore,away,NR,60,L
3611,2025-12-06-Maryland-Eastern Shore-vs-American-m,2025-12-06,American,home,NR,78,W
3612,2025-12-06-St. Bonaventure-vs-Buffalo-m,2025-12-06,St. Bonaventure,away,NR,77,W
3613,2025-12-06-St. Bonaventure-vs-Buffalo-m,2025-12-06,Buffalo,home,NR,69,L
3614,2025-12-06-Boise State-vs-Butler-m,2025-12-06,Boise State,away,NR,77,W
3615,2025-12-06-Boise State-vs-Butler-m,2025-12-06,Butler,home,NR,68,L
3616,2025-12-06-Southeast Missouri State-vs-Chattanooga-m,2025-12-06,Southeast Missouri State,away,NR,74,W
3617,2025-12-06-Southeast Missouri State-vs-Chattanooga-m,2025-12-06,Chattanooga,home,NR,70,L
3618,2025-12-06-Detroit Mercy-vs-Cleveland State-m,2025-12-06,Detroit Mercy,away,NR,71,W
3619,2025-12-06-Detroit Mercy-vs-Cleveland State-m,2025-12-06,Cleveland State,home,NR,59,L
3620,2025-12-06-St. John Fisher-vs-Colgate-m,2025-12-06,St. John Fisher,away,NR,50,L
3621,2025-12-06-St. John Fisher-vs-Colgate-m,2025-12-06,Colgate,home,NR,94,W
3622,2025-12-06-Drexel-vs-La Salle-m,2025-12-06,Drexel,away,NR,64,L
3623,2025-12-06-Drexel-vs-La Salle-m,2025-12-06,La Salle,home,NR,69,W
3624,2025-12-06-Holy Cross-vs-Fordham-m,2025-12-06,Holy Cross,away,NR,70,W
3625,2025-12-06-Holy Cross-vs-Fordham-m,2025-12-06,Fordham,home,NR,69,L
3626,2025-12-06-Georgia Southern-vs-Gardner-Webb-m,2025-12-06,Georgia Southern,away,NR,88,W
3627,2025-12-06-Georgia Southern-vs-Gardner-Webb-m,2025-12-06,Gardner-Webb,home,NR,84,L
3628,2025-12-06-Northern Kentucky-vs-Purdue Fort Wayne-m,2025-12-06,Northern Kentucky,away,NR,77,L
3629,2025-12-06-Northern Kentucky-vs-Purdue Fort Wayne-m,2025-12-06,Purdue Fort Wayne,home,NR,79,W
3630,2025-12-06-Youngstown State-vs-IU Indianapolis-m,2025-12-06,Youngstown State,away,NR,78,W
3631,2025-12-06-Youngstown State-vs-IU Indianapolis-m,2025-12-06,IU Indianapolis,home,NR,55,L
3632,2025-12-06-LIU-vs-Lehigh-m,2025-12-06,LIU,away,NR,87,W
3633,2025-12-06-LIU-vs-Lehigh-m,2025-12-06,Lehigh,home,NR,82,L
3634,2025-12-06-Ohio State-vs-Northwestern-m,2025-12-06,Ohio State,away,NR,86,W
3635,2025-12-06-Ohio State-vs-Northwestern-m,2025-12-06,Northwestern,home,NR,82,L
3636,2025-12-06-Stetson-vs-South Carolina-m,2025-12-06,Stetson,away,NR,51,L
3637,2025-12-06-Stetson-vs-South Carolina-m,2025-12-06,South Carolina,home,NR,82,W
3638,2025-12-06-Western Carolina-vs-USC Upstate-m,2025-12-06,Western Carolina,away,NR,67,L
3639,2025-12-06-Western Carolina-vs-USC Upstate-m,2025-12-06,USC Upstate,home,NR,78,W
3640,2025-12-06-Tennessee Tech-vs-West Georgia-m,2025-12-06,Tennessee Tech,away,NR,87,W
3641,2025-12-06-Tennessee Tech-vs-West Georgia-m,2025-12-06,West Georgia,home,NR,59,L
3642,2025-12-06-Hannibal-LaGrange-vs-Western Illinois-m,2025-12-06,Hannibal-LaGrange,away,NR,47,L
3643,2025-12-06-Hannibal-LaGrange-vs-Western Illinois-m,2025-12-06,Western Illinois,home,NR,78,W
3644,2025-12-06-Florida Memorial-vs-Florida A&M-m,2025-12-06,Florida Memorial,away,NR,58,L
3645,2025-12-06-Florida Memorial-vs-Florida A&M-m,2025-12-06,Florida A&M,home,NR,60,W
3646,2025-12-06-Georgia State-vs-Kennesaw State-m,2025-12-06,Georgia State,away,NR,69,L
3647,2025-12-06-Georgia State-vs-Kennesaw State-m,2025-12-06,Kennesaw State,home,NR,92,W
3648,2025-12-06-Maine-vs-Miami (OH)-m,2025-12-06,Maine,away,NR,61,L
3649,2025-12-06-Maine-vs-Miami (OH)-m,2025-12-06,Miami (OH),home,NR,93,W
3650,2025-12-06-Toledo-vs-Oakland-m,2025-12-06,Toledo,away,NR,97,L
3651,2025-12-06-Toledo-vs-Oakland-m,2025-12-06,Oakland,home,NR,98,W
3652,2025-12-06-Missouri State-vs-Tulsa-m,2025-12-06,Missouri State,away,NR,74,L
3653,2025-12-06-Missouri State-vs-Tulsa-m,2025-12-06,Tulsa,home,NR,98,W
3654,2025-12-06-Calumet College-vs-Valparaiso-m,2025-12-06,Calumet College,away,NR,58,L
3655,2025-12-06-Calumet College-vs-Valparaiso-m,2025-12-06,Valparaiso,home,NR,98,W
3656,2025-12-06-New Mexico State-vs-Abilene Christian-m,2025-12-06,New Mexico State,away,NR,69,L
3657,2025-12-06-New Mexico State-vs-Abilene Christian-m,2025-12-06,Abilene Christian,home,NR,77,W
3658,2025-12-06-Le Moyne-vs-Binghamton-m,2025-12-06,Le Moyne,away,NR,78,W
3659,2025-12-06-Le Moyne-vs-Binghamton-m,2025-12-06,Binghamton,home,NR,63,L
3660,2025-12-06-UNC Greensboro-vs-East Carolina-m,2025-12-06,UNC Greensboro,away,NR,82,W
3661,2025-12-06-UNC Greensboro-vs-East Carolina-m,2025-12-06,East Carolina,home,NR,78,L
3662,2025-12-06-Maryland-vs-Iowa-m,2025-12-06,Maryland,away,NR,64,L
3663,2025-12-06-Maryland-vs-Iowa-m,2025-12-06,Iowa,home,NR,83,W
3664,2025-12-06-Seton Hall-vs-Kansas State-m,2025-12-06,Seton Hall,away,NR,78,W
3665,2025-12-06-Seton Hall-vs-Kansas State-m,2025-12-06,Kansas State,home,NR,67,L
3666,2025-12-06-Roberts Wesleyan-vs-Kent State-m,2025-12-06,Roberts Wesleyan,away,NR,68,L
3667,2025-12-06-Roberts Wesleyan-vs-Kent State-m,2025-12-06,Kent State,home,NR,111,W
3668,2025-12-06-UNC Wilmington-vs-Louisiana-m,2025-12-06,UNC Wilmington,away,NR,70,W
3669,2025-12-06-UNC Wilmington-vs-Louisiana-m,2025-12-06,Louisiana,home,NR,63,L
3670,2025-12-06-UMass-Lowell-vs-UMass-m,2025-12-06,UMass-Lowell,away,NR,60,L
3671,2025-12-06-UMass-Lowell-vs-UMass-m,2025-12-06,UMass,home,NR,80,W
3672,2025-12-06-Baylor-vs-Memphis-m,2025-12-06,Baylor,away,NR,71,L
3673,2025-12-06-Baylor-vs-Memphis-m,2025-12-06,Memphis,home,NR,78,W
3674,2025-12-06-Longwood-vs-Morgan State-m,2025-12-06,Longwood,away,NR,84,W
3675,2025-12-06-Longwood-vs-Morgan State-m,2025-12-06,Morgan State,home,NR,80,L
3676,2025-12-06-Incarnate Word-vs-Nicholls State-m,2025-12-06,Incarnate Word,away,NR,67,L
3677,2025-12-06-Incarnate Word-vs-Nicholls State-m,2025-12-06,Nicholls State,home,NR,74,W
3678,2025-12-06-North Carolina A&T-vs-North Carolina Central-m,2025-12-06,North Carolina A&T,away,NR,69,W
3679,2025-12-06-North Carolina A&T-vs-North Carolina Central-m,2025-12-06,North Carolina Central,home,NR,54,L
3680,2025-12-06-Champion Christian-vs-Prairie View-m,2025-12-06,Champion Christian,away,NR,62,L
3681,2025-12-06-Champion Christian-vs-Prairie View-m,2025-12-06,Prairie View,home,NR,124,W
3682,2025-12-06-St. Joseph's-vs-Temple-m,2025-12-06,St. Joseph's,away,NR,70,W
3683,2025-12-06-St. Joseph's-vs-Temple-m,2025-12-06,Temple,home,NR,69,L
3684,2025-12-06-Akron-vs-Tulane-m,2025-12-06,Akron,away,NR,88,W
3685,2025-12-06-Akron-vs-Tulane-m,2025-12-06,Tulane,home,NR,71,L
3686,2025-12-06-Evansville-vs-Western Kentucky-m,2025-12-06,Evansville,away,NR,79,L
3687,2025-12-06-Evansville-vs-Western Kentucky-m,2025-12-06,Western Kentucky,home,NR,80,W
3688,2025-12-06-Elms-vs-Brown-m,2025-12-06,Elms,away,NR,34,L
3689,2025-12-06-Elms-vs-Brown-m,2025-12-06,Brown,home,NR,115,W
3690,2025-12-06-Kansas City-vs-Eastern Washington-m,2025-12-06,Kansas City,away,NR,66,L
3691,2025-12-06-Kansas City-vs-Eastern Washington-m,2025-12-06,Eastern Washington,home,NR,90,W
3692,2025-12-06-Vermont-vs-Pepperdine-m,2025-12-06,Vermont,away,NR,65,W
3693,2025-12-06-Vermont-vs-Pepperdine-m,2025-12-06,Pepperdine,home,NR,56,L
3694,2025-12-06-William & Mary-vs-George Washington-m,2025-12-06,William & Mary,away,NR,86,L
3695,2025-12-06-William & Mary-vs-George Washington-m,2025-12-06,George Washington,home,NR,99,W
3696,2025-12-06-Denver-vs-Idaho State-m,2025-12-06,Denver,away,NR,79,L
3697,2025-12-06-Denver-vs-Idaho State-m,2025-12-06,Idaho State,home,NR,93,W
3698,2025-12-06-Houston Christian-vs-New Orleans-m,2025-12-06,Houston Christian,away,NR,85,W
3699,2025-12-06-Houston Christian-vs-New Orleans-m,2025-12-06,New Orleans,home,NR,76,L
3700,2025-12-06-Oklahoma State-vs-Grand Canyon-m,2025-12-06,Oklahoma State,away,NR,84,W
3701,2025-12-06-Oklahoma State-vs-Grand Canyon-m,2025-12-06,Grand Canyon,home,NR,78,L
3702,2025-12-06-Texas A&M-Corpus Christi-vs-Lamar-m,2025-12-06,Texas A&M-Corpus Christi,away,NR,57,W
3703,2025-12-06-Texas A&M-Corpus Christi-vs-Lamar-m,2025-12-06,Lamar,home,NR,49,L
3704,2025-12-06-Boston University-vs-New Hampshire-m,2025-12-06,Boston University,away,NR,82,L
3705,2025-12-06-Boston University-vs-New Hampshire-m,2025-12-06,New Hampshire,home,NR,88,W
3706,2025-12-06-Penn-vs-Villanova-m,2025-12-06,Penn,away,NR,63,L
3707,2025-12-06-Penn-vs-Villanova-m,2025-12-06,Villanova,home,NR,90,W
3708,2025-12-06-Northern Illinois-vs-Bradley-m,2025-12-06,Northern Illinois,away,NR,55,L
3709,2025-12-06-Northern Illinois-vs-Bradley-m,2025-12-06,Bradley,home,NR,84,W
3710,2025-12-06-Lindenwood-vs-Eastern Illinois-m,2025-12-06,Lindenwood,away,NR,82,W
3711,2025-12-06-Lindenwood-vs-Eastern Illinois-m,2025-12-06,Eastern Illinois,home,NR,74,L
3712,2025-12-06-Robert Morris-vs-Milwaukee-m,2025-12-06,Robert Morris,away,NR,72,L
3713,2025-12-06-Robert Morris-vs-Milwaukee-m,2025-12-06,Milwaukee,home,NR,74,W
3714,2025-12-06-Montana-vs-North Dakota-m,2025-12-06,Montana,away,NR,79,W
3715,2025-12-06-Montana-vs-North Dakota-m,2025-12-06,North Dakota,home,NR,75,L
3716,2025-12-06-Northern Arizona-vs-North Dakota State-m,2025-12-06,Northern Arizona,away,NR,68,L
3717,2025-12-06-Northern Arizona-vs-North Dakota State-m,2025-12-06,North Dakota State,home,NR,69,W
3718,2025-12-06-South Dakota-vs-Northern Colorado-m,2025-12-06,South Dakota,away,NR,87,L
3719,2025-12-06-South Dakota-vs-Northern Colorado-m,2025-12-06,Northern Colorado,home,NR,89,W
3720,2025-12-06-Wichita State-vs-Northern Iowa-m,2025-12-06,Wichita State,away,NR,74,W
3721,2025-12-06-Wichita State-vs-Northern Iowa-m,2025-12-06,Northern Iowa,home,NR,69,L
3722,2025-12-06-Montana State-vs-Oral Roberts-m,2025-12-06,Montana State,away,NR,68,L
3723,2025-12-06-Montana State-vs-Oral Roberts-m,2025-12-06,Oral Roberts,home,NR,72,W
3724,2025-12-06-Arkansas State-vs-Little Rock-m,2025-12-06,Arkansas State,away,NR,90,W
3725,2025-12-06-Arkansas State-vs-Little Rock-m,2025-12-06,Little Rock,home,NR,78,L
3726,2025-12-06-Cal State Bakersfield-vs-UCSB-m,2025-12-06,Cal State Bakersfield,away,NR,84,L
3727,2025-12-06-Cal State Bakersfield-vs-UCSB-m,2025-12-06,UCSB,home,NR,109,W
3728,2025-12-06-Arkansas-Pine Bluff-vs-DePaul-m,2025-12-06,Arkansas-Pine Bluff,away,NR,72,L
3729,2025-12-06-Arkansas-Pine Bluff-vs-DePaul-m,2025-12-06,DePaul,home,NR,76,W
3730,2025-12-06-UC-San Diego-vs-Long Beach State-m,2025-12-06,UC-San Diego,away,NR,80,W
3731,2025-12-06-UC-San Diego-vs-Long Beach State-m,2025-12-06,Long Beach State,home,NR,74,L
3732,2025-12-06-Cal State Northridge-vs-UC-Irvine-m,2025-12-06,Cal State Northridge,away,NR,71,L
3733,2025-12-06-Cal State Northridge-vs-UC-Irvine-m,2025-12-06,UC-Irvine,home,NR,85,W
3734,2025-12-06-Omaha-vs-Portland State-m,2025-12-06,Omaha,away,NR,60,W
3735,2025-12-06-Omaha-vs-Portland State-m,2025-12-06,Portland State,home,NR,55,L
3736,2025-12-07-North Florida-vs-Gonzaga-m,2025-12-07,North Florida,away,NR,58,L
3737,2025-12-07-North Florida-vs-Gonzaga-m,2025-12-07,Gonzaga,home, 11 ,109,W
3738,2025-12-07-UTSA-vs-Alabama-m,2025-12-07,UTSA,away,NR,55,L
3739,2025-12-07-UTSA-vs-Alabama-m,2025-12-07,Alabama,home, 12 ,97,W
3740,2025-12-07-Georgetown-vs-UNC-m,2025-12-07,Georgetown,away,NR,61,L
3741,2025-12-07-Georgetown-vs-UNC-m,2025-12-07,UNC,home, 16 ,81,W
3742,2025-12-07-LSU-vs-Texas Tech-m,2025-12-07,LSU,away,NR,58,L
3743,2025-12-07-LSU-vs-Texas Tech-m,2025-12-07,Texas Tech,home, 19 ,82,W
3744,2025-12-07-Missouri-vs-Kansas-m,2025-12-07,Missouri,away,NR,60,L
3745,2025-12-07-Missouri-vs-Kansas-m,2025-12-07,Kansas,home, 21 ,80,W
3746,2025-12-07-Towson-vs-UCF-m,2025-12-07,Towson,away,NR,61,L
3747,2025-12-07-Towson-vs-UCF-m,2025-12-07,UCF,home,NR,86,W
3748,2025-12-07-Tusculum-vs-ETSU-m,2025-12-07,Tusculum,away,NR,62,L
3749,2025-12-07-Tusculum-vs-ETSU-m,2025-12-07,ETSU,home,NR,78,W
3750,2025-12-07-Cal State Fullerton-vs-Hawaii-m,2025-12-07,Cal State Fullerton,away,NR,59,L
3751,2025-12-07-Cal State Fullerton-vs-Hawaii-m,2025-12-07,Hawaii,home,NR,69,W
3752,2025-12-07-Hofstra-vs-Pitt-m,2025-12-07,Hofstra,away,NR,80,W
3753,2025-12-07-Hofstra-vs-Pitt-m,2025-12-07,Pitt,home,NR,73,L
3754,2025-12-07-Iona-vs-Sacred Heart-m,2025-12-07,Iona,away,NR,81,W
3755,2025-12-07-Iona-vs-Sacred Heart-m,2025-12-07,Sacred Heart,home,NR,69,L
3756,2025-12-07-Green Bay-vs-Wright State-m,2025-12-07,Green Bay,away,NR,58,L
3757,2025-12-07-Green Bay-vs-Wright State-m,2025-12-07,Wright State,home,NR,86,W
3758,2025-12-07-Alabama A&M-vs-Lipscomb-m,2025-12-07,Alabama A&M,away,NR,58,L
3759,2025-12-07-Alabama A&M-vs-Lipscomb-m,2025-12-07,Lipscomb,home,NR,92,W
3760,2025-12-07-Belmont-vs-Middle Tennessee-m,2025-12-07,Belmont,away,NR,83,W
3761,2025-12-07-Belmont-vs-Middle Tennessee-m,2025-12-07,Middle Tennessee,home,NR,62,L
3762,2025-12-07-Austin Peay-vs-Texas-Rio Grande Valley-m,2025-12-07,Austin Peay,away,NR,50,L
3763,2025-12-07-Austin Peay-vs-Texas-Rio Grande Valley-m,2025-12-07,Texas-Rio Grande Valley,home,NR,63,W
3764,2025-12-07-Gallaudet-vs-Army-m,2025-12-07,Gallaudet,away,NR,53,L
3765,2025-12-07-Gallaudet-vs-Army-m,2025-12-07,Army,home,NR,111,W
3766,2025-12-07-Fairfield-vs-Merrimack-m,2025-12-07,Fairfield,away,NR,63,L
3767,2025-12-07-Fairfield-vs-Merrimack-m,2025-12-07,Merrimack,home,NR,74,W
3768,2025-12-07-Air Force-vs-Navy-m,2025-12-07,Air Force,away,NR,56,L
3769,2025-12-07-Air Force-vs-Navy-m,2025-12-07,Navy,home,NR,61,W
3770,2025-12-07-Southern Indiana-vs-Indiana State-m,2025-12-07,Southern Indiana,away,NR,55,L
3771,2025-12-07-Southern Indiana-vs-Indiana State-m,2025-12-07,Indiana State,home,NR,77,W
3772,2025-12-07-Central Connecticut-vs-Northeastern-m,2025-12-07,Central Connecticut,away,NR,56,L
3773,2025-12-07-Central Connecticut-vs-Northeastern-m,2025-12-07,Northeastern,home,NR,73,W
3774,2025-12-07-Weber State-vs-St. Thomas-m,2025-12-07,Weber State,away,NR,65,L
3775,2025-12-07-Weber State-vs-St. Thomas-m,2025-12-07,St. Thomas,home,NR,88,W
3776,2025-12-07-Utah State-vs-Charlotte-m,2025-12-07,Utah State,away,NR,79,W
3777,2025-12-07-Utah State-vs-Charlotte-m,2025-12-07,Charlotte,home,NR,53,L
3778,2025-12-07-Saint Mary's-vs-Davidson-m,2025-12-07,Saint Mary's,away,NR,70,W
3779,2025-12-07-Saint Mary's-vs-Davidson-m,2025-12-07,Davidson,home,NR,61,L
3780,2025-12-07-Florida Atlantic-vs-Florida Gulf Coast-m,2025-12-07,Florida Atlantic,away,NR,81,W
3781,2025-12-07-Florida Atlantic-vs-Florida Gulf Coast-m,2025-12-07,Florida Gulf Coast,home,NR,76,L
3782,2025-12-07-Manhattan-vs-Marist-m,2025-12-07,Manhattan,away,NR,68,L
3783,2025-12-07-Manhattan-vs-Marist-m,2025-12-07,Marist,home,NR,80,W
3784,2025-12-07-Oglethorpe-vs-Mercer-m,2025-12-07,Oglethorpe,away,NR,50,L
3785,2025-12-07-Oglethorpe-vs-Mercer-m,2025-12-07,Mercer,home,NR,100,W
3786,2025-12-07-Bethany (WV)-vs-Mercyhurst-m,2025-12-07,Bethany (WV),away,NR,51,L
3787,2025-12-07-Bethany (WV)-vs-Mercyhurst-m,2025-12-07,Mercyhurst,home,NR,80,W
3788,2025-12-07-Rider-vs-Quinnipiac-m,2025-12-07,Rider,away,NR,58,L
3789,2025-12-07-Rider-vs-Quinnipiac-m,2025-12-07,Quinnipiac,home,NR,72,W
3790,2025-12-07-Saint Francis (PA)-vs-Radford-m,2025-12-07,Saint Francis (PA),away,NR,56,L
3791,2025-12-07-Saint Francis (PA)-vs-Radford-m,2025-12-07,Radford,home,NR,89,W
3792,2025-12-07-Niagara-vs-St. Peter's-m,2025-12-07,Niagara,away,NR,43,L
3793,2025-12-07-Niagara-vs-St. Peter's-m,2025-12-07,St. Peter's,home,NR,71,W
3794,2025-12-07-Canisius-vs-Siena-m,2025-12-07,Canisius,away,NR,52,L
3795,2025-12-07-Canisius-vs-Siena-m,2025-12-07,Siena,home,NR,74,W
3796,2025-12-07-UIC-vs-Yale-m,2025-12-07,UIC,away,NR,66,L
3797,2025-12-07-UIC-vs-Yale-m,2025-12-07,Yale,home,NR,80,W
3798,2025-12-07-Ecclesia-vs-Louisiana Tech-m,2025-12-07,Ecclesia,away,NR,37,L
3799,2025-12-07-Ecclesia-vs-Louisiana Tech-m,2025-12-07,Louisiana Tech,home,NR,89,W
3800,2025-12-07-Central Michigan-vs-Saint Louis-m,2025-12-07,Central Michigan,away,NR,65,L
3801,2025-12-07-Central Michigan-vs-Saint Louis-m,2025-12-07,Saint Louis,home,NR,107,W
3802,2025-12-07-Louisiana-Monroe-vs-Stephen F. Austin-m,2025-12-07,Louisiana-Monroe,away,NR,76,L
3803,2025-12-07-Louisiana-Monroe-vs-Stephen F. Austin-m,2025-12-07,Stephen F. Austin,home,NR,96,W
3804,2025-12-07-Alabama State-vs-UT-Martin-m,2025-12-07,Alabama State,away,NR,64,L
3805,2025-12-07-Alabama State-vs-UT-Martin-m,2025-12-07,UT-Martin,home,NR,74,W
3806,2025-12-07-Aquinas-vs-Bowling Green-m,2025-12-07,Aquinas,away,NR,50,L
3807,2025-12-07-Aquinas-vs-Bowling Green-m,2025-12-07,Bowling Green,home,NR,131,W
3808,2025-12-07-Virginia University of Lynchburg-vs-Campbell-m,2025-12-07,Virginia University of Lynchburg,away,NR,62,L
3809,2025-12-07-Virginia University of Lynchburg-vs-Campbell-m,2025-12-07,Campbell,home,NR,149,W
3810,2025-12-07-San Francisco-vs-Mississippi State-m,2025-12-07,San Francisco,away,NR,65,W
3811,2025-12-07-San Francisco-vs-Mississippi State-m,2025-12-07,Mississippi State,home,NR,62,L
3812,2025-12-07-Northwestern State-vs-Southeastern Louisiana-m,2025-12-07,Northwestern State,away,NR,76,W
3813,2025-12-07-Northwestern State-vs-Southeastern Louisiana-m,2025-12-07,Southeastern Louisiana,home,NR,68,L
3814,2025-12-07-UNLV-vs-Stanford-m,2025-12-07,UNLV,away,NR,75,W
3815,2025-12-07-UNLV-vs-Stanford-m,2025-12-07,Stanford,home,NR,74,L
3816,2025-12-07-Auburn Montgomery-vs-Jacksonville State-m,2025-12-07,Auburn Montgomery,away,NR,39,L
3817,2025-12-07-Auburn Montgomery-vs-Jacksonville State-m,2025-12-07,Jacksonville State,home,NR,66,W
3818,2025-12-07-Creighton-vs-Nebraska-m,2025-12-07,Creighton,away,NR,50,L
3819,2025-12-07-Creighton-vs-Nebraska-m,2025-12-07,Nebraska,home,NR,71,W
3820,2025-12-07-TCU-vs-North Texas-m,2025-12-07,TCU,away,NR,65,W
3821,2025-12-07-TCU-vs-North Texas-m,2025-12-07,North Texas,home,NR,55,L
3822,2025-12-07-Texas A&M-vs-SMU-m,2025-12-07,Texas A&M,away,NR,80,L
3823,2025-12-07-Texas A&M-vs-SMU-m,2025-12-07,SMU,home,NR,93,W
3824,2025-12-07-Cameron-vs-Tarleton State-m,2025-12-07,Cameron,away,NR,63,L
3825,2025-12-07-Cameron-vs-Tarleton State-m,2025-12-07,Tarleton State,home,NR,93,W
3826,2025-12-07-Nevada-vs-Washington State-m,2025-12-07,Nevada,away,NR,78,W
3827,2025-12-07-Nevada-vs-Washington State-m,2025-12-07,Washington State,home,NR,64,L
3828,2025-12-07-Central Arkansas-vs-East Texas A&M-m,2025-12-07,Central Arkansas,away,NR,68,L
3829,2025-12-07-Central Arkansas-vs-East Texas A&M-m,2025-12-07,East Texas A&M,home,NR,75,W
3830,2025-12-07-Cornell-vs-Samford-m,2025-12-07,Cornell,away,NR,90,L
3831,2025-12-07-Cornell-vs-Samford-m,2025-12-07,Samford,home,NR,93,W
3832,2025-12-07-UTEP-vs-Seattle-m,2025-12-07,UTEP,away,NR,68,L
3833,2025-12-07-UTEP-vs-Seattle-m,2025-12-07,Seattle,home,NR,75,W
3834,2025-12-08-Southern Wesleyan-vs-Kennesaw State-m,2025-12-08,Southern Wesleyan,away,NR,66,L
3835,2025-12-08-Southern Wesleyan-vs-Kennesaw State-m,2025-12-08,Kennesaw State,home,NR,121,W
3836,2025-12-08-Lafayette-vs-Penn-m,2025-12-08,Lafayette,away,NR,72,L
3837,2025-12-08-Lafayette-vs-Penn-m,2025-12-08,Penn,home,NR,74,W
3838,2025-12-08-South Carolina State-vs-Charleston Southern-m,2025-12-08,South Carolina State,away,NR,44,L
3839,2025-12-08-South Carolina State-vs-Charleston Southern-m,2025-12-08,Charleston Southern,home,NR,84,W
3840,2025-12-08-Mississippi Valley State-vs-Kansas State-m,2025-12-08,Mississippi Valley State,away,NR,49,L
3841,2025-12-08-Mississippi Valley State-vs-Kansas State-m,2025-12-08,Kansas State,home,NR,108,W
3842,2025-12-08-Incarnate Word-vs-New Orleans-m,2025-12-08,Incarnate Word,away,NR,83,L
3843,2025-12-08-Incarnate Word-vs-New Orleans-m,2025-12-08,New Orleans,home,NR,84,W
3844,2025-12-08-Grambling-vs-Southern Miss-m,2025-12-08,Grambling,away,NR,60,L
3845,2025-12-08-Grambling-vs-Southern Miss-m,2025-12-08,Southern Miss,home,NR,68,W
3846,2025-12-08-Southern-vs-Texas-m,2025-12-08,Southern,away,NR,69,L
3847,2025-12-08-Southern-vs-Texas-m,2025-12-08,Texas,home,NR,95,W
3848,2025-12-09-Villanova-vs-Michigan-m,2025-12-09,Villanova,away,NR,61,L
3849,2025-12-09-Villanova-vs-Michigan-m,2025-12-09,Michigan,home, 2 ,89,W
3850,2025-12-09-Florida-vs-UConn-m,2025-12-09,Florida,away, 18 ,73,L
3851,2025-12-09-Florida-vs-UConn-m,2025-12-09,UConn,home, 5 ,77,W
3852,2025-12-09-Clemson-vs-BYU-m,2025-12-09,Clemson,away,NR,64,L
3853,2025-12-09-Clemson-vs-BYU-m,2025-12-09,BYU,home, 10 ,67,W
3854,2025-12-09-Illinois-vs-Ohio State-m,2025-12-09,Illinois,away, 13 ,88,W
3855,2025-12-09-Illinois-vs-Ohio State-m,2025-12-09,Ohio State,home,NR,80,L
3856,2025-12-09-Maryland-Eastern Shore-vs-Virginia-m,2025-12-09,Maryland-Eastern Shore,away,NR,60,L
3857,2025-12-09-Maryland-Eastern Shore-vs-Virginia-m,2025-12-09,Virginia,home, 24 ,84,W
3858,2025-12-09-Bob Jones University-vs-Furman-m,2025-12-09,Bob Jones University,away,NR,57,L
3859,2025-12-09-Bob Jones University-vs-Furman-m,2025-12-09,Furman,home,NR,105,W
3860,2025-12-09-Regis (MA)-vs-Holy Cross-m,2025-12-09,Regis (MA),away,NR,47,L
3861,2025-12-09-Regis (MA)-vs-Holy Cross-m,2025-12-09,Holy Cross,home,NR,69,W
3862,2025-12-09-North Carolina A&T-vs-Howard-m,2025-12-09,North Carolina A&T,away,NR,69,L
3863,2025-12-09-North Carolina A&T-vs-Howard-m,2025-12-09,Howard,home,NR,73,W
3864,2025-12-09-Penn State-vs-Indiana-m,2025-12-09,Penn State,away,NR,72,L
3865,2025-12-09-Penn State-vs-Indiana-m,2025-12-09,Indiana,home,NR,113,W
3866,2025-12-09-Brown-vs-Providence-m,2025-12-09,Brown,away,NR,79,L
3867,2025-12-09-Brown-vs-Providence-m,2025-12-09,Providence,home,NR,86,W
3868,2025-12-09-Georgian Court-vs-Temple-m,2025-12-09,Georgian Court,away,NR,57,L
3869,2025-12-09-Georgian Court-vs-Temple-m,2025-12-09,Temple,home,NR,103,W
3870,2025-12-09-Little Rock-vs-West Virginia-m,2025-12-09,Little Rock,away,NR,58,L
3871,2025-12-09-Little Rock-vs-West Virginia-m,2025-12-09,West Virginia,home,NR,90,W
3872,2025-12-09-Dartmouth-vs-Colorado State-m,2025-12-09,Dartmouth,away,NR,55,L
3873,2025-12-09-Dartmouth-vs-Colorado State-m,2025-12-09,Colorado State,home,NR,76,W
3874,2025-12-09-South Dakota-vs-Wyoming-m,2025-12-09,South Dakota,away,NR,79,L
3875,2025-12-09-South Dakota-vs-Wyoming-m,2025-12-09,Wyoming,home,NR,106,W
3876,2025-12-09-Dominican (CA)-vs-California-m,2025-12-09,Dominican (CA),away,NR,71,L
3877,2025-12-09-Dominican (CA)-vs-California-m,2025-12-09,California,home,NR,93,W
3878,2025-12-09-USC-vs-San Diego-m,2025-12-09,USC,away,NR,94,W
3879,2025-12-09-USC-vs-San Diego-m,2025-12-09,San Diego,home,NR,81,L
3880,2025-12-09-Long Beach State-vs-San Jose State-m,2025-12-09,Long Beach State,away,NR,83,L
3881,2025-12-09-Long Beach State-vs-San Jose State-m,2025-12-09,San Jose State,home,NR,89,W
3882,2025-12-09-Arkansas Baptist-vs-Louisiana-Monroe-m,2025-12-09,Arkansas Baptist,away,NR,69,L
3883,2025-12-09-Arkansas Baptist-vs-Louisiana-Monroe-m,2025-12-09,Louisiana-Monroe,home,NR,79,W
3884,2025-12-09-Buffalo-vs-UMBC-m,2025-12-09,Buffalo,away,NR,83,W
3885,2025-12-09-Buffalo-vs-UMBC-m,2025-12-09,UMBC,home,NR,79,L
3886,2025-12-09-Loyola (MD)-vs-VMI-m,2025-12-09,Loyola (MD),away,NR,70,L
3887,2025-12-09-Loyola (MD)-vs-VMI-m,2025-12-09,VMI,home,NR,86,W
3888,2025-12-09-Toccoa Falls-vs-Winthrop-m,2025-12-09,Toccoa Falls,away,NR,62,L
3889,2025-12-09-Toccoa Falls-vs-Winthrop-m,2025-12-09,Winthrop,home,NR,111,W
3890,2025-12-09-South Dakota State-vs-Ball State-m,2025-12-09,South Dakota State,away,NR,68,W
3891,2025-12-09-South Dakota State-vs-Ball State-m,2025-12-09,Ball State,home,NR,64,L
3892,2025-12-09-Oakwood-vs-Chattanooga-m,2025-12-09,Oakwood,away,NR,46,L
3893,2025-12-09-Oakwood-vs-Chattanooga-m,2025-12-09,Chattanooga,home,NR,103,W
3894,2025-12-09-Southern Wesleyan-vs-The Citadel-m,2025-12-09,Southern Wesleyan,away,NR,73,L
3895,2025-12-09-Southern Wesleyan-vs-The Citadel-m,2025-12-09,The Citadel,home,NR,98,W
3896,2025-12-09-North Carolina Central-vs-Kentucky-m,2025-12-09,North Carolina Central,away,NR,67,L
3897,2025-12-09-North Carolina Central-vs-Kentucky-m,2025-12-09,Kentucky,home,NR,103,W
3898,2025-12-09-Culver-Stockton-vs-Lindenwood-m,2025-12-09,Culver-Stockton,away,NR,44,L
3899,2025-12-09-Culver-Stockton-vs-Lindenwood-m,2025-12-09,Lindenwood,home,NR,110,W
3900,2025-12-09-Brescia-vs-Northern Kentucky-m,2025-12-09,Brescia,away,NR,53,L
3901,2025-12-09-Brescia-vs-Northern Kentucky-m,2025-12-09,Northern Kentucky,home,NR,92,W
3902,2025-12-09-McNeese State-vs-Rhode Island-m,2025-12-09,McNeese State,away,NR,66,W
3903,2025-12-09-McNeese State-vs-Rhode Island-m,2025-12-09,Rhode Island,home,NR,64,L
3904,2025-12-09-Bucknell-vs-Rider-m,2025-12-09,Bucknell,away,NR,51,W
3905,2025-12-09-Bucknell-vs-Rider-m,2025-12-09,Rider,home,NR,38,L
3906,2025-12-09-Coppin State-vs-St. Joseph's-m,2025-12-09,Coppin State,away,NR,65,L
3907,2025-12-09-Coppin State-vs-St. Joseph's-m,2025-12-09,St. Joseph's,home,NR,87,W
3908,2025-12-09-Columbia-vs-Stony Brook-m,2025-12-09,Columbia,away,NR,73,L
3909,2025-12-09-Columbia-vs-Stony Brook-m,2025-12-09,Stony Brook,home,NR,77,W
3910,2025-12-09-Morgan State-vs-DePaul-m,2025-12-09,Morgan State,away,NR,49,L
3911,2025-12-09-Morgan State-vs-DePaul-m,2025-12-09,DePaul,home,NR,92,W
3912,2025-12-09-Doane College-vs-Omaha-m,2025-12-09,Doane College,away,NR,70,L
3913,2025-12-09-Doane College-vs-Omaha-m,2025-12-09,Omaha,home,NR,79,W
3914,2025-12-09-Northern Arizona-vs-Arizona State-m,2025-12-09,Northern Arizona,away,NR,48,L
3915,2025-12-09-Northern Arizona-vs-Arizona State-m,2025-12-09,Arizona State,home,NR,73,W
3916,2025-12-09-Colorado Christian-vs-Denver-m,2025-12-09,Colorado Christian,away,NR,59,L
3917,2025-12-09-Colorado Christian-vs-Denver-m,2025-12-09,Denver,home,NR,95,W
3918,2025-12-10-Minnesota-vs-Purdue-m,2025-12-10,Minnesota,away,NR,57,L
3919,2025-12-10-Minnesota-vs-Purdue-m,2025-12-10,Purdue,home, 6 ,85,W
3920,2025-12-10-Jackson State-vs-Houston-m,2025-12-10,Jackson State,away,NR,38,L
3921,2025-12-10-Jackson State-vs-Houston-m,2025-12-10,Houston,home, 7 ,80,W
3922,2025-12-10-Wisconsin-vs-Nebraska-m,2025-12-10,Wisconsin,away,NR,60,L
3923,2025-12-10-Wisconsin-vs-Nebraska-m,2025-12-10,Nebraska,home, 23 ,90,W
3924,2025-12-10-Maine-vs-Boston University-m,2025-12-10,Maine,away,NR,69,W
3925,2025-12-10-Maine-vs-Boston University-m,2025-12-10,Boston University,home,NR,59,L
3926,2025-12-10-Colgate-vs-St. Bonaventure-m,2025-12-10,Colgate,away,NR,77,L
3927,2025-12-10-Colgate-vs-St. Bonaventure-m,2025-12-10,St. Bonaventure,home,NR,85,W
3928,2025-12-10-New Mexico-vs-VCU-m,2025-12-10,New Mexico,away,NR,81,W
3929,2025-12-10-New Mexico-vs-VCU-m,2025-12-10,VCU,home,NR,78,L
3930,2025-12-10-Weber State-vs-Kansas City-m,2025-12-10,Weber State,away,NR,64,W
3931,2025-12-10-Weber State-vs-Kansas City-m,2025-12-10,Kansas City,home,NR,60,L
3932,2025-12-10-UT-Martin-vs-Southern Illinois-m,2025-12-10,UT-Martin,away,NR,54,L
3933,2025-12-10-UT-Martin-vs-Southern Illinois-m,2025-12-10,Southern Illinois,home,NR,83,W
3934,2025-12-10-Duquesne-vs-Boise State-m,2025-12-10,Duquesne,away,NR,64,L
3935,2025-12-10-Duquesne-vs-Boise State-m,2025-12-10,Boise State,home,NR,86,W
3936,2025-12-10-Lamar-vs-San Diego State-m,2025-12-10,Lamar,away,NR,71,L
3937,2025-12-10-Lamar-vs-San Diego State-m,2025-12-10,San Diego State,home,NR,89,W
3938,2025-12-10-Norfolk State-vs-Baylor-m,2025-12-10,Norfolk State,away,NR,67,L
3939,2025-12-10-Norfolk State-vs-Baylor-m,2025-12-10,Baylor,home,NR,97,W
3940,2025-12-10-Albany (NY)-vs-Yale-m,2025-12-10,Albany (NY),away,NR,82,L
3941,2025-12-10-Albany (NY)-vs-Yale-m,2025-12-10,Yale,home,NR,93,W
3942,2025-12-10-Merrimack-vs-Princeton-m,2025-12-10,Merrimack,away,NR,59,W
3943,2025-12-10-Merrimack-vs-Princeton-m,2025-12-10,Princeton,home,NR,56,L
3944,2025-12-10-Fisher College-vs-UMass-Lowell-m,2025-12-10,Fisher College,away,NR,73,L
3945,2025-12-10-Fisher College-vs-UMass-Lowell-m,2025-12-10,UMass-Lowell,home,NR,122,W
3946,2025-12-10-Miami (OH)-vs-UNC Asheville-m,2025-12-10,Miami (OH),away,NR,90,W
3947,2025-12-10-Miami (OH)-vs-UNC Asheville-m,2025-12-10,UNC Asheville,home,NR,87,L
3948,2025-12-10-Saint Leo-vs-Florida Atlantic-m,2025-12-10,Saint Leo,away,NR,55,L
3949,2025-12-10-Saint Leo-vs-Florida Atlantic-m,2025-12-10,Florida Atlantic,home,NR,112,W
3950,2025-12-10-FDU-vs-Fordham-m,2025-12-10,FDU,away,NR,54,L
3951,2025-12-10-FDU-vs-Fordham-m,2025-12-10,Fordham,home,NR,75,W
3952,2025-12-10-Delaware-vs-George Washington-m,2025-12-10,Delaware,away,NR,70,W
3953,2025-12-10-Delaware-vs-George Washington-m,2025-12-10,George Washington,home,NR,58,L
3954,2025-12-10-Old Westbury-vs-Hofstra-m,2025-12-10,Old Westbury,away,NR,23,L
3955,2025-12-10-Old Westbury-vs-Hofstra-m,2025-12-10,Hofstra,home,NR,92,W
3956,2025-12-10-Bryant-vs-Iona-m,2025-12-10,Bryant,away,NR,63,L
3957,2025-12-10-Bryant-vs-Iona-m,2025-12-10,Iona,home,NR,69,W
3958,2025-12-10-Western Kentucky-vs-Marshall-m,2025-12-10,Western Kentucky,away,NR,61,L
3959,2025-12-10-Western Kentucky-vs-Marshall-m,2025-12-10,Marshall,home,NR,77,W
3960,2025-12-10-Boston College-vs-UMass-m,2025-12-10,Boston College,away,NR,74,L
3961,2025-12-10-Boston College-vs-UMass-m,2025-12-10,UMass,home,NR,76,W
3962,2025-12-10-College of Biblical Studies-vs-Nicholls State-m,2025-12-10,College of Biblical Studies,away,NR,49,L
3963,2025-12-10-College of Biblical Studies-vs-Nicholls State-m,2025-12-10,Nicholls State,home,NR,117,W
3964,2025-12-10-New Haven-vs-NJIT-m,2025-12-10,New Haven,away,NR,64,L
3965,2025-12-10-New Haven-vs-NJIT-m,2025-12-10,NJIT,home,NR,70,W
3966,2025-12-10-Liberty-vs-NC State-m,2025-12-10,Liberty,away,NR,45,L
3967,2025-12-10-Liberty-vs-NC State-m,2025-12-10,NC State,home,NR,85,W
3968,2025-12-10-Idaho-vs-Notre Dame-m,2025-12-10,Idaho,away,NR,65,L
3969,2025-12-10-Idaho-vs-Notre Dame-m,2025-12-10,Notre Dame,home,NR,80,W
3970,2025-12-10-College of Charleston-vs-South Florida-m,2025-12-10,College of Charleston,away,NR,75,L
3971,2025-12-10-College of Charleston-vs-South Florida-m,2025-12-10,South Florida,home,NR,81,W
3972,2025-12-10-Tougaloo-vs-Tulane-m,2025-12-10,Tougaloo,away,NR,72,L
3973,2025-12-10-Tougaloo-vs-Tulane-m,2025-12-10,Tulane,home,NR,84,W
3974,2025-12-10-Eastern Kentucky-vs-Eastern Illinois-m,2025-12-10,Eastern Kentucky,away,NR,68,W
3975,2025-12-10-Eastern Kentucky-vs-Eastern Illinois-m,2025-12-10,Eastern Illinois,home,NR,59,L
3976,2025-12-10-Eastern Michigan-vs-Purdue Fort Wayne-m,2025-12-10,Eastern Michigan,away,NR,65,L
3977,2025-12-10-Eastern Michigan-vs-Purdue Fort Wayne-m,2025-12-10,Purdue Fort Wayne,home,NR,80,W
3978,2025-12-10-Crown (MN)-vs-North Dakota-m,2025-12-10,Crown (MN),away,NR,43,L
3979,2025-12-10-Crown (MN)-vs-North Dakota-m,2025-12-10,North Dakota,home,NR,89,W
3980,2025-12-10-Southern-vs-Texas State-m,2025-12-10,Southern,away,NR,83,L
3981,2025-12-10-Southern-vs-Texas State-m,2025-12-10,Texas State,home,NR,86,W
3982,2025-12-10-Arkansas-Pine Bluff-vs-Tulsa-m,2025-12-10,Arkansas-Pine Bluff,away,NR,84,L
3983,2025-12-10-Arkansas-Pine Bluff-vs-Tulsa-m,2025-12-10,Tulsa,home,NR,117,W
3984,2025-12-10-Idaho State-vs-Utah Valley-m,2025-12-10,Idaho State,away,NR,69,L
3985,2025-12-10-Idaho State-vs-Utah Valley-m,2025-12-10,Utah Valley,home,NR,73,W
3986,2025-12-10-Salish Kootenai-vs-Montana-m,2025-12-10,Salish Kootenai,away,NR,46,L
3987,2025-12-10-Salish Kootenai-vs-Montana-m,2025-12-10,Montana,home,NR,102,W
3988,2025-12-10-Bethesda University (CA)-vs-Cal State Fullerton-m,2025-12-10,Bethesda University (CA),away,NR,66,L
3989,2025-12-10-Bethesda University (CA)-vs-Cal State Fullerton-m,2025-12-10,Cal State Fullerton,home,NR,116,W
3990,2025-12-10-Fresno State-vs-Cal State Northridge-m,2025-12-10,Fresno State,away,NR,87,L
3991,2025-12-10-Fresno State-vs-Cal State Northridge-m,2025-12-10,Cal State Northridge,home,NR,89,W
3992,2025-12-11-Iowa-vs-Iowa State-m,2025-12-11,Iowa,away,NR,62,L
3993,2025-12-11-Iowa-vs-Iowa State-m,2025-12-11,Iowa State,home, 4 ,66,W
3994,2025-12-11-Hawaii-Hilo-vs-Hawaii-m,2025-12-11,Hawaii-Hilo,away,NR,46,L
3995,2025-12-11-Hawaii-Hilo-vs-Hawaii-m,2025-12-11,Hawaii,home,NR,98,W
3996,2025-12-11-Trinity Christian-vs-Jacksonville-m,2025-12-11,Trinity Christian,away,NR,49,L
3997,2025-12-11-Trinity Christian-vs-Jacksonville-m,2025-12-11,Jacksonville,home,NR,122,W
3998,2025-12-11-St. Joseph's-vs-Syracuse-m,2025-12-11,St. Joseph's,away,NR,63,L
3999,2025-12-11-St. Joseph's-vs-Syracuse-m,2025-12-11,Syracuse,home,NR,71,W
4000,2025-12-11-Western Carolina-vs-Virginia Tech-m,2025-12-11,Western Carolina,away,NR,74,L
4001,2025-12-11-Western Carolina-vs-Virginia Tech-m,2025-12-11,Virginia Tech,home,NR,96,W
4002,2025-12-11-Green Bay-vs-IU Indianapolis-m,2025-12-11,Green Bay,away,NR,85,W
4003,2025-12-11-Green Bay-vs-IU Indianapolis-m,2025-12-11,IU Indianapolis,home,NR,75,L
4004,2025-12-11-Appalachian State-vs-East Carolina-m,2025-12-11,Appalachian State,away,NR,67,W
4005,2025-12-11-Appalachian State-vs-East Carolina-m,2025-12-11,East Carolina,home,NR,54,L
4006,2025-12-11-Coastal Georgia-vs-Georgia Southern-m,2025-12-11,Coastal Georgia,away,NR,58,L
4007,2025-12-11-Coastal Georgia-vs-Georgia Southern-m,2025-12-11,Georgia Southern,home,NR,100,W
4008,2025-12-11-UT Arlington-vs-Texas-Rio Grande Valley-m,2025-12-11,UT Arlington,away,NR,58,W
4009,2025-12-11-UT Arlington-vs-Texas-Rio Grande Valley-m,2025-12-11,Texas-Rio Grande Valley,home,NR,50,L
4010,2025-12-11-Bloomfield-vs-Wagner-m,2025-12-11,,away,NR,93,L
4011,2025-12-11-Bloomfield-vs-Wagner-m,2025-12-11,Wagner,home,NR,95,W
4012,2025-12-11-Alabama State-vs-Missouri-m,2025-12-11,Alabama State,away,NR,77,L
4013,2025-12-11-Alabama State-vs-Missouri-m,2025-12-11,Missouri,home,NR,85,W
4014,2025-12-11-Saint John's (MN)-vs-St. Thomas-m,2025-12-11,Saint John's (MN),away,NR,56,L
4015,2025-12-11-Saint John's (MN)-vs-St. Thomas-m,2025-12-11,St. Thomas,home,NR,80,W
4016,2025-12-11-North Dakota State-vs-Cal State Bakersfield-m,2025-12-11,North Dakota State,away,NR,80,W
4017,2025-12-11-North Dakota State-vs-Cal State Bakersfield-m,2025-12-11,Cal State Bakersfield,home,NR,69,L
4018,2025-12-11-Alaska-Anchorage-vs-Denver-m,2025-12-11,Alaska-Anchorage,away,NR,61,L
4019,2025-12-11-Alaska-Anchorage-vs-Denver-m,2025-12-11,Denver,home,NR,97,W
4020,2025-12-12-Texas-vs-UConn-m,2025-12-12,Texas,away,NR,63,L
4021,2025-12-12-Texas-vs-UConn-m,2025-12-12,UConn,home, 5 ,71,W
4022,2025-12-12-Brevard-vs-Gardner-Webb-m,2025-12-12,Brevard,away,NR,63,L
4023,2025-12-12-Brevard-vs-Gardner-Webb-m,2025-12-12,Gardner-Webb,home,NR,77,W
4024,2025-12-12-William Peace-vs-UNC Greensboro-m,2025-12-12,William Peace,away,NR,62,L
4025,2025-12-12-William Peace-vs-UNC Greensboro-m,2025-12-12,UNC Greensboro,home,NR,90,W
4026,2025-12-12-VTSU Johnson-vs-Stonehill-m,2025-12-12,VTSU Johnson,away,NR,60,L
4027,2025-12-12-VTSU Johnson-vs-Stonehill-m,2025-12-12,Stonehill,home,NR,101,W
4028,2025-12-12-ETSU-vs-Austin Peay-m,2025-12-12,ETSU,away,NR,75,L
4029,2025-12-12-ETSU-vs-Austin Peay-m,2025-12-12,Austin Peay,home,NR,76,W
4030,2025-12-12-East Texas A&M-vs-McNeese State-m,2025-12-12,East Texas A&M,away,NR,66,L
4031,2025-12-12-East Texas A&M-vs-McNeese State-m,2025-12-12,McNeese State,home,NR,102,W
4032,2025-12-12-Army-vs-UMBC-m,2025-12-12,Army,away,NR,63,W
4033,2025-12-12-Army-vs-UMBC-m,2025-12-12,UMBC,home,NR,60,L
4034,2025-12-12-Maryland-Eastern Shore-vs-North Carolina A&T-m,2025-12-12,Maryland-Eastern Shore,away,NR,79,L
4035,2025-12-12-Maryland-Eastern Shore-vs-North Carolina A&T-m,2025-12-12,North Carolina A&T,home,NR,82,W
4036,2025-12-12-South Carolina State-vs-Queens (NC)-m,2025-12-12,South Carolina State,away,NR,78,L
4037,2025-12-12-South Carolina State-vs-Queens (NC)-m,2025-12-12,Queens (NC),home,NR,102,W
4038,2025-12-12-Missouri State-vs-Xavier-m,2025-12-12,Missouri State,away,NR,57,L
4039,2025-12-12-Missouri State-vs-Xavier-m,2025-12-12,Xavier,home,NR,75,W
4040,2025-12-12-Dakota Wesleyan-vs-South Dakota State-m,2025-12-12,Dakota Wesleyan,away,NR,62,L
4041,2025-12-12-Dakota Wesleyan-vs-South Dakota State-m,2025-12-12,South Dakota State,home,NR,94,W
4042,2025-12-12-Dallas Christian-vs-Texas A&M-Corpus Christi-m,2025-12-12,Dallas Christian,away,NR,55,L
4043,2025-12-12-Dallas Christian-vs-Texas A&M-Corpus Christi-m,2025-12-12,Texas A&M-Corpus Christi,home,NR,108,W
4044,2025-12-12-California Baptist-vs-Eastern Washington-m,2025-12-12,California Baptist,away,NR,88,W
4045,2025-12-12-California Baptist-vs-Eastern Washington-m,2025-12-12,Eastern Washington,home,NR,83,L
4046,2025-12-13-Arizona-vs-Alabama-m,2025-12-13,Arizona,away, 1 ,96,W
4047,2025-12-13-Arizona-vs-Alabama-m,2025-12-13,Alabama,home, 12 ,75,L
4048,2025-12-13-Michigan-vs-Maryland-m,2025-12-13,Michigan,away, 2 ,101,W
4049,2025-12-13-Michigan-vs-Maryland-m,2025-12-13,Maryland,home,NR,83,L
4050,2025-12-13-Marquette-vs-Purdue-m,2025-12-13,Marquette,away,NR,59,L
4051,2025-12-13-Marquette-vs-Purdue-m,2025-12-13,Purdue,home, 6 ,79,W
4052,2025-12-13-New Orleans-vs-Houston-m,2025-12-13,New Orleans,away,NR,57,L
4053,2025-12-13-New Orleans-vs-Houston-m,2025-12-13,Houston,home, 7 ,99,W
4054,2025-12-13-UCLA-vs-Gonzaga-m,2025-12-13,UCLA,away, 25 ,72,L
4055,2025-12-13-UCLA-vs-Gonzaga-m,2025-12-13,Gonzaga,home, 8 ,82,W
4056,2025-12-13-Michigan State-vs-Penn State-m,2025-12-13,Michigan State,away, 9 ,76,W
4057,2025-12-13-Michigan State-vs-Penn State-m,2025-12-13,Penn State,home,NR,72,L
4058,2025-12-13-UC-Riverside-vs-BYU-m,2025-12-13,UC-Riverside,away,NR,53,L
4059,2025-12-13-UC-Riverside-vs-BYU-m,2025-12-13,BYU,home, 10 ,100,W
4060,2025-12-13-Memphis-vs-Louisville-m,2025-12-13,Memphis,away,NR,73,L
4061,2025-12-13-Memphis-vs-Louisville-m,2025-12-13,Louisville,home, 11 ,99,W
4062,2025-12-13-Nebraska-vs-Illinois-m,2025-12-13,Nebraska,away, 23 ,83,W
4063,2025-12-13-Nebraska-vs-Illinois-m,2025-12-13,Illinois,home, 13 ,80,L
4064,2025-12-13-USC Upstate-vs-UNC-m,2025-12-13,USC Upstate,away,NR,62,L
4065,2025-12-13-USC Upstate-vs-UNC-m,2025-12-13,UNC,home, 14 ,80,W
4066,2025-12-13-Central Arkansas-vs-Vanderbilt-m,2025-12-13,Central Arkansas,away,NR,72,L
4067,2025-12-13-Central Arkansas-vs-Vanderbilt-m,2025-12-13,Vanderbilt,home, 15 ,83,W
4068,2025-12-13-Texas Tech-vs-Arkansas-m,2025-12-13,Texas Tech,away, 16 ,86,L
4069,2025-12-13-Texas Tech-vs-Arkansas-m,2025-12-13,Arkansas,home, 17 ,93,W
4070,2025-12-13-George Washington-vs-Florida-m,2025-12-13,George Washington,away,NR,70,L
4071,2025-12-13-George Washington-vs-Florida-m,2025-12-13,Florida,home, 18 ,80,W
4072,2025-12-13-Kansas-vs-NC State-m,2025-12-13,Kansas,away, 19 ,77,W
4073,2025-12-13-Kansas-vs-NC State-m,2025-12-13,NC State,home,NR,76,L
4074,2025-12-13-Chattanooga-vs-Auburn-m,2025-12-13,Chattanooga,away,NR,78,L
4075,2025-12-13-Chattanooga-vs-Auburn-m,2025-12-13,Auburn,home, 21 ,92,W
4076,2025-12-13-Iona-vs-St. John's (NY)-m,2025-12-13,Iona,away,NR,64,L
4077,2025-12-13-Iona-vs-St. John's (NY)-m,2025-12-13,St. John's (NY),home, 22 ,91,W
4078,2025-12-13-Marist-vs-Bryant-m,2025-12-13,Marist,away,NR,82,W
4079,2025-12-13-Marist-vs-Bryant-m,2025-12-13,Bryant,home,NR,74,L
4080,2025-12-13-Mercer-vs-Clemson-m,2025-12-13,Mercer,away,NR,63,L
4081,2025-12-13-Mercer-vs-Clemson-m,2025-12-13,Clemson,home,NR,70,W
4082,2025-12-13-North Florida-vs-Dayton-m,2025-12-13,North Florida,away,NR,61,L
4083,2025-12-13-North Florida-vs-Dayton-m,2025-12-13,Dayton,home,NR,84,W
4084,2025-12-13-Miami (OH)-vs-Eastern Kentucky-m,2025-12-13,Miami (OH),away,NR,79,W
4085,2025-12-13-Miami (OH)-vs-Eastern Kentucky-m,2025-12-13,Eastern Kentucky,home,NR,69,L
4086,2025-12-13-Northern Illinois-vs-Elon-m,2025-12-13,Northern Illinois,away,NR,79,L
4087,2025-12-13-Northern Illinois-vs-Elon-m,2025-12-13,Elon,home,NR,85,W
4088,2025-12-13-Albany (NY)-vs-Florida Atlantic-m,2025-12-13,Albany (NY),away,NR,79,L
4089,2025-12-13-Albany (NY)-vs-Florida Atlantic-m,2025-12-13,Florida Atlantic,home,NR,105,W
4090,2025-12-13-Old Dominion-vs-George Mason-m,2025-12-13,Old Dominion,away,NR,61,L
4091,2025-12-13-Old Dominion-vs-George Mason-m,2025-12-13,George Mason,home,NR,73,W
4092,2025-12-13-La Salle-vs-LIU-m,2025-12-13,La Salle,away,NR,60,L
4093,2025-12-13-La Salle-vs-LIU-m,2025-12-13,LIU,home,NR,70,W
4094,2025-12-13-Northern Kentucky-vs-Bellarmine-m,2025-12-13,Northern Kentucky,away,NR,80,W
4095,2025-12-13-Northern Kentucky-vs-Bellarmine-m,2025-12-13,Bellarmine,home,NR,76,L
4096,2025-12-13-St. Bonaventure-vs-Ohio-m,2025-12-13,St. Bonaventure,away,NR,83,L
4097,2025-12-13-St. Bonaventure-vs-Ohio-m,2025-12-13,Ohio,home,NR,88,W
4098,2025-12-13-West Virginia-vs-Ohio State-m,2025-12-13,West Virginia,away,NR,88,L
4099,2025-12-13-West Virginia-vs-Ohio State-m,2025-12-13,Ohio State,home,NR,89,W
4100,2025-12-13-Southern Illinois-vs-Richmond-m,2025-12-13,Southern Illinois,away,NR,84,L
4101,2025-12-13-Southern Illinois-vs-Richmond-m,2025-12-13,Richmond,home,NR,93,W
4102,2025-12-13-Hofstra-vs-Syracuse-m,2025-12-13,Hofstra,away,NR,70,W
4103,2025-12-13-Hofstra-vs-Syracuse-m,2025-12-13,Syracuse,home,NR,69,L
4104,2025-12-13-Pitt-vs-Villanova-m,2025-12-13,Pitt,away,NR,61,L
4105,2025-12-13-Pitt-vs-Villanova-m,2025-12-13,Villanova,home,NR,79,W
4106,2025-12-13-Georgia Southern-vs-West Georgia-m,2025-12-13,Georgia Southern,away,NR,91,W
4107,2025-12-13-Georgia Southern-vs-West Georgia-m,2025-12-13,West Georgia,home,NR,85,L
4108,2025-12-13-North Dakota State-vs-Drake-m,2025-12-13,North Dakota State,away,NR,99,W
4109,2025-12-13-North Dakota State-vs-Drake-m,2025-12-13,Drake,home,NR,94,L
4110,2025-12-13-DePaul-vs-Wichita State-m,2025-12-13,DePaul,away,NR,61,W
4111,2025-12-13-DePaul-vs-Wichita State-m,2025-12-13,Wichita State,home,NR,58,L
4112,2025-12-13-UCSB-vs-Utah Valley-m,2025-12-13,UCSB,away,NR,53,L
4113,2025-12-13-UCSB-vs-Utah Valley-m,2025-12-13,Utah Valley,home,NR,68,W
4114,2025-12-13-UTSA-vs-Colorado-m,2025-12-13,UTSA,away,NR,64,L
4115,2025-12-13-UTSA-vs-Colorado-m,2025-12-13,Colorado,home,NR,88,W
4116,2025-12-13-Illinois State-vs-Utah State-m,2025-12-13,Illinois State,away,NR,78,L
4117,2025-12-13-Illinois State-vs-Utah State-m,2025-12-13,Utah State,home,NR,83,W
4118,2025-12-13-Mississippi State-vs-Utah-m,2025-12-13,Mississippi State,away,NR,82,W
4119,2025-12-13-Mississippi State-vs-Utah-m,2025-12-13,Utah,home,NR,74,L
4120,2025-12-13-Northwestern State-vs-California-m,2025-12-13,Northwestern State,away,NR,70,L
4121,2025-12-13-Northwestern State-vs-California-m,2025-12-13,California,home,NR,79,W
4122,2025-12-13-UC-Davis-vs-Oregon-m,2025-12-13,UC-Davis,away,NR,62,L
4123,2025-12-13-UC-Davis-vs-Oregon-m,2025-12-13,Oregon,home,NR,104,W
4124,2025-12-13-Montana State-vs-Oregon State-m,2025-12-13,Montana State,away,NR,57,L
4125,2025-12-13-Montana State-vs-Oregon State-m,2025-12-13,Oregon State,home,NR,67,W
4126,2025-12-13-Stanford-vs-San Jose State-m,2025-12-13,Stanford,away,NR,86,W
4127,2025-12-13-Stanford-vs-San Jose State-m,2025-12-13,San Jose State,home,NR,82,L
4128,2025-12-13-Southern Utah-vs-Washington-m,2025-12-13,Southern Utah,away,NR,69,L
4129,2025-12-13-Southern Utah-vs-Washington-m,2025-12-13,Washington,home,NR,105,W
4130,2025-12-13-UMass-vs-Florida State-m,2025-12-13,UMass,away,NR,103,W
4131,2025-12-13-UMass-vs-Florida State-m,2025-12-13,Florida State,home,NR,95,L
4132,2025-12-13-Louisiana-Monroe-vs-Miami (FL)-m,2025-12-13,Louisiana-Monroe,away,NR,79,L
4133,2025-12-13-Louisiana-Monroe-vs-Miami (FL)-m,2025-12-13,Miami (FL),home,NR,104,W
4134,2025-12-13-Central Michigan-vs-Stony Brook-m,2025-12-13,Central Michigan,away,NR,55,L
4135,2025-12-13-Central Michigan-vs-Stony Brook-m,2025-12-13,Stony Brook,home,NR,78,W
4136,2025-12-13-Cal State Northridge-vs-Delaware-m,2025-12-13,Cal State Northridge,away,NR,88,W
4137,2025-12-13-Cal State Northridge-vs-Delaware-m,2025-12-13,Delaware,home,NR,66,L
4138,2025-12-13-Oklahoma-vs-Oklahoma State-m,2025-12-13,Oklahoma,away,NR,85,W
4139,2025-12-13-Oklahoma-vs-Oklahoma State-m,2025-12-13,Oklahoma State,home,NR,76,L
4140,2025-12-13-Toledo-vs-Robert Morris-m,2025-12-13,Toledo,away,NR,70,L
4141,2025-12-13-Toledo-vs-Robert Morris-m,2025-12-13,Robert Morris,home,NR,75,W
4142,2025-12-13-Providence-vs-Butler-m,2025-12-13,Providence,away,NR,110,L
4143,2025-12-13-Providence-vs-Butler-m,2025-12-13,Butler,home,NR,113,W
4144,2025-12-13-Cincinnati-vs-Georgia-m,2025-12-13,Cincinnati,away,NR,65,L
4145,2025-12-13-Cincinnati-vs-Georgia-m,2025-12-13,Georgia,home,NR,84,W
4146,2025-12-13-Boston University-vs-Dartmouth-m,2025-12-13,Boston University,away,NR,64,L
4147,2025-12-13-Boston University-vs-Dartmouth-m,2025-12-13,Dartmouth,home,NR,77,W
4148,2025-12-13-Mercyhurst-vs-Davidson-m,2025-12-13,Mercyhurst,away,NR,47,L
4149,2025-12-13-Mercyhurst-vs-Davidson-m,2025-12-13,Davidson,home,NR,80,W
4150,2025-12-13-Manhattan-vs-Fordham-m,2025-12-13,Manhattan,away,NR,53,L
4151,2025-12-13-Manhattan-vs-Fordham-m,2025-12-13,Fordham,home,NR,82,W
4152,2025-12-13-St. Peter's-vs-Georgetown-m,2025-12-13,St. Peter's,away,NR,68,L
4153,2025-12-13-St. Peter's-vs-Georgetown-m,2025-12-13,Georgetown,home,NR,76,W
4154,2025-12-13-Canisius-vs-Maine-m,2025-12-13,Canisius,away,NR,70,W
4155,2025-12-13-Canisius-vs-Maine-m,2025-12-13,Maine,home,NR,43,L
4156,2025-12-13-Sacred Heart-vs-NJIT-m,2025-12-13,Sacred Heart,away,NR,65,W
4157,2025-12-13-Sacred Heart-vs-NJIT-m,2025-12-13,NJIT,home,NR,49,L
4158,2025-12-13-St. Thomas-vs-UNC Asheville-m,2025-12-13,St. Thomas,away,NR,80,W
4159,2025-12-13-St. Thomas-vs-UNC Asheville-m,2025-12-13,UNC Asheville,home,NR,59,L
4160,2025-12-13-Western Illinois-vs-North Dakota-m,2025-12-13,Western Illinois,away,NR,69,W
4161,2025-12-13-Western Illinois-vs-North Dakota-m,2025-12-13,North Dakota,home,NR,66,L
4162,2025-12-13-Jackson State-vs-Northwestern-m,2025-12-13,Jackson State,away,NR,53,L
4163,2025-12-13-Jackson State-vs-Northwestern-m,2025-12-13,Northwestern,home,NR,93,W
4164,2025-12-13-Evansville-vs-Notre Dame-m,2025-12-13,Evansville,away,NR,58,L
4165,2025-12-13-Evansville-vs-Notre Dame-m,2025-12-13,Notre Dame,home,NR,82,W
4166,2025-12-13-UMass-Lowell-vs-Quinnipiac-m,2025-12-13,UMass-Lowell,away,NR,71,L
4167,2025-12-13-UMass-Lowell-vs-Quinnipiac-m,2025-12-13,Quinnipiac,home,NR,75,W
4168,2025-12-13-Prairie View-vs-South Dakota-m,2025-12-13,Prairie View,away,NR,85,L
4169,2025-12-13-Prairie View-vs-South Dakota-m,2025-12-13,South Dakota,home,NR,97,W
4170,2025-12-13-Kansas State-vs-Creighton-m,2025-12-13,Kansas State,away,NR,83,W
4171,2025-12-13-Kansas State-vs-Creighton-m,2025-12-13,Creighton,home,NR,76,L
4172,2025-12-13-Hampton-vs-Howard-m,2025-12-13,Hampton,away,NR,57,L
4173,2025-12-13-Hampton-vs-Howard-m,2025-12-13,Howard,home,NR,61,W
4174,2025-12-13-Delaware State-vs-Longwood-m,2025-12-13,Delaware State,away,NR,81,W
4175,2025-12-13-Delaware State-vs-Longwood-m,2025-12-13,Longwood,home,NR,76,L
4176,2025-12-13-Louisiana-vs-Louisiana Tech-m,2025-12-13,Louisiana,away,NR,44,L
4177,2025-12-13-Louisiana-vs-Louisiana Tech-m,2025-12-13,Louisiana Tech,home,NR,65,W
4178,2025-12-13-Southern Miss-vs-Ole Miss-m,2025-12-13,Southern Miss,away,NR,67,L
4179,2025-12-13-Southern Miss-vs-Ole Miss-m,2025-12-13,Ole Miss,home,NR,71,W
4180,2025-12-13-New Mexico State-vs-Tulsa-m,2025-12-13,New Mexico State,away,NR,70,L
4181,2025-12-13-New Mexico State-vs-Tulsa-m,2025-12-13,Tulsa,home,NR,83,W
4182,2025-12-13-Arkansas State-vs-Rice-m,2025-12-13,Arkansas State,away,NR,76,L
4183,2025-12-13-Arkansas State-vs-Rice-m,2025-12-13,Rice,home,NR,77,W
4184,2025-12-13-UNC Wilmington-vs-Valparaiso-m,2025-12-13,UNC Wilmington,away,NR,73,W
4185,2025-12-13-UNC Wilmington-vs-Valparaiso-m,2025-12-13,Valparaiso,home,NR,70,L
4186,2025-12-13-Murray State-vs-Akron-m,2025-12-13,Murray State,away,NR,115,W
4187,2025-12-13-Murray State-vs-Akron-m,2025-12-13,Akron,home,NR,100,L
4188,2025-12-13-UIC-vs-Belmont-m,2025-12-13,UIC,away,NR,84,L
4189,2025-12-13-UIC-vs-Belmont-m,2025-12-13,Belmont,home,NR,87,W
4190,2025-12-13-Central Connecticut-vs-Binghamton-m,2025-12-13,Central Connecticut,away,NR,84,W
4191,2025-12-13-Central Connecticut-vs-Binghamton-m,2025-12-13,Binghamton,home,NR,67,L
4192,2025-12-13-Cal State Fullerton-vs-Denver-m,2025-12-13,Cal State Fullerton,away,NR,105,W
4193,2025-12-13-Cal State Fullerton-vs-Denver-m,2025-12-13,Denver,home,NR,86,L
4194,2025-12-13-Southeastern Louisiana-vs-Houston Christian-m,2025-12-13,Southeastern Louisiana,away,NR,74,W
4195,2025-12-13-Southeastern Louisiana-vs-Houston Christian-m,2025-12-13,Houston Christian,home,NR,71,L
4196,2025-12-13-Niagara-vs-Morgan State-m,2025-12-13,Niagara,away,NR,73,L
4197,2025-12-13-Niagara-vs-Morgan State-m,2025-12-13,Morgan State,home,NR,81,W
4198,2025-12-13-Bethel (TN)-vs-Tennessee Tech-m,2025-12-13,Bethel (TN),away,NR,69,L
4199,2025-12-13-Bethel (TN)-vs-Tennessee Tech-m,2025-12-13,Tennessee Tech,home,NR,101,W
4200,2025-12-13-Arkansas Baptist-vs-Alabama A&M-m,2025-12-13,Arkansas Baptist,away,NR,59,L
4201,2025-12-13-Arkansas Baptist-vs-Alabama A&M-m,2025-12-13,Alabama A&M,home,NR,67,W
4202,2025-12-13-George Fox-vs-Portland State-m,2025-12-13,George Fox,away,NR,50,L
4203,2025-12-13-George Fox-vs-Portland State-m,2025-12-13,Portland State,home,NR,94,W
4204,2025-12-13-Arizona State-vs-Santa Clara-m,2025-12-13,Arizona State,away,NR,82,W
4205,2025-12-13-Arizona State-vs-Santa Clara-m,2025-12-13,Santa Clara,home,NR,79,L
4206,2025-12-13-Mount St. Mary's-vs-Loyola (MD)-m,2025-12-13,Mount St. Mary's,away,NR,81,W
4207,2025-12-13-Mount St. Mary's-vs-Loyola (MD)-m,2025-12-13,Loyola (MD),home,NR,73,L
4208,2025-12-13-Oakland-vs-Northern Iowa-m,2025-12-13,Oakland,away,NR,63,L
4209,2025-12-13-Oakland-vs-Northern Iowa-m,2025-12-13,Northern Iowa,home,NR,75,W
4210,2025-12-13-Northern Arizona-vs-San Diego-m,2025-12-13,Northern Arizona,away,NR,69,L
4211,2025-12-13-Northern Arizona-vs-San Diego-m,2025-12-13,San Diego,home,NR,78,W
4212,2025-12-13-Bob Jones University-vs-Winthrop-m,2025-12-13,Bob Jones University,away,NR,55,L
4213,2025-12-13-Bob Jones University-vs-Winthrop-m,2025-12-13,Winthrop,home,NR,101,W
4214,2025-12-13-Jacksonville State-vs-Georgia State-m,2025-12-13,Jacksonville State,away,NR,73,L
4215,2025-12-13-Jacksonville State-vs-Georgia State-m,2025-12-13,Georgia State,home,NR,77,W
4216,2025-12-13-Indiana-vs-Kentucky-m,2025-12-13,Indiana,away,NR,60,L
4217,2025-12-13-Indiana-vs-Kentucky-m,2025-12-13,Kentucky,home,NR,72,W
4218,2025-12-13-Wright State-vs-Marshall-m,2025-12-13,Wright State,away,NR,74,L
4219,2025-12-13-Wright State-vs-Marshall-m,2025-12-13,Marshall,home,NR,76,W
4220,2025-12-13-Simpson (CA)-vs-Pacific-m,2025-12-13,Simpson (CA),away,NR,50,L
4221,2025-12-13-Simpson (CA)-vs-Pacific-m,2025-12-13,Pacific,home,NR,104,W
4222,2025-12-13-The Citadel-vs-South Carolina-m,2025-12-13,The Citadel,away,NR,55,L
4223,2025-12-13-The Citadel-vs-South Carolina-m,2025-12-13,South Carolina,home,NR,71,W
4224,2025-12-13-Coastal Carolina-vs-Grand Canyon-m,2025-12-13,Coastal Carolina,away,NR,61,L
4225,2025-12-13-Coastal Carolina-vs-Grand Canyon-m,2025-12-13,Grand Canyon,home,NR,82,W
4226,2025-12-13-SMU-vs-LSU-m,2025-12-13,SMU,away,NR,77,L
4227,2025-12-13-SMU-vs-LSU-m,2025-12-13,LSU,home,NR,89,W
4228,2025-12-13-Spurgeon College-vs-Kansas City-m,2025-12-13,Spurgeon College,away,NR,75,L
4229,2025-12-13-Spurgeon College-vs-Kansas City-m,2025-12-13,Kansas City,home,NR,102,W
4230,2025-12-13-Ecclesia-vs-Oral Roberts-m,2025-12-13,Ecclesia,away,NR,52,L
4231,2025-12-13-Ecclesia-vs-Oral Roberts-m,2025-12-13,Oral Roberts,home,NR,97,W
4232,2025-12-13-San Francisco-vs-Saint Louis-m,2025-12-13,San Francisco,away,NR,75,L
4233,2025-12-13-San Francisco-vs-Saint Louis-m,2025-12-13,Saint Louis,home,NR,85,W
4234,2025-12-13-Warner Pacific-vs-Seattle-m,2025-12-13,Warner Pacific,away,NR,60,L
4235,2025-12-13-Warner Pacific-vs-Seattle-m,2025-12-13,Seattle,home,NR,115,W
4236,2025-12-13-Rutgers-vs-Seton Hall-m,2025-12-13,Rutgers,away,NR,59,L
4237,2025-12-13-Rutgers-vs-Seton Hall-m,2025-12-13,Seton Hall,home,NR,81,W
4238,2025-12-13-Pepperdine-vs-Cal State Bakersfield-m,2025-12-13,Pepperdine,away,NR,70,W
4239,2025-12-13-Pepperdine-vs-Cal State Bakersfield-m,2025-12-13,Cal State Bakersfield,home,NR,62,L
4240,2025-12-13-Justice College-vs-Utah Tech-m,2025-12-13,Justice College,away,NR,48,L
4241,2025-12-13-Justice College-vs-Utah Tech-m,2025-12-13,Utah Tech,home,NR,89,W
4242,2025-12-13-Tennessee State-vs-UNLV-m,2025-12-13,Tennessee State,away,NR,63,W
4243,2025-12-13-Tennessee State-vs-UNLV-m,2025-12-13,UNLV,home,NR,60,L
4244,2025-12-13-Duquesne-vs-Nevada-m,2025-12-13,Duquesne,away,NR,75,L
4245,2025-12-13-Duquesne-vs-Nevada-m,2025-12-13,Nevada,home,NR,78,W
4246,2025-12-14-Eastern Illinois-vs-Iowa State-m,2025-12-14,Eastern Illinois,away,NR,53,L
4247,2025-12-14-Eastern Illinois-vs-Iowa State-m,2025-12-14,Iowa State,home, 4 ,78,W
4248,2025-12-14-High Point-vs-Appalachian State-m,2025-12-14,High Point,away,NR,78,L
4249,2025-12-14-High Point-vs-Appalachian State-m,2025-12-14,Appalachian State,home,NR,86,W
4250,2025-12-14-Ball State-vs-Campbell-m,2025-12-14,Ball State,away,NR,64,L
4251,2025-12-14-Ball State-vs-Campbell-m,2025-12-14,Campbell,home,NR,69,W
4252,2025-12-14-UTEP-vs-Hawaii-m,2025-12-14,UTEP,away,NR,61,L
4253,2025-12-14-UTEP-vs-Hawaii-m,2025-12-14,Hawaii,home,NR,66,W
4254,2025-12-14-Saint Francis (PA)-vs-Temple-m,2025-12-14,Saint Francis (PA),away,NR,67,L
4255,2025-12-14-Saint Francis (PA)-vs-Temple-m,2025-12-14,Temple,home,NR,95,W
4256,2025-12-14-Tulane-vs-UC-San Diego-m,2025-12-14,Tulane,away,NR,67,L
4257,2025-12-14-Tulane-vs-UC-San Diego-m,2025-12-14,UC-San Diego,home,NR,93,W
4258,2025-12-14-Maryland-Eastern Shore-vs-Virginia Tech-m,2025-12-14,Maryland-Eastern Shore,away,NR,53,L
4259,2025-12-14-Maryland-Eastern Shore-vs-Virginia Tech-m,2025-12-14,Virginia Tech,home,NR,82,W
4260,2025-12-14-Queens (NC)-vs-Wake Forest-m,2025-12-14,Queens (NC),away,NR,73,L
4261,2025-12-14-Queens (NC)-vs-Wake Forest-m,2025-12-14,Wake Forest,home,NR,111,W
4262,2025-12-14-Troy-vs-UAB-m,2025-12-14,Troy,away,NR,86,W
4263,2025-12-14-Troy-vs-UAB-m,2025-12-14,UAB,home,NR,85,L
4264,2025-12-14-Eureka-vs-SIU-Edwardsville-m,2025-12-14,Eureka,away,NR,54,L
4265,2025-12-14-Eureka-vs-SIU-Edwardsville-m,2025-12-14,SIU-Edwardsville,home,NR,97,W
4266,2025-12-14-Saint Mary's-vs-Boise State-m,2025-12-14,Saint Mary's,away,NR,67,L
4267,2025-12-14-Saint Mary's-vs-Boise State-m,2025-12-14,Boise State,home,NR,68,W
4268,2025-12-14-Northern New Mexico-vs-Colorado State-m,2025-12-14,Northern New Mexico,away,NR,54,L
4269,2025-12-14-Northern New Mexico-vs-Colorado State-m,2025-12-14,Colorado State,home,NR,104,W
4270,2025-12-14-Florida Gulf Coast-vs-New Mexico-m,2025-12-14,Florida Gulf Coast,away,NR,59,L
4271,2025-12-14-Florida Gulf Coast-vs-New Mexico-m,2025-12-14,New Mexico,home,NR,75,W
4272,2025-12-14-Washington State-vs-USC-m,2025-12-14,Washington State,away,NR,61,L
4273,2025-12-14-Washington State-vs-USC-m,2025-12-14,USC,home,NR,68,W
4274,2025-12-14-Buffalo-vs-East Carolina-m,2025-12-14,Buffalo,away,NR,70,L
4275,2025-12-14-Buffalo-vs-East Carolina-m,2025-12-14,East Carolina,home,NR,73,W
4276,2025-12-14-Texas Southern-vs-Minnesota-m,2025-12-14,Texas Southern,away,NR,53,L
4277,2025-12-14-Texas Southern-vs-Minnesota-m,2025-12-14,Minnesota,home,NR,89,W
4278,2025-12-14-North Central (IL)-vs-Bradley-m,2025-12-14,North Central (IL),away,NR,53,L
4279,2025-12-14-North Central (IL)-vs-Bradley-m,2025-12-14,Bradley,home,NR,86,W
4280,2025-12-14-Oakland City-vs-Cleveland State-m,2025-12-14,Oakland City,away,NR,52,L
4281,2025-12-14-Oakland City-vs-Cleveland State-m,2025-12-14,Cleveland State,home,NR,96,W
4282,2025-12-14-Monmouth-vs-Fairfield-m,2025-12-14,Monmouth,away,NR,65,L
4283,2025-12-14-Monmouth-vs-Fairfield-m,2025-12-14,Fairfield,home,NR,73,W
4284,2025-12-14-Indiana State-vs-Milwaukee-m,2025-12-14,Indiana State,away,NR,70,W
4285,2025-12-14-Indiana State-vs-Milwaukee-m,2025-12-14,Milwaukee,home,NR,68,L
4286,2025-12-14-Bethune-Cookman-vs-Missouri-m,2025-12-14,Bethune-Cookman,away,NR,60,L
4287,2025-12-14-Bethune-Cookman-vs-Missouri-m,2025-12-14,Missouri,home,NR,82,W
4288,2025-12-14-Coppin State-vs-Radford-m,2025-12-14,Coppin State,away,NR,77,L
4289,2025-12-14-Coppin State-vs-Radford-m,2025-12-14,Radford,home,NR,107,W
4290,2025-12-14-Merrimack-vs-Vermont-m,2025-12-14,Merrimack,away,NR,59,L
4291,2025-12-14-Merrimack-vs-Vermont-m,2025-12-14,Vermont,home,NR,66,W
4292,2025-12-14-Thiel-vs-Youngstown State-m,2025-12-14,Thiel,away,NR,52,L
4293,2025-12-14-Thiel-vs-Youngstown State-m,2025-12-14,Youngstown State,home,NR,103,W
4294,2025-12-14-Western Michigan-vs-Iowa-m,2025-12-14,Western Michigan,away,NR,51,L
4295,2025-12-14-Western Michigan-vs-Iowa-m,2025-12-14,Iowa,home,NR,91,W
4296,2025-12-14-Saint Xavier (IL)-vs-Southeast Missouri State-m,2025-12-14,Saint Xavier (IL),away,NR,65,L
4297,2025-12-14-Saint Xavier (IL)-vs-Southeast Missouri State-m,2025-12-14,Southeast Missouri State,home,NR,88,W
4298,2025-12-14-Charlotte-vs-College of Charleston-m,2025-12-14,Charlotte,away,NR,67,L
4299,2025-12-14-Charlotte-vs-College of Charleston-m,2025-12-14,College of Charleston,home,NR,74,W
4300,2025-12-14-Evergreen State College-vs-Idaho-m,2025-12-14,Evergreen State College,away,NR,55,L
4301,2025-12-14-Evergreen State College-vs-Idaho-m,2025-12-14,Idaho,home,NR,109,W
4302,2025-12-14-Detroit Mercy-vs-Purdue Fort Wayne-m,2025-12-14,Detroit Mercy,away,NR,77,L
4303,2025-12-14-Detroit Mercy-vs-Purdue Fort Wayne-m,2025-12-14,Purdue Fort Wayne,home,NR,81,W
4304,2025-12-14-Chicago State-vs-Loyola (IL)-m,2025-12-14,Chicago State,away,NR,84,W
4305,2025-12-14-Chicago State-vs-Loyola (IL)-m,2025-12-14,Loyola (IL),home,NR,75,L
4306,2025-12-14-Kent State-vs-Portland-m,2025-12-14,Kent State,away,NR,78,L
4307,2025-12-14-Kent State-vs-Portland-m,2025-12-14,Portland,home,NR,88,W
4308,2025-12-14-North Texas-vs-South Alabama-m,2025-12-14,North Texas,away,NR,58,W
4309,2025-12-14-North Texas-vs-South Alabama-m,2025-12-14,South Alabama,home,NR,57,L
4310,2025-12-14-Champion Christian-vs-UT-Martin-m,2025-12-14,Champion Christian,away,NR,52,L
4311,2025-12-14-Champion Christian-vs-UT-Martin-m,2025-12-14,UT-Martin,home,NR,96,W
4312,2025-12-14-Jacksonville-vs-Texas A&M-m,2025-12-14,Jacksonville,away,NR,75,L
4313,2025-12-14-Jacksonville-vs-Texas A&M-m,2025-12-14,Texas A&M,home,NR,112,W
4314,2025-12-15-Wofford-vs-Gardner-Webb-m,2025-12-15,Wofford,away,NR,83,W
4315,2025-12-15-Wofford-vs-Gardner-Webb-m,2025-12-15,Gardner-Webb,home,NR,57,L
4316,2025-12-15-Niagara-vs-VCU-m,2025-12-15,Niagara,away,NR,58,L
4317,2025-12-15-Niagara-vs-VCU-m,2025-12-15,VCU,home,NR,84,W
4318,2025-12-15-Ecclesia-vs-Arkansas-Pine Bluff-m,2025-12-15,Ecclesia,away,NR,64,L
4319,2025-12-15-Ecclesia-vs-Arkansas-Pine Bluff-m,2025-12-15,Arkansas-Pine Bluff,home,NR,114,W
4320,2025-12-15-Bryan-vs-Samford-m,2025-12-15,Bryan,away,NR,51,L
4321,2025-12-15-Bryan-vs-Samford-m,2025-12-15,Samford,home,NR,106,W
4322,2025-12-15-Albany State (GA)-vs-Florida A&M-m,2025-12-15,Albany State (GA),away,NR,77,L
4323,2025-12-15-Albany State (GA)-vs-Florida A&M-m,2025-12-15,Florida A&M,home,NR,93,W
4324,2025-12-15-East Texas A&M-vs-Southeastern Louisiana-m,2025-12-15,East Texas A&M,away,NR,70,W
4325,2025-12-15-East Texas A&M-vs-Southeastern Louisiana-m,2025-12-15,Southeastern Louisiana,home,NR,69,L
4326,2025-12-15-Rhodes-vs-Stetson-m,2025-12-15,Rhodes,away,NR,76,L
4327,2025-12-15-Rhodes-vs-Stetson-m,2025-12-15,Stetson,home,NR,95,W
4328,2025-12-15-Campbellsville-vs-Western Kentucky-m,2025-12-15,Campbellsville,away,NR,59,L
4329,2025-12-15-Campbellsville-vs-Western Kentucky-m,2025-12-15,Western Kentucky,home,NR,102,W
4330,2025-12-15-North Alabama-vs-Alabama A&M-m,2025-12-15,North Alabama,away,NR,60,L
4331,2025-12-15-North Alabama-vs-Alabama A&M-m,2025-12-15,Alabama A&M,home,NR,68,W
4332,2025-12-15-McNeese State-vs-Houston Christian-m,2025-12-15,McNeese State,away,NR,78,W
4333,2025-12-15-McNeese State-vs-Houston Christian-m,2025-12-15,Houston Christian,home,NR,68,L
4334,2025-12-15-Minnesota-Crookston-vs-North Dakota State-m,2025-12-15,Minnesota-Crookston,away,NR,67,L
4335,2025-12-15-Minnesota-Crookston-vs-North Dakota State-m,2025-12-15,North Dakota State,home,NR,101,W
4336,2025-12-15-Wyoming-vs-South Dakota State-m,2025-12-15,Wyoming,away,NR,87,W
4337,2025-12-15-Wyoming-vs-South Dakota State-m,2025-12-15,South Dakota State,home,NR,72,L
4338,2025-12-15-Incarnate Word-vs-TCU-m,2025-12-15,Incarnate Word,away,NR,65,L
4339,2025-12-15-Incarnate Word-vs-TCU-m,2025-12-15,TCU,home,NR,69,W
4340,2025-12-16-Abilene Christian-vs-Arizona-m,2025-12-16,Abilene Christian,away,NR,62,L
4341,2025-12-16-Abilene Christian-vs-Arizona-m,2025-12-16,Arizona,home, 1 ,96,W
4342,2025-12-16-Lipscomb-vs-Duke-m,2025-12-16,Lipscomb,away,NR,73,L
4343,2025-12-16-Lipscomb-vs-Duke-m,2025-12-16,Duke,home, 3 ,97,W
4344,2025-12-16-Butler-vs-UConn-m,2025-12-16,Butler,away,NR,60,L
4345,2025-12-16-Butler-vs-UConn-m,2025-12-16,UConn,home, 5 ,79,W
4346,2025-12-16-Toledo-vs-Michigan State-m,2025-12-16,Toledo,away,NR,69,L
4347,2025-12-16-Toledo-vs-Michigan State-m,2025-12-16,Michigan State,home, 9 ,92,W
4348,2025-12-16-Pacific-vs-BYU-m,2025-12-16,Pacific,away,NR,57,L
4349,2025-12-16-Pacific-vs-BYU-m,2025-12-16,BYU,home, 10 ,93,W
4350,2025-12-16-Louisville-vs-Tennessee-m,2025-12-16,Louisville,away, 11 ,62,L
4351,2025-12-16-Louisville-vs-Tennessee-m,2025-12-16,Tennessee,home, 20 ,83,W
4352,2025-12-16-ETSU-vs-UNC-m,2025-12-16,ETSU,away,NR,58,L
4353,2025-12-16-ETSU-vs-UNC-m,2025-12-16,UNC,home, 12 ,77,W
4354,2025-12-16-Queens (NC)-vs-Arkansas-m,2025-12-16,Queens (NC),away,NR,80,L
4355,2025-12-16-Queens (NC)-vs-Arkansas-m,2025-12-16,Arkansas,home, 14 ,108,W
4356,2025-12-16-Towson-vs-Kansas-m,2025-12-16,Towson,away,NR,49,L
4357,2025-12-16-Towson-vs-Kansas-m,2025-12-16,Kansas,home, 17 ,73,W
4358,2025-12-16-Northern Colorado-vs-Texas Tech-m,2025-12-16,Northern Colorado,away,NR,90,L
4359,2025-12-16-Northern Colorado-vs-Texas Tech-m,2025-12-16,Texas Tech,home, 19 ,101,W
4360,2025-12-16-DePaul-vs-St. John's (NY)-m,2025-12-16,DePaul,away,NR,66,L
4361,2025-12-16-DePaul-vs-St. John's (NY)-m,2025-12-16,St. John's (NY),home, 22 ,79,W
4362,2025-12-16-South Carolina-vs-Clemson-m,2025-12-16,South Carolina,away,NR,61,L
4363,2025-12-16-South Carolina-vs-Clemson-m,2025-12-16,Clemson,home,NR,68,W
4364,2025-12-16-Florida State-vs-Dayton-m,2025-12-16,Florida State,away,NR,69,L
4365,2025-12-16-Florida State-vs-Dayton-m,2025-12-16,Dayton,home,NR,97,W
4366,2025-12-16-Rider-vs-Delaware-m,2025-12-16,Rider,away,NR,57,L
4367,2025-12-16-Rider-vs-Delaware-m,2025-12-16,Delaware,home,NR,65,W
4368,2025-12-16-Marist-vs-Georgia Tech-m,2025-12-16,Marist,away,NR,76,L
4369,2025-12-16-Marist-vs-Georgia Tech-m,2025-12-16,Georgia Tech,home,NR,87,W
4370,2025-12-16-Dartmouth-vs-Holy Cross-m,2025-12-16,Dartmouth,away,NR,89,W
4371,2025-12-16-Dartmouth-vs-Holy Cross-m,2025-12-16,Holy Cross,home,NR,64,L
4372,2025-12-16-Midway-vs-Liberty-m,2025-12-16,Midway,away,NR,57,L
4373,2025-12-16-Midway-vs-Liberty-m,2025-12-16,Liberty,home,NR,95,W
4374,2025-12-16-Florida International-vs-Miami (FL)-m,2025-12-16,Florida International,away,NR,81,L
4375,2025-12-16-Florida International-vs-Miami (FL)-m,2025-12-16,Miami (FL),home,NR,98,W
4376,2025-12-16-North Carolina A&T-vs-UNC Greensboro-m,2025-12-16,North Carolina A&T,away,NR,71,W
4377,2025-12-16-North Carolina A&T-vs-UNC Greensboro-m,2025-12-16,UNC Greensboro,home,NR,65,L
4378,2025-12-16-Ohio Wesleyan-vs-Ohio-m,2025-12-16,Ohio Wesleyan,away,NR,56,L
4379,2025-12-16-Ohio Wesleyan-vs-Ohio-m,2025-12-16,Ohio,home,NR,89,W
4380,2025-12-16-Canisius-vs-Rhode Island-m,2025-12-16,Canisius,away,NR,45,L
4381,2025-12-16-Canisius-vs-Rhode Island-m,2025-12-16,Rhode Island,home,NR,62,W
4382,2025-12-16-Tarleton State-vs-Mississippi Valley State-m,2025-12-16,Tarleton State,away,NR,88,W
4383,2025-12-16-Tarleton State-vs-Mississippi Valley State-m,2025-12-16,Mississippi Valley State,home,NR,64,L
4384,2025-12-16-East-West-vs-Northern Illinois-m,2025-12-16,East-West,away,NR,64,L
4385,2025-12-16-East-West-vs-Northern Illinois-m,2025-12-16,Northern Illinois,home,NR,112,W
4386,2025-12-16-Montana State-vs-Cal Poly-m,2025-12-16,Montana State,away,NR,83,W
4387,2025-12-16-Montana State-vs-Cal Poly-m,2025-12-16,Cal Poly,home,NR,80,L
4388,2025-12-16-Howard-vs-Drexel-m,2025-12-16,Howard,away,NR,74,W
4389,2025-12-16-Howard-vs-Drexel-m,2025-12-16,Drexel,home,NR,66,L
4390,2025-12-16-USC Upstate-vs-South Carolina State-m,2025-12-16,USC Upstate,away,NR,78,W
4391,2025-12-16-USC Upstate-vs-South Carolina State-m,2025-12-16,South Carolina State,home,NR,72,L
4392,2025-12-16-Miami Middletown-vs-IU Indianapolis-m,2025-12-16,Miami Middletown,away,NR,73,L
4393,2025-12-16-Miami Middletown-vs-IU Indianapolis-m,2025-12-16,IU Indianapolis,home,NR,126,W
4394,2025-12-16-Sacred Heart-vs-UMass-Lowell-m,2025-12-16,Sacred Heart,away,NR,82,L
4395,2025-12-16-Sacred Heart-vs-UMass-Lowell-m,2025-12-16,UMass-Lowell,home,NR,87,W
4396,2025-12-16-Kentucky Christian-vs-UNC Asheville-m,2025-12-16,Kentucky Christian,away,NR,73,L
4397,2025-12-16-Kentucky Christian-vs-UNC Asheville-m,2025-12-16,UNC Asheville,home,NR,83,W
4398,2025-12-16-Chicago State-vs-Bowling Green-m,2025-12-16,Chicago State,away,NR,55,L
4399,2025-12-16-Chicago State-vs-Bowling Green-m,2025-12-16,Bowling Green,home,NR,76,W
4400,2025-12-16-Mary Baldwin-vs-High Point-m,2025-12-16,Mary Baldwin,away,NR,47,L
4401,2025-12-16-Mary Baldwin-vs-High Point-m,2025-12-16,High Point,home,NR,129,W
4402,2025-12-16-Texas-Rio Grande Valley-vs-Lamar-m,2025-12-16,Texas-Rio Grande Valley,away,NR,83,W
4403,2025-12-16-Texas-Rio Grande Valley-vs-Lamar-m,2025-12-16,Lamar,home,NR,72,L
4404,2025-12-16-LIU-vs-Mississippi State-m,2025-12-16,LIU,away,NR,83,L
4405,2025-12-16-LIU-vs-Mississippi State-m,2025-12-16,Mississippi State,home,NR,87,W
4406,2025-12-16-Little Rock-vs-Morehead State-m,2025-12-16,Little Rock,away,NR,64,L
4407,2025-12-16-Little Rock-vs-Morehead State-m,2025-12-16,Morehead State,home,NR,78,W
4408,2025-12-16-Miami (OH)-vs-Wright State-m,2025-12-16,Miami (OH),away,NR,83,W
4409,2025-12-16-Miami (OH)-vs-Wright State-m,2025-12-16,Wright State,home,NR,76,L
4410,2025-12-16-Belmont-vs-Evansville-m,2025-12-16,Belmont,away,NR,83,W
4411,2025-12-16-Belmont-vs-Evansville-m,2025-12-16,Evansville,home,NR,78,L
4412,2025-12-16-Oral Roberts-vs-Missouri State-m,2025-12-16,Oral Roberts,away,NR,62,L
4413,2025-12-16-Oral Roberts-vs-Missouri State-m,2025-12-16,Missouri State,home,NR,63,W
4414,2025-12-16-York (NE)-vs-Omaha-m,2025-12-16,York (NE),away,NR,58,L
4415,2025-12-16-York (NE)-vs-Omaha-m,2025-12-16,Omaha,home,NR,105,W
4416,2025-12-16-Valparaiso-vs-Northwestern-m,2025-12-16,Valparaiso,away,NR,70,L
4417,2025-12-16-Valparaiso-vs-Northwestern-m,2025-12-16,Northwestern,home,NR,86,W
4418,2025-12-16-Kansas City-vs-Oklahoma-m,2025-12-16,Kansas City,away,NR,67,L
4419,2025-12-16-Kansas City-vs-Oklahoma-m,2025-12-16,Oklahoma,home,NR,89,W
4420,2025-12-16-Le Moyne-vs-Texas-m,2025-12-16,Le Moyne,away,NR,53,L
4421,2025-12-16-Le Moyne-vs-Texas-m,2025-12-16,Texas,home,NR,95,W
4422,2025-12-16-Colorado-Colorado Springs-vs-Denver-m,2025-12-16,Colorado-Colorado Springs,away,NR,93,L
4423,2025-12-16-Colorado-Colorado Springs-vs-Denver-m,2025-12-16,Denver,home,NR,129,W
4424,2025-12-16-Southern-vs-California Baptist-m,2025-12-16,Southern,away,NR,67,L
4425,2025-12-16-Southern-vs-California Baptist-m,2025-12-16,California Baptist,home,NR,75,W
4426,2025-12-16-Stanton University-vs-UC-Riverside-m,2025-12-16,Stanton University,away,NR,70,L
4427,2025-12-16-Stanton University-vs-UC-Riverside-m,2025-12-16,UC-Riverside,home,NR,95,W
4428,2025-12-16-UC-San Diego-vs-Loyola Marymount-m,2025-12-16,UC-San Diego,away,NR,67,W
4429,2025-12-16-UC-San Diego-vs-Loyola Marymount-m,2025-12-16,Loyola Marymount,home,NR,57,L
4430,2025-12-17-Campbell-vs-Gonzaga-m,2025-12-17,Campbell,away,NR,70,L
4431,2025-12-17-Campbell-vs-Gonzaga-m,2025-12-17,Gonzaga,home, 7 ,98,W
4432,2025-12-17-Vanderbilt-vs-Memphis-m,2025-12-17,Vanderbilt,away, 13 ,77,W
4433,2025-12-17-Vanderbilt-vs-Memphis-m,2025-12-17,Memphis,home,NR,70,L
4434,2025-12-17-South Florida-vs-Alabama-m,2025-12-17,South Florida,away,NR,93,L
4435,2025-12-17-South Florida-vs-Alabama-m,2025-12-17,Alabama,home, 16 ,104,W
4436,2025-12-17-Saint Francis (PA)-vs-Florida-m,2025-12-17,Saint Francis (PA),away,NR,61,L
4437,2025-12-17-Saint Francis (PA)-vs-Florida-m,2025-12-17,Florida,home, 23 ,102,W
4438,2025-12-17-Chattanooga-vs-Bellarmine-m,2025-12-17,Chattanooga,away,NR,64,L
4439,2025-12-17-Chattanooga-vs-Bellarmine-m,2025-12-17,Bellarmine,home,NR,79,W
4440,2025-12-17-Mercer-vs-UCF-m,2025-12-17,Mercer,away,NR,63,L
4441,2025-12-17-Mercer-vs-UCF-m,2025-12-17,UCF,home,NR,81,W
4442,2025-12-17-Olivet-vs-Central Michigan-m,2025-12-17,Olivet,away,NR,65,L
4443,2025-12-17-Olivet-vs-Central Michigan-m,2025-12-17,Central Michigan,home,NR,85,W
4444,2025-12-17-Alabama State-vs-Cincinnati-m,2025-12-17,Alabama State,away,NR,51,L
4445,2025-12-17-Alabama State-vs-Cincinnati-m,2025-12-17,Cincinnati,home,NR,88,W
4446,2025-12-17-Richmond-vs-Elon-m,2025-12-17,Richmond,away,NR,70,L
4447,2025-12-17-Richmond-vs-Elon-m,2025-12-17,Elon,home,NR,73,W
4448,2025-12-17-Jacksonville-vs-Florida A&M-m,2025-12-17,Jacksonville,away,NR,65,L
4449,2025-12-17-Jacksonville-vs-Florida A&M-m,2025-12-17,Florida A&M,home,NR,72,W
4450,2025-12-17-Oakland-vs-Northern Kentucky-m,2025-12-17,Oakland,away,NR,82,W
4451,2025-12-17-Oakland-vs-Northern Kentucky-m,2025-12-17,Northern Kentucky,home,NR,77,L
4452,2025-12-17-Binghamton-vs-Pitt-m,2025-12-17,Binghamton,away,NR,63,L
4453,2025-12-17-Binghamton-vs-Pitt-m,2025-12-17,Pitt,home,NR,103,W
4454,2025-12-17-Youngstown State-vs-Robert Morris-m,2025-12-17,Youngstown State,away,NR,77,L
4455,2025-12-17-Youngstown State-vs-Robert Morris-m,2025-12-17,Robert Morris,home,NR,80,W
4456,2025-12-17-Mercyhurst-vs-Syracuse-m,2025-12-17,Mercyhurst,away,NR,62,L
4457,2025-12-17-Mercyhurst-vs-Syracuse-m,2025-12-17,Syracuse,home,NR,76,W
4458,2025-12-17-Siena-vs-Vermont-m,2025-12-17,Siena,away,NR,69,L
4459,2025-12-17-Siena-vs-Vermont-m,2025-12-17,Vermont,home,NR,83,W
4460,2025-12-17-Longwood-vs-Wake Forest-m,2025-12-17,Longwood,away,NR,68,L
4461,2025-12-17-Longwood-vs-Wake Forest-m,2025-12-17,Wake Forest,home,NR,71,W
4462,2025-12-17-Cleveland State-vs-UAB-m,2025-12-17,Cleveland State,away,NR,77,L
4463,2025-12-17-Cleveland State-vs-UAB-m,2025-12-17,UAB,home,NR,101,W
4464,2025-12-17-Champion Christian-vs-Arkansas-Pine Bluff-m,2025-12-17,Champion Christian,away,NR,73,L
4465,2025-12-17-Champion Christian-vs-Arkansas-Pine Bluff-m,2025-12-17,Arkansas-Pine Bluff,home,NR,138,W
4466,2025-12-17-Northern Iowa-vs-UIC-m,2025-12-17,Northern Iowa,away,NR,60,W
4467,2025-12-17-Northern Iowa-vs-UIC-m,2025-12-17,UIC,home,NR,54,L
4468,2025-12-17-Kennesaw State-vs-Middle Tennessee-m,2025-12-17,Kennesaw State,away,NR,67,L
4469,2025-12-17-Kennesaw State-vs-Middle Tennessee-m,2025-12-17,Middle Tennessee,home,NR,68,W
4470,2025-12-17-Wofford-vs-Wichita State-m,2025-12-17,Wofford,away,NR,73,L
4471,2025-12-17-Wofford-vs-Wichita State-m,2025-12-17,Wichita State,home,NR,84,W
4472,2025-12-17-Portland State-vs-Colorado-m,2025-12-17,Portland State,away,NR,73,L
4473,2025-12-17-Portland State-vs-Colorado-m,2025-12-17,Colorado,home,NR,84,W
4474,2025-12-17-Seattle-vs-UC-Davis-m,2025-12-17,Seattle,away,NR,79,W
4475,2025-12-17-Seattle-vs-UC-Davis-m,2025-12-17,UC-Davis,home,NR,78,L
4476,2025-12-17-Portland-vs-Oregon-m,2025-12-17,Portland,away,NR,69,L
4477,2025-12-17-Portland-vs-Oregon-m,2025-12-17,Oregon,home,NR,94,W
4478,2025-12-17-Air Force-vs-San Diego State-m,2025-12-17,Air Force,away,NR,58,L
4479,2025-12-17-Air Force-vs-San Diego State-m,2025-12-17,San Diego State,home,NR,81,W
4480,2025-12-17-Loyola (IL)-vs-San Francisco-m,2025-12-17,Loyola (IL),away,NR,71,L
4481,2025-12-17-Loyola (IL)-vs-San Francisco-m,2025-12-17,San Francisco,home,NR,85,W
4482,2025-12-17-UTSA-vs-USC-m,2025-12-17,UTSA,away,NR,70,L
4483,2025-12-17-UTSA-vs-USC-m,2025-12-17,USC,home,NR,97,W
4484,2025-12-17-Arizona State-vs-UCLA-m,2025-12-17,Arizona State,away,NR,77,L
4485,2025-12-17-Arizona State-vs-UCLA-m,2025-12-17,UCLA,home,NR,90,W
4486,2025-12-17-Washington State-vs-Eastern Washington-m,2025-12-17,Washington State,away,NR,78,W
4487,2025-12-17-Washington State-vs-Eastern Washington-m,2025-12-17,Eastern Washington,home,NR,63,L
4488,2025-12-17-Kansas Christian-vs-Central Arkansas-m,2025-12-17,Kansas Christian,away,NR,47,L
4489,2025-12-17-Kansas Christian-vs-Central Arkansas-m,2025-12-17,Central Arkansas,home,NR,102,W
4490,2025-12-17-Southwestern Christian-vs-Rice-m,2025-12-17,Southwestern Christian,away,NR,47,L
4491,2025-12-17-Southwestern Christian-vs-Rice-m,2025-12-17,Rice,home,NR,94,W
4492,2025-12-17-Stonehill-vs-New Hampshire-m,2025-12-17,Stonehill,away,NR,58,L
4493,2025-12-17-Stonehill-vs-New Hampshire-m,2025-12-17,New Hampshire,home,NR,59,W
4494,2025-12-17-Creighton-vs-Xavier-m,2025-12-17,Creighton,away,NR,98,W
4495,2025-12-17-Creighton-vs-Xavier-m,2025-12-17,Xavier,home,NR,57,L
4496,2025-12-17-The Citadel-vs-College of Charleston-m,2025-12-17,The Citadel,away,NR,78,L
4497,2025-12-17-The Citadel-vs-College of Charleston-m,2025-12-17,College of Charleston,home,NR,82,W
4498,2025-12-17-Presbyterian-vs-East Carolina-m,2025-12-17,Presbyterian,away,NR,53,L
4499,2025-12-17-Presbyterian-vs-East Carolina-m,2025-12-17,East Carolina,home,NR,74,W
4500,2025-12-17-Eastern Kentucky-vs-Jacksonville State-m,2025-12-17,Eastern Kentucky,away,NR,62,W
4501,2025-12-17-Eastern Kentucky-vs-Jacksonville State-m,2025-12-17,Jacksonville State,home,NR,59,L
4502,2025-12-17-South Alabama-vs-Louisiana-Monroe-m,2025-12-17,South Alabama,away,NR,96,W
4503,2025-12-17-South Alabama-vs-Louisiana-Monroe-m,2025-12-17,Louisiana-Monroe,home,NR,92,L
4504,2025-12-17-Quinnipiac-vs-Monmouth-m,2025-12-17,Quinnipiac,away,NR,85,W
4505,2025-12-17-Quinnipiac-vs-Monmouth-m,2025-12-17,Monmouth,home,NR,75,L
4506,2025-12-17-Houston Christian-vs-Nicholls State-m,2025-12-17,Houston Christian,away,NR,64,L
4507,2025-12-17-Houston Christian-vs-Nicholls State-m,2025-12-17,Nicholls State,home,NR,79,W
4508,2025-12-17-Mid-Atlantic Christian-vs-North Carolina Central-m,2025-12-17,Mid-Atlantic Christian,away,NR,62,L
4509,2025-12-17-Mid-Atlantic Christian-vs-North Carolina Central-m,2025-12-17,North Carolina Central,home,NR,96,W
4510,2025-12-17-Texas Southern-vs-NC State-m,2025-12-17,Texas Southern,away,NR,72,L
4511,2025-12-17-Texas Southern-vs-NC State-m,2025-12-17,NC State,home,NR,108,W
4512,2025-12-17-James Madison-vs-Old Dominion-m,2025-12-17,James Madison,away,NR,68,L
4513,2025-12-17-James Madison-vs-Old Dominion-m,2025-12-17,Old Dominion,home,NR,77,W
4514,2025-12-17-Southern Wesleyan-vs-USC Upstate-m,2025-12-17,Southern Wesleyan,away,NR,63,L
4515,2025-12-17-Southern Wesleyan-vs-USC Upstate-m,2025-12-17,USC Upstate,home,NR,98,W
4516,2025-12-17-Albany (NY)-vs-Stony Brook-m,2025-12-17,Albany (NY),away,NR,71,W
4517,2025-12-17-Albany (NY)-vs-Stony Brook-m,2025-12-17,Stony Brook,home,NR,55,L
4518,2025-12-17-Louisiana Tech-vs-Tulane-m,2025-12-17,Louisiana Tech,away,NR,53,L
4519,2025-12-17-Louisiana Tech-vs-Tulane-m,2025-12-17,Tulane,home,NR,61,W
4520,2025-12-17-Maryland-Eastern Shore-vs-Wagner-m,2025-12-17,Maryland-Eastern Shore,away,NR,64,L
4521,2025-12-17-Maryland-Eastern Shore-vs-Wagner-m,2025-12-17,Wagner,home,NR,78,W
4522,2025-12-17-Brewton-Parker-vs-West Georgia-m,2025-12-17,Brewton-Parker,away,NR,49,L
4523,2025-12-17-Brewton-Parker-vs-West Georgia-m,2025-12-17,West Georgia,home,NR,70,W
4524,2025-12-17-Alabama A&M-vs-Ole Miss-m,2025-12-17,Alabama A&M,away,NR,66,L
4525,2025-12-17-Alabama A&M-vs-Ole Miss-m,2025-12-17,Ole Miss,home,NR,80,W
4526,2025-12-17-UCSB-vs-Green Bay-m,2025-12-17,UCSB,away,NR,64,L
4527,2025-12-17-UCSB-vs-Green Bay-m,2025-12-17,Green Bay,home,NR,67,W
4528,2025-12-17-Georgetown-vs-Marquette-m,2025-12-17,Georgetown,away,NR,78,W
4529,2025-12-17-Georgetown-vs-Marquette-m,2025-12-17,Marquette,home,NR,69,L
4530,2025-12-17-Bethune-Cookman-vs-Saint Louis-m,2025-12-17,Bethune-Cookman,away,NR,53,L
4531,2025-12-17-Bethune-Cookman-vs-Saint Louis-m,2025-12-17,Saint Louis,home,NR,112,W
4532,2025-12-17-Dakota State-vs-South Dakota-m,2025-12-17,Dakota State,away,NR,71,L
4533,2025-12-17-Dakota State-vs-South Dakota-m,2025-12-17,South Dakota,home,NR,80,W
4534,2025-12-17-Arkansas State-vs-Texas State-m,2025-12-17,Arkansas State,away,NR,89,W
4535,2025-12-17-Arkansas State-vs-Texas State-m,2025-12-17,Texas State,home,NR,70,L
4536,2025-12-17-Weber State-vs-Utah Valley-m,2025-12-17,Weber State,away,NR,74,L
4537,2025-12-17-Weber State-vs-Utah Valley-m,2025-12-17,Utah Valley,home,NR,90,W
4538,2025-12-17-Montana Tech-vs-Montana-m,2025-12-17,Montana Tech,away,NR,82,W
4539,2025-12-17-Montana Tech-vs-Montana-m,2025-12-17,Montana,home,NR,75,L
4540,2025-12-17-Santa Clara-vs-North Texas-m,2025-12-17,Santa Clara,away,NR,63,W
4541,2025-12-17-Santa Clara-vs-North Texas-m,2025-12-17,North Texas,home,NR,60,L
4542,2025-12-17-Sam Houston-vs-Oregon State-m,2025-12-17,Sam Houston,away,NR,85,W
4543,2025-12-17-Sam Houston-vs-Oregon State-m,2025-12-17,Oregon State,home,NR,75,L
4544,2025-12-17-Texas A&M-Corpus Christi-vs-Stephen F. Austin-m,2025-12-17,Texas A&M-Corpus Christi,away,NR,60,L
4545,2025-12-17-Texas A&M-Corpus Christi-vs-Stephen F. Austin-m,2025-12-17,Stephen F. Austin,home,NR,69,W
4546,2025-12-17-UT Arlington-vs-Stanford-m,2025-12-17,UT Arlington,away,NR,60,L
4547,2025-12-17-UT Arlington-vs-Stanford-m,2025-12-17,Stanford,home,NR,76,W
0,2025-12-18-Western Carolina-vs-Georgia-m,2025-12-18,Western Carolina,away,NR,82,L
1,2025-12-18-Western Carolina-vs-Georgia-m,2025-12-18,Georgia,home, 25 ,112,W
2,2025-12-18-North Florida-vs-Charleston Southern-m,2025-12-18,North Florida,away,NR,90,L
3,2025-12-18-North Florida-vs-Charleston Southern-m,2025-12-18,Charleston Southern,home,NR,113,W
4,2025-12-18-Lafayette-vs-Charlotte-m,2025-12-18,Lafayette,away,NR,67,L
5,2025-12-18-Lafayette-vs-Charlotte-m,2025-12-18,Charlotte,home,NR,81,W
6,2025-12-18-Bradley-vs-Indiana State-m,2025-12-18,Bradley,away,NR,108,W
7,2025-12-18-Bradley-vs-Indiana State-m,2025-12-18,Indiana State,home,NR,99,L
8,2025-12-18-American-vs-VCU-m,2025-12-18,American,away,NR,83,L
9,2025-12-18-American-vs-VCU-m,2025-12-18,VCU,home,NR,105,W
10,2025-12-18-SIU-Edwardsville-vs-Eastern Illinois-m,2025-12-18,SIU-Edwardsville,away,NR,72,L
11,2025-12-18-SIU-Edwardsville-vs-Eastern Illinois-m,2025-12-18,Eastern Illinois,home,NR,76,W
12,2025-12-18-Drake-vs-Murray State-m,2025-12-18,Drake,away,NR,72,L
13,2025-12-18-Drake-vs-Murray State-m,2025-12-18,Murray State,home,NR,81,W
14,2025-12-18-Louisiana-vs-Southern Miss-m,2025-12-18,Louisiana,away,NR,54,L
15,2025-12-18-Louisiana-vs-Southern Miss-m,2025-12-18,Southern Miss,home,NR,62,W
16,2025-12-18-Toccoa Falls-vs-Gardner-Webb-m,2025-12-18,Toccoa Falls,away,NR,65,L
17,2025-12-18-Toccoa Falls-vs-Gardner-Webb-m,2025-12-18,Gardner-Webb,home,NR,105,W
18,2025-12-18-Hampton-vs-Jackson State-m,2025-12-18,Hampton,away,NR,84,W
19,2025-12-18-Hampton-vs-Jackson State-m,2025-12-18,Jackson State,home,NR,77,L
20,2025-12-18-Coastal Carolina-vs-Appalachian State-m,2025-12-18,Coastal Carolina,away,NR,49,L
21,2025-12-18-Coastal Carolina-vs-Appalachian State-m,2025-12-18,Appalachian State,home,NR,67,W
22,2025-12-18-Morris College-vs-UNC Asheville-m,2025-12-18,Morris College,away,NR,56,L
23,2025-12-18-Morris College-vs-UNC Asheville-m,2025-12-18,UNC Asheville,home,NR,89,W
24,2025-12-18-Fairfield-vs-Central Connecticut-m,2025-12-18,Fairfield,away,NR,84,W
25,2025-12-18-Fairfield-vs-Central Connecticut-m,2025-12-18,Central Connecticut,home,NR,70,L
26,2025-12-18-Temple-vs-Davidson-m,2025-12-18,Temple,away,NR,68,W
27,2025-12-18-Temple-vs-Davidson-m,2025-12-18,Davidson,home,NR,63,L
28,2025-12-18-Norfolk State-vs-Grambling-m,2025-12-18,Norfolk State,away,NR,68,L
29,2025-12-18-Norfolk State-vs-Grambling-m,2025-12-18,Grambling,home,NR,80,W
30,2025-12-18-Penn State Hazleton-vs-Lehigh-m,2025-12-18,Penn State Hazleton,away,NR,74,L
31,2025-12-18-Penn State Hazleton-vs-Lehigh-m,2025-12-18,Lehigh,home,NR,83,W
32,2025-12-18-Furman-vs-Manhattan-m,2025-12-18,Furman,away,NR,75,W
33,2025-12-18-Furman-vs-Manhattan-m,2025-12-18,Manhattan,home,NR,68,L
34,2025-12-18-Southern Utah-vs-Northern Arizona-m,2025-12-18,Southern Utah,away,NR,57,L
35,2025-12-18-Southern Utah-vs-Northern Arizona-m,2025-12-18,Northern Arizona,home,NR,65,W
36,2025-12-18-Delaware State-vs-St. Joseph's-m,2025-12-18,Delaware State,away,NR,51,L
37,2025-12-18-Delaware State-vs-St. Joseph's-m,2025-12-18,St. Joseph's,home,NR,67,W
38,2025-12-18-Radford-vs-William & Mary-m,2025-12-18,Radford,away,NR,83,L
39,2025-12-18-Radford-vs-William & Mary-m,2025-12-18,William & Mary,home,NR,96,W
40,2025-12-18-Georgia State-vs-Georgia Southern-m,2025-12-18,Georgia State,away,NR,67,L
41,2025-12-18-Georgia State-vs-Georgia Southern-m,2025-12-18,Georgia Southern,home,NR,90,W
42,2025-12-18-Western Illinois-vs-Lindenwood-m,2025-12-18,Western Illinois,away,NR,76,L
43,2025-12-18-Western Illinois-vs-Lindenwood-m,2025-12-18,Lindenwood,home,NR,92,W
44,2025-12-18-Winthrop-vs-North Dakota-m,2025-12-18,Winthrop,away,NR,88,L
45,2025-12-18-Winthrop-vs-North Dakota-m,2025-12-18,North Dakota,home,NR,90,W
46,2025-12-18-Kansas City-vs-Oklahoma State-m,2025-12-18,Kansas City,away,NR,79,L
47,2025-12-18-Kansas City-vs-Oklahoma State-m,2025-12-18,Oklahoma State,home,NR,91,W
48,2025-12-18-Little Rock-vs-Southern Indiana-m,2025-12-18,Little Rock,away,NR,77,W
49,2025-12-18-Little Rock-vs-Southern Indiana-m,2025-12-18,Southern Indiana,home,NR,62,L
50,2025-12-18-UT-Martin-vs-Tennessee State-m,2025-12-18,UT-Martin,away,NR,71,L
51,2025-12-18-UT-Martin-vs-Tennessee State-m,2025-12-18,Tennessee State,home,NR,78,W
52,2025-12-18-Southeast Missouri State-vs-Tennessee Tech-m,2025-12-18,Southeast Missouri State,away,NR,74,L
53,2025-12-18-Southeast Missouri State-vs-Tennessee Tech-m,2025-12-18,Tennessee Tech,home,NR,85,W
54,2025-12-18-Oral Roberts-vs-TCU-m,2025-12-18,Oral Roberts,away,NR,53,L
55,2025-12-18-Oral Roberts-vs-TCU-m,2025-12-18,TCU,home,NR,72,W
56,2025-12-18-Nobel University-vs-Cal State Bakersfield-m,2025-12-18,Nobel University,away,NR,66,L
57,2025-12-18-Nobel University-vs-Cal State Bakersfield-m,2025-12-18,Cal State Bakersfield,home,NR,97,W
58,2025-12-18-Montana Western-vs-Idaho State-m,2025-12-18,Montana Western,away,NR,64,L
59,2025-12-18-Montana Western-vs-Idaho State-m,2025-12-18,Idaho State,home,NR,80,W
60,2025-12-18-Illinois State-vs-Southern Illinois-m,2025-12-18,Illinois State,away,NR,75,W
61,2025-12-18-Illinois State-vs-Southern Illinois-m,2025-12-18,Southern Illinois,home,NR,68,L
62,2025-12-18-Pepperdine-vs-Long Beach State-m,2025-12-18,Pepperdine,away,NR,78,L
63,2025-12-18-Pepperdine-vs-Long Beach State-m,2025-12-18,Long Beach State,home,NR,81,W
64,2025-12-19-Abilene Christian-vs-BYU-m,2025-12-19,Abilene Christian,away,NR,67,L
65,2025-12-19-Abilene Christian-vs-BYU-m,2025-12-19,BYU,home, 10 ,85,W
66,2025-12-19-Mount St. Mary's-vs-Drexel-m,2025-12-19,Mount St. Mary's,away,NR,67,L
67,2025-12-19-Mount St. Mary's-vs-Drexel-m,2025-12-19,Drexel,home,NR,75,W
68,2025-12-19-Mississippi Valley State-vs-Florida State-m,2025-12-19,Mississippi Valley State,away,NR,49,L
69,2025-12-19-Mississippi Valley State-vs-Florida State-m,2025-12-19,Florida State,home,NR,96,W
70,2025-12-19-Seton Hall-vs-Providence-m,2025-12-19,Seton Hall,away,NR,72,W
71,2025-12-19-Seton Hall-vs-Providence-m,2025-12-19,Providence,home,NR,67,L
72,2025-12-19-Notre Dame (MD)-vs-Towson-m,2025-12-19,Notre Dame (MD),away,NR,60,L
73,2025-12-19-Notre Dame (MD)-vs-Towson-m,2025-12-19,Towson,home,NR,107,W
74,2025-12-19-Alcorn State-vs-Baylor-m,2025-12-19,Alcorn State,away,NR,56,L
75,2025-12-19-Alcorn State-vs-Baylor-m,2025-12-19,Baylor,home,NR,113,W
76,2025-12-19-Villanova-vs-Wisconsin-m,2025-12-19,Villanova,away,NR,76,W
77,2025-12-19-Villanova-vs-Wisconsin-m,2025-12-19,Wisconsin,home,NR,66,L
78,2025-12-19-Morgan State-vs-California-m,2025-12-19,Morgan State,away,NR,50,L
79,2025-12-19-Morgan State-vs-California-m,2025-12-19,California,home,NR,97,W
80,2025-12-19-Washington-vs-Seattle-m,2025-12-19,Washington,away,NR,66,L
81,2025-12-19-Washington-vs-Seattle-m,2025-12-19,Seattle,home,NR,70,W
82,2025-12-19-Cal Poly-vs-UCLA-m,2025-12-19,Cal Poly,away,NR,87,L
83,2025-12-19-Cal Poly-vs-UCLA-m,2025-12-19,UCLA,home,NR,108,W
84,2025-12-19-Dartmouth-vs-Sacred Heart-m,2025-12-19,Dartmouth,away,NR,63,L
85,2025-12-19-Dartmouth-vs-Sacred Heart-m,2025-12-19,Sacred Heart,home,NR,85,W
86,2025-12-19-Brewton-Parker-vs-South Carolina State-m,2025-12-19,Brewton-Parker,away,NR,54,L
87,2025-12-19-Brewton-Parker-vs-South Carolina State-m,2025-12-19,South Carolina State,home,NR,68,W
88,2025-12-19-Reinhardt-vs-Samford-m,2025-12-19,Reinhardt,away,NR,49,L
89,2025-12-19-Reinhardt-vs-Samford-m,2025-12-19,Samford,home,NR,85,W
90,2025-12-19-Lehman-vs-FDU-m,2025-12-19,Lehman,away,NR,42,L
91,2025-12-19-Lehman-vs-FDU-m,2025-12-19,FDU,home,NR,76,W
92,2025-12-19-Grambling-vs-Hampton-m,2025-12-19,Grambling,away,NR,81,W
93,2025-12-19-Grambling-vs-Hampton-m,2025-12-19,Hampton,home,NR,72,L
94,2025-12-19-South Dakota State-vs-Milwaukee-m,2025-12-19,South Dakota State,away,NR,87,L
95,2025-12-19-South Dakota State-vs-Milwaukee-m,2025-12-19,Milwaukee,home,NR,88,W
96,2025-12-19-Coppin State-vs-Navy-m,2025-12-19,Coppin State,away,NR,55,L
97,2025-12-19-Coppin State-vs-Navy-m,2025-12-19,Navy,home,NR,88,W
98,2025-12-19-La Sierra-vs-Cal State Northridge-m,2025-12-19,La Sierra,away,NR,53,L
99,2025-12-19-La Sierra-vs-Cal State Northridge-m,2025-12-19,Cal State Northridge,home,NR,88,W
100,2025-12-19-Eastern Michigan-vs-Akron-m,2025-12-19,Eastern Michigan,away,NR,72,L
101,2025-12-19-Eastern Michigan-vs-Akron-m,2025-12-19,Akron,home,NR,93,W
102,2025-12-19-La Salle-vs-High Point-m,2025-12-19,La Salle,away,NR,72,L
103,2025-12-19-La Salle-vs-High Point-m,2025-12-19,High Point,home,NR,84,W
104,2025-12-19-Norfolk State-vs-Jackson State-m,2025-12-19,Norfolk State,away,NR,82,W
105,2025-12-19-Norfolk State-vs-Jackson State-m,2025-12-19,Jackson State,home,NR,72,L
106,2025-12-19-Tulsa-vs-Western Kentucky-m,2025-12-19,Tulsa,away,NR,82,W
107,2025-12-19-Tulsa-vs-Western Kentucky-m,2025-12-19,Western Kentucky,home,NR,81,L
108,2025-12-19-Southeastern Louisiana-vs-LSU-m,2025-12-19,Southeastern Louisiana,away,NR,65,L
109,2025-12-19-Southeastern Louisiana-vs-LSU-m,2025-12-19,LSU,home,NR,78,W
110,2025-12-19-North Alabama-vs-Loyola Marymount-m,2025-12-19,North Alabama,away,NR,57,L
111,2025-12-19-North Alabama-vs-Loyola Marymount-m,2025-12-19,Loyola Marymount,home,NR,91,W
112,2025-12-19-Florida A&M-vs-Tarleton State-m,2025-12-19,Florida A&M,away,NR,54,L
113,2025-12-19-Florida A&M-vs-Tarleton State-m,2025-12-19,Tarleton State,home,NR,78,W
114,2025-12-19-Belmont-vs-UC-Irvine-m,2025-12-19,Belmont,away,NR,84,W
115,2025-12-19-Belmont-vs-UC-Irvine-m,2025-12-19,UC-Irvine,home,NR,58,L
116,2025-12-19-San Diego-vs-UC-San Diego-m,2025-12-19,San Diego,away,NR,82,W
117,2025-12-19-San Diego-vs-UC-San Diego-m,2025-12-19,UC-San Diego,home,NR,80,L
118,2025-12-19-Florida Atlantic-vs-Saint Mary's-m,2025-12-19,Florida Atlantic,away,NR,75,L
119,2025-12-19-Florida Atlantic-vs-Saint Mary's-m,2025-12-19,Saint Mary's,home,NR,88,W
120,2025-12-20-San Diego State-vs-Arizona-m,2025-12-20,San Diego State,away,NR,45,L
121,2025-12-20-San Diego State-vs-Arizona-m,2025-12-20,Arizona,home, 1 ,68,W
122,2025-12-20-Texas Tech-vs-Duke-m,2025-12-20,Texas Tech,away, 19 ,82,W
123,2025-12-20-Texas Tech-vs-Duke-m,2025-12-20,Duke,home, 3 ,81,L
124,2025-12-20-Auburn-vs-Purdue-m,2025-12-20,Auburn,away, 21 ,60,L
125,2025-12-20-Auburn-vs-Purdue-m,2025-12-20,Purdue,home, 6 ,88,W
126,2025-12-20-Houston-vs-Arkansas-m,2025-12-20,Houston,away, 8 ,94,W
127,2025-12-20-Houston-vs-Arkansas-m,2025-12-20,Arkansas,home, 14 ,85,L
128,2025-12-20-Oakland-vs-Michigan State-m,2025-12-20,Oakland,away,NR,70,L
129,2025-12-20-Oakland-vs-Michigan State-m,2025-12-20,Michigan State,home, 9 ,79,W
130,2025-12-20-Montana-vs-Louisville-m,2025-12-20,Montana,away,NR,54,L
131,2025-12-20-Montana-vs-Louisville-m,2025-12-20,Louisville,home, 11 ,94,W
132,2025-12-20-UNC-vs-Ohio State-m,2025-12-20,UNC,away, 12 ,71,W
133,2025-12-20-UNC-vs-Ohio State-m,2025-12-20,Ohio State,home,NR,70,L
134,2025-12-20-St. John's (NY)-vs-Kentucky-m,2025-12-20,St. John's (NY),away, 22 ,66,L
135,2025-12-20-St. John's (NY)-vs-Kentucky-m,2025-12-20,Kentucky,home,NR,78,W
136,2025-12-20-Maryland-vs-Virginia-m,2025-12-20,Maryland,away,NR,72,L
137,2025-12-20-Maryland-vs-Virginia-m,2025-12-20,Virginia,home, 23 ,80,W
138,2025-12-20-Florida Gulf Coast-vs-UCF-m,2025-12-20,Florida Gulf Coast,away,NR,80,L
139,2025-12-20-Florida Gulf Coast-vs-UCF-m,2025-12-20,UCF,home,NR,102,W
140,2025-12-20-Liberty-vs-Dayton-m,2025-12-20,Liberty,away,NR,64,W
141,2025-12-20-Liberty-vs-Dayton-m,2025-12-20,Dayton,home,NR,61,L
142,2025-12-20-Jacksonville State-vs-ETSU-m,2025-12-20,Jacksonville State,away,NR,81,W
143,2025-12-20-Jacksonville State-vs-ETSU-m,2025-12-20,ETSU,home,NR,75,L
144,2025-12-20-LIU-vs-Florida International-m,2025-12-20,LIU,away,NR,79,L
145,2025-12-20-LIU-vs-Florida International-m,2025-12-20,Florida International,home,NR,86,W
146,2025-12-20-Lafayette-vs-Georgia Tech-m,2025-12-20,Lafayette,away,NR,81,L
147,2025-12-20-Lafayette-vs-Georgia Tech-m,2025-12-20,Georgia Tech,home,NR,95,W
148,2025-12-20-Chicago State-vs-Indiana-m,2025-12-20,Chicago State,away,NR,58,L
149,2025-12-20-Chicago State-vs-Indiana-m,2025-12-20,Indiana,home,NR,78,W
150,2025-12-20-Kent State-vs-UMass-m,2025-12-20,Kent State,away,NR,69,W
151,2025-12-20-Kent State-vs-UMass-m,2025-12-20,UMass,home,NR,59,L
152,2025-12-20-Bowling Green-vs-Ohio-m,2025-12-20,Bowling Green,away,NR,68,W
153,2025-12-20-Bowling Green-vs-Ohio-m,2025-12-20,Ohio,home,NR,58,L
154,2025-12-20-The Citadel-vs-Richmond-m,2025-12-20,The Citadel,away,NR,56,L
155,2025-12-20-The Citadel-vs-Richmond-m,2025-12-20,Richmond,home,NR,80,W
156,2025-12-20-Penn-vs-Rutgers-m,2025-12-20,Penn,away,NR,69,L
157,2025-12-20-Penn-vs-Rutgers-m,2025-12-20,Rutgers,home,NR,70,W
158,2025-12-20-Northeastern-vs-Syracuse-m,2025-12-20,Northeastern,away,NR,83,L
159,2025-12-20-Northeastern-vs-Syracuse-m,2025-12-20,Syracuse,home,NR,91,W
160,2025-12-20-Iona-vs-Vermont-m,2025-12-20,Iona,away,NR,83,W
161,2025-12-20-Iona-vs-Vermont-m,2025-12-20,Vermont,home,NR,78,L
162,2025-12-20-Elon-vs-Virginia Tech-m,2025-12-20,Elon,away,NR,81,L
163,2025-12-20-Elon-vs-Virginia Tech-m,2025-12-20,Virginia Tech,home,NR,82,W
164,2025-12-20-Central Michigan-vs-Northern Illinois-m,2025-12-20,Central Michigan,away,NR,73,L
165,2025-12-20-Central Michigan-vs-Northern Illinois-m,2025-12-20,Northern Illinois,home,NR,74,W
166,2025-12-20-Arkansas State-vs-Southern Miss-m,2025-12-20,Arkansas State,away,NR,93,W
167,2025-12-20-Arkansas State-vs-Southern Miss-m,2025-12-20,Southern Miss,home,NR,86,L
168,2025-12-20-UT-Martin-vs-Tennessee Tech-m,2025-12-20,UT-Martin,away,NR,86,W
169,2025-12-20-UT-Martin-vs-Tennessee Tech-m,2025-12-20,Tennessee Tech,home,NR,62,L
170,2025-12-20-Marshall-vs-Troy-m,2025-12-20,Marshall,away,NR,63,L
171,2025-12-20-Marshall-vs-Troy-m,2025-12-20,Troy,home,NR,70,W
172,2025-12-20-Stanford-vs-Colorado-m,2025-12-20,Stanford,away,NR,77,W
173,2025-12-20-Stanford-vs-Colorado-m,2025-12-20,Colorado,home,NR,68,L
174,2025-12-20-Blue Mountain Christian University-vs-Lipscomb-m,2025-12-20,Blue Mountain Christian University,away,NR,60,L
175,2025-12-20-Blue Mountain Christian University-vs-Lipscomb-m,2025-12-20,Lipscomb,home,NR,123,W
176,2025-12-20-San Jose State-vs-New Mexico-m,2025-12-20,San Jose State,away,NR,65,L
177,2025-12-20-San Jose State-vs-New Mexico-m,2025-12-20,New Mexico,home,NR,88,W
178,2025-12-20-Eastern Washington-vs-Utah-m,2025-12-20,Eastern Washington,away,NR,77,L
179,2025-12-20-Eastern Washington-vs-Utah-m,2025-12-20,Utah,home,NR,101,W
180,2025-12-20-Colorado State-vs-Utah State-m,2025-12-20,Colorado State,away,NR,58,L
181,2025-12-20-Colorado State-vs-Utah State-m,2025-12-20,Utah State,home,NR,100,W
182,2025-12-20-Grand Canyon-vs-Wyoming-m,2025-12-20,Grand Canyon,away,NR,82,W
183,2025-12-20-Grand Canyon-vs-Wyoming-m,2025-12-20,Wyoming,home,NR,70,L
184,2025-12-20-Boise State-vs-Nevada-m,2025-12-20,Boise State,away,NR,66,L
185,2025-12-20-Boise State-vs-Nevada-m,2025-12-20,Nevada,home,NR,81,W
186,2025-12-20-Fresno State-vs-UNLV-m,2025-12-20,Fresno State,away,NR,72,L
187,2025-12-20-Fresno State-vs-UNLV-m,2025-12-20,UNLV,home,NR,84,W
188,2025-12-20-South Dakota-vs-Kansas State-m,2025-12-20,South Dakota,away,NR,76,L
189,2025-12-20-South Dakota-vs-Kansas State-m,2025-12-20,Kansas State,home,NR,106,W
190,2025-12-20-Mid-Atlantic Christian-vs-North Carolina A&T-m,2025-12-20,Mid-Atlantic Christian,away,NR,55,L
191,2025-12-20-Mid-Atlantic Christian-vs-North Carolina A&T-m,2025-12-20,North Carolina A&T,home,NR,95,W
192,2025-12-20-Lourdes-vs-Toledo-m,2025-12-20,Lourdes,away,NR,67,L
193,2025-12-20-Lourdes-vs-Toledo-m,2025-12-20,Toledo,home,NR,100,W
194,2025-12-20-Georgia State-vs-Appalachian State-m,2025-12-20,Georgia State,away,NR,70,W
195,2025-12-20-Georgia State-vs-Appalachian State-m,2025-12-20,Appalachian State,home,NR,63,L
196,2025-12-20-Siena Heights-vs-Detroit Mercy-m,2025-12-20,Siena Heights,away,NR,60,L
197,2025-12-20-Siena Heights-vs-Detroit Mercy-m,2025-12-20,Detroit Mercy,home,NR,91,W
198,2025-12-20-Houghton-vs-Niagara-m,2025-12-20,Houghton,away,NR,58,L
199,2025-12-20-Houghton-vs-Niagara-m,2025-12-20,Niagara,home,NR,81,W
200,2025-12-20-Robert Morris-vs-Saint Francis (PA)-m,2025-12-20,Robert Morris,away,NR,79,W
201,2025-12-20-Robert Morris-vs-Saint Francis (PA)-m,2025-12-20,Saint Francis (PA),home,NR,70,L
202,2025-12-20-Buffalo-vs-Western Michigan-m,2025-12-20,Buffalo,away,NR,88,W
203,2025-12-20-Buffalo-vs-Western Michigan-m,2025-12-20,Western Michigan,home,NR,71,L
204,2025-12-20-USC Upstate-vs-Youngstown State-m,2025-12-20,USC Upstate,away,NR,65,L
205,2025-12-20-USC Upstate-vs-Youngstown State-m,2025-12-20,Youngstown State,home,NR,74,W
206,2025-12-20-Miami (OH)-vs-Ball State-m,2025-12-20,Miami (OH),away,NR,86,W
207,2025-12-20-Miami (OH)-vs-Ball State-m,2025-12-20,Ball State,home,NR,77,L
208,2025-12-20-Holy Cross-vs-Harvard-m,2025-12-20,Holy Cross,away,NR,53,L
209,2025-12-20-Holy Cross-vs-Harvard-m,2025-12-20,Harvard,home,NR,81,W
210,2025-12-20-Harris-Stowe-vs-Lindenwood-m,2025-12-20,Harris-Stowe,away,NR,52,L
211,2025-12-20-Harris-Stowe-vs-Lindenwood-m,2025-12-20,Lindenwood,home,NR,109,W
212,2025-12-20-Binghamton-vs-Mercyhurst-m,2025-12-20,Binghamton,away,NR,61,L
213,2025-12-20-Binghamton-vs-Mercyhurst-m,2025-12-20,Mercyhurst,home,NR,82,W
214,2025-12-20-Memphis-vs-Mississippi State-m,2025-12-20,Memphis,away,NR,66,L
215,2025-12-20-Memphis-vs-Mississippi State-m,2025-12-20,Mississippi State,home,NR,71,W
216,2025-12-20-Longwood-vs-North Carolina Central-m,2025-12-20,Longwood,away,NR,74,W
217,2025-12-20-Longwood-vs-North Carolina Central-m,2025-12-20,North Carolina Central,home,NR,72,L
218,2025-12-20-Howard-vs-UNC Wilmington-m,2025-12-20,Howard,away,NR,67,W
219,2025-12-20-Howard-vs-UNC Wilmington-m,2025-12-20,UNC Wilmington,home,NR,66,L
220,2025-12-20-Southern University at New Orleans-vs-Northwestern State-m,2025-12-20,Southern University at New Orleans,away,NR,55,L
221,2025-12-20-Southern University at New Orleans-vs-Northwestern State-m,2025-12-20,Northwestern State,home,NR,108,W
222,2025-12-20-Coastal Carolina-vs-Old Dominion-m,2025-12-20,Coastal Carolina,away,NR,76,W
223,2025-12-20-Coastal Carolina-vs-Old Dominion-m,2025-12-20,Old Dominion,home,NR,74,L
224,2025-12-20-Paul Quinn-vs-Prairie View-m,2025-12-20,Paul Quinn,away,NR,64,L
225,2025-12-20-Paul Quinn-vs-Prairie View-m,2025-12-20,Prairie View,home,NR,100,W
226,2025-12-20-Le Moyne-vs-St. Bonaventure-m,2025-12-20,Le Moyne,away,NR,81,L
227,2025-12-20-Le Moyne-vs-St. Bonaventure-m,2025-12-20,St. Bonaventure,home,NR,92,W
228,2025-12-20-Louisiana-vs-Louisiana-Monroe-m,2025-12-20,Louisiana,away,NR,76,W
229,2025-12-20-Louisiana-vs-Louisiana-Monroe-m,2025-12-20,Louisiana-Monroe,home,NR,62,L
230,2025-12-20-Denver-vs-Northern Colorado-m,2025-12-20,Denver,away,NR,86,W
231,2025-12-20-Denver-vs-Northern Colorado-m,2025-12-20,Northern Colorado,home,NR,79,L
232,2025-12-20-College of Biblical Studies-vs-Texas-Rio Grande Valley-m,2025-12-20,College of Biblical Studies,away,NR,51,L
233,2025-12-20-College of Biblical Studies-vs-Texas-Rio Grande Valley-m,2025-12-20,Texas-Rio Grande Valley,home,NR,109,W
234,2025-12-20-South Alabama-vs-Texas State-m,2025-12-20,South Alabama,away,NR,65,L
235,2025-12-20-South Alabama-vs-Texas State-m,2025-12-20,Texas State,home,NR,67,W
236,2025-12-20-Northwestern-vs-Butler-m,2025-12-20,Northwestern,away,NR,58,L
237,2025-12-20-Northwestern-vs-Butler-m,2025-12-20,Butler,home,NR,61,W
238,2025-12-20-Morehead State-vs-Southern Indiana-m,2025-12-20,Morehead State,away,NR,64,W
239,2025-12-20-Morehead State-vs-Southern Indiana-m,2025-12-20,Southern Indiana,home,NR,60,L
240,2025-12-20-Southeast Missouri State-vs-Tennessee State-m,2025-12-20,Southeast Missouri State,away,NR,91,W
241,2025-12-20-Southeast Missouri State-vs-Tennessee State-m,2025-12-20,Tennessee State,home,NR,82,L
242,2025-12-20-Bethesda University (CA)-vs-Utah Valley-m,2025-12-20,Bethesda University (CA),away,NR,48,L
243,2025-12-20-Bethesda University (CA)-vs-Utah Valley-m,2025-12-20,Utah Valley,home,NR,109,W
244,2025-12-20-James Madison-vs-Georgia Southern-m,2025-12-20,James Madison,away,NR,92,L
245,2025-12-20-James Madison-vs-Georgia Southern-m,2025-12-20,Georgia Southern,home,NR,96,W
246,2025-12-20-Loyola (IL)-vs-Santa Clara-m,2025-12-20,Loyola (IL),away,NR,80,W
247,2025-12-20-Loyola (IL)-vs-Santa Clara-m,2025-12-20,Santa Clara,home,NR,78,L
248,2025-12-20-Mercer-vs-Washington State-m,2025-12-20,Mercer,away,NR,78,L
249,2025-12-20-Mercer-vs-Washington State-m,2025-12-20,Washington State,home,NR,84,W
250,2025-12-20-Bucknell-vs-Iowa-m,2025-12-20,Bucknell,away,NR,39,L
251,2025-12-20-Bucknell-vs-Iowa-m,2025-12-20,Iowa,home,NR,94,W
252,2025-12-20-Omaha-vs-Lamar-m,2025-12-20,Omaha,away,NR,85,W
253,2025-12-20-Omaha-vs-Lamar-m,2025-12-20,Lamar,home,NR,82,L
254,2025-12-20-Portland State-vs-Tulane-m,2025-12-20,Portland State,away,NR,61,L
255,2025-12-20-Portland State-vs-Tulane-m,2025-12-20,Tulane,home,NR,63,W
256,2025-12-20-Sacramento State-vs-California Baptist-m,2025-12-20,Sacramento State,away,NR,67,L
257,2025-12-20-Sacramento State-vs-California Baptist-m,2025-12-20,California Baptist,home,NR,74,W
258,2025-12-20-Marquette-vs-Creighton-m,2025-12-20,Marquette,away,NR,63,L
259,2025-12-20-Marquette-vs-Creighton-m,2025-12-20,Creighton,home,NR,84,W
260,2025-12-20-Xavier-vs-Georgetown-m,2025-12-20,Xavier,away,NR,80,W
261,2025-12-20-Xavier-vs-Georgetown-m,2025-12-20,Georgetown,home,NR,77,L
262,2025-12-20-UC-Riverside-vs-St. Thomas-m,2025-12-20,UC-Riverside,away,NR,78,L
263,2025-12-20-UC-Riverside-vs-St. Thomas-m,2025-12-20,St. Thomas,home,NR,92,W
264,2025-12-20-Southwestern Adventist-vs-Texas A&M-Corpus Christi-m,2025-12-20,Southwestern Adventist,away,NR,36,L
265,2025-12-20-Southwestern Adventist-vs-Texas A&M-Corpus Christi-m,2025-12-20,Texas A&M-Corpus Christi,home,NR,93,W
266,2025-12-20-Rice-vs-Pepperdine-m,2025-12-20,Rice,away,NR,62,L
267,2025-12-20-Rice-vs-Pepperdine-m,2025-12-20,Pepperdine,home,NR,84,W
268,2025-12-20-Utah Tech-vs-Weber State-m,2025-12-20,Utah Tech,away,NR,82,W
269,2025-12-20-Utah Tech-vs-Weber State-m,2025-12-20,Weber State,home,NR,80,L
270,2025-12-21-La Salle-vs-Michigan-m,2025-12-21,La Salle,away,NR,50,L
271,2025-12-21-La Salle-vs-Michigan-m,2025-12-21,Michigan,home, 2 ,102,W
272,2025-12-21-Long Beach State-vs-Iowa State-m,2025-12-21,Long Beach State,away,NR,60,L
273,2025-12-21-Long Beach State-vs-Iowa State-m,2025-12-21,Iowa State,home, 4 ,91,W
274,2025-12-21-UConn-vs-DePaul-m,2025-12-21,UConn,away, 5 ,72,W
275,2025-12-21-UConn-vs-DePaul-m,2025-12-21,DePaul,home,NR,54,L
276,2025-12-21-Gonzaga-vs-Oregon-m,2025-12-21,Gonzaga,away, 7 ,91,W
277,2025-12-21-Gonzaga-vs-Oregon-m,2025-12-21,Oregon,home,NR,82,L
278,2025-12-21-Vanderbilt-vs-Wake Forest-m,2025-12-21,Vanderbilt,away, 13 ,98,W
279,2025-12-21-Vanderbilt-vs-Wake Forest-m,2025-12-21,Wake Forest,home,NR,67,L
280,2025-12-21-North Dakota-vs-Nebraska-m,2025-12-21,North Dakota,away,NR,55,L
281,2025-12-21-North Dakota-vs-Nebraska-m,2025-12-21,Nebraska,home, 15 ,78,W
282,2025-12-21-Kennesaw State-vs-Alabama-m,2025-12-21,Kennesaw State,away,NR,81,L
283,2025-12-21-Kennesaw State-vs-Alabama-m,2025-12-21,Alabama,home, 16 ,92,W
284,2025-12-21-Gardner-Webb-vs-Tennessee-m,2025-12-21,Gardner-Webb,away,NR,52,L
285,2025-12-21-Gardner-Webb-vs-Tennessee-m,2025-12-21,Tennessee,home, 20 ,94,W
286,2025-12-21-Colgate-vs-Florida-m,2025-12-21,Colgate,away,NR,60,L
287,2025-12-21-Colgate-vs-Florida-m,2025-12-21,Florida,home, 23 ,90,W
288,2025-12-21-UMass-Lowell-vs-Boston University-m,2025-12-21,UMass-Lowell,away,NR,76,L
289,2025-12-21-UMass-Lowell-vs-Boston University-m,2025-12-21,Boston University,home,NR,88,W
290,2025-12-21-UIC-vs-Charlotte-m,2025-12-21,UIC,away,NR,76,L
291,2025-12-21-UIC-vs-Charlotte-m,2025-12-21,Charlotte,home,NR,88,W
292,2025-12-21-Cincinnati-vs-Clemson-m,2025-12-21,Cincinnati,away,NR,65,L
293,2025-12-21-Cincinnati-vs-Clemson-m,2025-12-21,Clemson,home,NR,68,W
294,2025-12-21-Charleston Southern-vs-Furman-m,2025-12-21,Charleston Southern,away,NR,76,L
295,2025-12-21-Charleston Southern-vs-Furman-m,2025-12-21,Furman,home,NR,84,W
296,2025-12-21-Virginia University of Lynchburg-vs-UNC Greensboro-m,2025-12-21,Virginia University of Lynchburg,away,NR,53,L
297,2025-12-21-Virginia University of Lynchburg-vs-UNC Greensboro-m,2025-12-21,UNC Greensboro,home,NR,131,W
298,2025-12-21-College of Charleston-vs-Northern Kentucky-m,2025-12-21,College of Charleston,away,NR,85,W
299,2025-12-21-College of Charleston-vs-Northern Kentucky-m,2025-12-21,Northern Kentucky,home,NR,74,L
300,2025-12-21-Pitt-vs-Penn State-m,2025-12-21,Pitt,away,NR,80,W
301,2025-12-21-Pitt-vs-Penn State-m,2025-12-21,Penn State,home,NR,46,L
302,2025-12-21-UNC Asheville-vs-UAB-m,2025-12-21,UNC Asheville,away,NR,47,L
303,2025-12-21-UNC Asheville-vs-UAB-m,2025-12-21,UAB,home,NR,72,W
304,2025-12-21-Southern-vs-Baylor-m,2025-12-21,Southern,away,NR,67,L
305,2025-12-21-Southern-vs-Baylor-m,2025-12-21,Baylor,home,NR,111,W
306,2025-12-21-Southern Illinois-vs-Bradley-m,2025-12-21,Southern Illinois,away,NR,69,L
307,2025-12-21-Southern Illinois-vs-Bradley-m,2025-12-21,Bradley,home,NR,73,W
308,2025-12-21-Drake-vs-Evansville-m,2025-12-21,Drake,away,NR,66,W
309,2025-12-21-Drake-vs-Evansville-m,2025-12-21,Evansville,home,NR,65,L
310,2025-12-21-Indiana State-vs-Illinois State-m,2025-12-21,Indiana State,away,NR,65,L
311,2025-12-21-Indiana State-vs-Illinois State-m,2025-12-21,Illinois State,home,NR,85,W
312,2025-12-21-Cumberland University-vs-Middle Tennessee-m,2025-12-21,Cumberland University,away,NR,58,L
313,2025-12-21-Cumberland University-vs-Middle Tennessee-m,2025-12-21,Middle Tennessee,home,NR,74,W
314,2025-12-21-Sam Houston-vs-New Mexico State-m,2025-12-21,Sam Houston,away,NR,78,L
315,2025-12-21-Sam Houston-vs-New Mexico State-m,2025-12-21,New Mexico State,home,NR,87,W
316,2025-12-21-Idaho-vs-Cal Poly-m,2025-12-21,Idaho,away,NR,83,W
317,2025-12-21-Idaho-vs-Cal Poly-m,2025-12-21,Cal Poly,home,NR,80,L
318,2025-12-21-Columbia-vs-California-m,2025-12-21,Columbia,away,NR,56,L
319,2025-12-21-Columbia-vs-California-m,2025-12-21,California,home,NR,74,W
320,2025-12-21-Morgan State-vs-San Francisco-m,2025-12-21,Morgan State,away,NR,64,L
321,2025-12-21-Morgan State-vs-San Francisco-m,2025-12-21,San Francisco,home,NR,94,W
322,2025-12-21-UC-Santa Cruz-vs-USC-m,2025-12-21,UC-Santa Cruz,away,NR,63,L
323,2025-12-21-UC-Santa Cruz-vs-USC-m,2025-12-21,USC,home,NR,102,W
324,2025-12-21-Penn State Brandywine-vs-Mount St. Mary's-m,2025-12-21,Penn State Brandywine,away,NR,42,L
325,2025-12-21-Penn State Brandywine-vs-Mount St. Mary's-m,2025-12-21,Mount St. Mary's,home,NR,73,W
326,2025-12-21-Rosemont-vs-Navy-m,2025-12-21,Rosemont,away,NR,23,L
327,2025-12-21-Rosemont-vs-Navy-m,2025-12-21,Navy,home,NR,70,W
328,2025-12-21-Purdue Fort Wayne-vs-Notre Dame-m,2025-12-21,Purdue Fort Wayne,away,NR,72,W
329,2025-12-21-Purdue Fort Wayne-vs-Notre Dame-m,2025-12-21,Notre Dame,home,NR,69,L
330,2025-12-21-Clinton College-vs-Winthrop-m,2025-12-21,Clinton College,away,NR,41,L
331,2025-12-21-Clinton College-vs-Winthrop-m,2025-12-21,Winthrop,home,NR,107,W
332,2025-12-21-Quinnipiac-vs-Hofstra-m,2025-12-21,Quinnipiac,away,NR,66,L
333,2025-12-21-Quinnipiac-vs-Hofstra-m,2025-12-21,Hofstra,home,NR,74,W
334,2025-12-21-Stony Brook-vs-Marist-m,2025-12-21,Stony Brook,away,NR,51,L
335,2025-12-21-Stony Brook-vs-Marist-m,2025-12-21,Marist,home,NR,70,W
336,2025-12-21-Lehigh-vs-Monmouth-m,2025-12-21,Lehigh,away,NR,62,L
337,2025-12-21-Lehigh-vs-Monmouth-m,2025-12-21,Monmouth,home,NR,76,W
338,2025-12-21-Ole Miss-vs-NC State-m,2025-12-21,Ole Miss,away,NR,62,L
339,2025-12-21-Ole Miss-vs-NC State-m,2025-12-21,NC State,home,NR,76,W
340,2025-12-21-Cornell-vs-Albany (NY)-m,2025-12-21,Cornell,away,NR,83,W
341,2025-12-21-Cornell-vs-Albany (NY)-m,2025-12-21,Albany (NY),home,NR,75,L
342,2025-12-21-Holy Family-vs-Delaware State-m,2025-12-21,Holy Family,away,NR,61,L
343,2025-12-21-Holy Family-vs-Delaware State-m,2025-12-21,Delaware State,home,NR,73,W
344,2025-12-21-Maine-vs-Drexel-m,2025-12-21,Maine,away,NR,56,L
345,2025-12-21-Maine-vs-Drexel-m,2025-12-21,Drexel,home,NR,74,W
346,2025-12-21-Loyola (MD)-vs-George Mason-m,2025-12-21,Loyola (MD),away,NR,79,L
347,2025-12-21-Loyola (MD)-vs-George Mason-m,2025-12-21,George Mason,home,NR,86,W
348,2025-12-21-Presbyterian-vs-Manhattan-m,2025-12-21,Presbyterian,away,NR,81,L
349,2025-12-21-Presbyterian-vs-Manhattan-m,2025-12-21,Manhattan,home,NR,87,W
350,2025-12-21-Cal State Fullerton-vs-Oklahoma State-m,2025-12-21,Cal State Fullerton,away,NR,89,L
351,2025-12-21-Cal State Fullerton-vs-Oklahoma State-m,2025-12-21,Oklahoma State,home,NR,94,W
352,2025-12-21-VMI-vs-Radford-m,2025-12-21,VMI,away,NR,90,L
353,2025-12-21-VMI-vs-Radford-m,2025-12-21,Radford,home,NR,97,W
354,2025-12-21-Central Arkansas-vs-SMU-m,2025-12-21,Central Arkansas,away,NR,82,L
355,2025-12-21-Central Arkansas-vs-SMU-m,2025-12-21,SMU,home,NR,99,W
356,2025-12-21-Dallas-vs-Stephen F. Austin-m,2025-12-21,Dallas,away,NR,55,L
357,2025-12-21-Dallas-vs-Stephen F. Austin-m,2025-12-21,Stephen F. Austin,home,NR,103,W
358,2025-12-21-Murray State-vs-Valparaiso-m,2025-12-21,Murray State,away,NR,85,W
359,2025-12-21-Murray State-vs-Valparaiso-m,2025-12-21,Valparaiso,home,NR,79,L
360,2025-12-21-Oregon State-vs-Arizona State-m,2025-12-21,Oregon State,away,NR,78,W
361,2025-12-21-Oregon State-vs-Arizona State-m,2025-12-21,Arizona State,home,NR,75,L
362,2025-12-21-Northern Arizona-vs-Incarnate Word-m,2025-12-21,Northern Arizona,away,NR,66,L
363,2025-12-21-Northern Arizona-vs-Incarnate Word-m,2025-12-21,Incarnate Word,home,NR,90,W
364,2025-12-21-North Florida-vs-Miami (FL)-m,2025-12-21,North Florida,away,NR,67,L
365,2025-12-21-North Florida-vs-Miami (FL)-m,2025-12-21,Miami (FL),home,NR,105,W
366,2025-12-21-New Hampshire-vs-Saint Louis-m,2025-12-21,New Hampshire,away,NR,79,L
367,2025-12-21-New Hampshire-vs-Saint Louis-m,2025-12-21,Saint Louis,home,NR,93,W
368,2025-12-21-UMBC-vs-South Florida-m,2025-12-21,UMBC,away,NR,69,L
369,2025-12-21-UMBC-vs-South Florida-m,2025-12-21,South Florida,home,NR,94,W
370,2025-12-21-East Texas A&M-vs-Texas A&M-m,2025-12-21,East Texas A&M,away,NR,77,L
371,2025-12-21-East Texas A&M-vs-Texas A&M-m,2025-12-21,Texas A&M,home,NR,118,W
372,2025-12-21-Florida A&M-vs-TCU-m,2025-12-21,Florida A&M,away,NR,56,L
373,2025-12-21-Florida A&M-vs-TCU-m,2025-12-21,TCU,home,NR,80,W
374,2025-12-21-Milwaukee-vs-Cleveland State-m,2025-12-21,Milwaukee,away,NR,81,W
375,2025-12-21-Milwaukee-vs-Cleveland State-m,2025-12-21,Cleveland State,home,NR,71,L
376,2025-12-21-Eastern Kentucky-vs-Wichita State-m,2025-12-21,Eastern Kentucky,away,NR,57,L
377,2025-12-21-Eastern Kentucky-vs-Wichita State-m,2025-12-21,Wichita State,home,NR,88,W
378,2025-12-21-UC-Davis-vs-Idaho State-m,2025-12-21,UC-Davis,away,NR,93,W
379,2025-12-21-UC-Davis-vs-Idaho State-m,2025-12-21,Idaho State,home,NR,83,L
380,2025-12-21-Campbell-vs-Minnesota-m,2025-12-21,Campbell,away,NR,50,L
381,2025-12-21-Campbell-vs-Minnesota-m,2025-12-21,Minnesota,home,NR,78,W
382,2025-12-21-North Dakota State-vs-UC-Irvine-m,2025-12-21,North Dakota State,away,NR,73,L
383,2025-12-21-North Dakota State-vs-UC-Irvine-m,2025-12-21,UC-Irvine,home,NR,74,W
384,2025-12-21-Nicholls State-vs-Pacific-m,2025-12-21,Nicholls State,away,NR,82,L
385,2025-12-21-Nicholls State-vs-Pacific-m,2025-12-21,Pacific,home,NR,95,W
386,2025-12-21-Chattanooga-vs-Alabama A&M-m,2025-12-21,Chattanooga,away,NR,73,W
387,2025-12-21-Chattanooga-vs-Alabama A&M-m,2025-12-21,Alabama A&M,home,NR,66,L
388,2025-12-21-Norfolk State-vs-UTEP-m,2025-12-21,Norfolk State,away,NR,72,W
389,2025-12-21-Norfolk State-vs-UTEP-m,2025-12-21,UTEP,home,NR,71,L
